analysis_period,weekday,weekday_number,quarter_hour,direction,mean,median,p10,p25,p75,p90,sample_count,time_label
all,Monday,0,0,left,14.616083,6.999897,0.999924,3.999324,11.999722,21.998684,141,00:00
all,Monday,0,0,right,16.247186,11.999538,4.999148,7.999759,15.998634,23.998993,141,00:00
all,Monday,0,15,left,13.112564,6.999406,1.999835,4.999112,12.000035,20.996424,141,00:15
all,Monday,0,15,right,14.608834,10.998950,3.999606,6.999373,16.997863,23.997536,141,00:15
all,Monday,0,30,left,11.126331,5.999516,1.996755,2.999849,10.998059,17.996974,141,00:30
all,Monday,0,30,right,13.317513,9.999134,2.999478,4.999920,15.998512,23.996918,141,00:30
all,Monday,0,45,left,11.885275,6.998825,0.999950,2.999938,11.998875,19.999520,141,00:45
all,Monday,0,45,right,12.835554,9.998995,2.999589,4.999572,13.999206,22.998114,141,00:45
all,Monday,0,60,left,9.248410,4.998968,0.999833,1.999874,8.999261,18.098380,140,01:00
all,Monday,0,60,right,12.340932,8.998626,2.999498,4.999180,13.997598,21.998394,140,01:00
all,Monday,0,75,left,12.367285,4.999641,0.999835,2.999070,10.998156,22.998174,141,01:15
all,Monday,0,75,right,14.232239,8.998357,1.999619,3.999331,14.002994,27.995100,141,01:15
all,Monday,0,90,left,10.537576,5.999007,0.000000,1.999878,9.998580,16.997725,141,01:30
all,Monday,0,90,right,12.253660,8.998599,1.999907,4.999367,14.997421,19.996513,141,01:30
all,Monday,0,105,left,10.835545,3.999597,0.999824,1.999665,9.998301,21.996317,141,01:45
all,Monday,0,105,right,14.707513,9.998290,1.999672,5.998989,15.997179,28.000909,141,01:45
all,Monday,0,120,left,7.942104,2.999883,0.000000,1.999646,6.998814,12.998198,141,02:00
all,Monday,0,120,right,12.884740,8.999963,1.999672,4.999160,13.997563,19.997227,141,02:00
all,Monday,0,135,left,5.105735,3.999479,0.000000,0.999955,6.999545,11.998962,141,02:15
all,Monday,0,135,right,8.743704,7.998636,2.999635,4.999482,10.998415,14.999505,141,02:15
all,Monday,0,150,left,8.599052,4.999155,0.000000,1.999671,8.999289,14.997528,140,02:30
all,Monday,0,150,right,11.098759,8.000028,1.999667,5.998918,13.999663,19.997020,140,02:30
all,Monday,0,165,left,5.141246,2.999957,0.000000,0.999977,7.001018,11.998741,141,02:45
all,Monday,0,165,right,11.473817,8.999762,2.999478,5.998880,13.999473,21.997605,141,02:45
all,Monday,0,180,left,6.956587,3.999467,0.999827,1.999653,7.998969,10.998115,141,03:00
all,Monday,0,180,right,13.189836,9.999454,2.999478,6.998781,15.997982,24.996161,141,03:00
all,Monday,0,195,left,10.126419,3.999607,0.000000,0.999836,8.998546,13.998275,141,03:15
all,Monday,0,195,right,18.139479,12.997736,5.998949,8.998474,18.996970,31.997350,141,03:15
all,Monday,0,210,left,7.835926,5.999701,0.999831,2.999481,8.998489,11.999120,141,03:30
all,Monday,0,210,right,17.870193,15.997143,6.998750,10.998216,21.996807,29.996966,141,03:30
all,Monday,0,225,left,7.062687,4.999926,0.999825,1.999687,8.999052,11.999389,141,03:45
all,Monday,0,225,right,20.315960,16.999758,8.998391,12.998067,23.995728,32.997620,141,03:45
all,Monday,0,240,left,8.530671,5.998975,0.999819,1.999922,8.999327,13.997836,141,04:00
all,Monday,0,240,right,20.663773,20.996276,6.998776,13.998377,24.996136,29.995277,141,04:00
all,Monday,0,255,left,10.664978,4.999464,0.000000,1.999937,8.999435,15.997129,141,04:15
all,Monday,0,255,right,31.520079,28.995089,10.996406,20.996700,38.993107,48.991685,141,04:15
all,Monday,0,270,left,9.885057,6.998829,0.999829,2.999492,11.997985,15.999258,141,04:30
all,Monday,0,270,right,39.072415,38.995338,13.997623,27.998127,50.997169,59.989949,141,04:30
all,Monday,0,285,left,11.459998,7.998659,1.999652,3.999609,12.997780,17.996917,141,04:45
all,Monday,0,285,right,48.774422,48.991151,22.997227,33.999344,61.000297,73.987618,141,04:45
all,Monday,0,300,left,11.636781,7.998724,1.999800,4.999059,11.999451,21.000130,141,05:00
all,Monday,0,300,right,57.375715,58.990168,24.000168,40.992880,73.995054,87.999299,141,05:00
all,Monday,0,315,left,15.926783,8.998475,0.999826,4.998624,15.997296,24.995676,141,05:15
all,Monday,0,315,right,71.622345,74.992738,23.996223,52.991455,88.999459,100.046854,141,05:15
all,Monday,0,330,left,17.352430,9.998241,2.999473,5.999645,16.996849,28.995310,141,05:30
all,Monday,0,330,right,78.890705,81.986240,28.995154,61.989546,96.983985,108.997120,141,05:30
all,Monday,0,345,left,14.090321,10.999053,3.999285,5.999768,17.997294,24.999325,141,05:45
all,Monday,0,345,right,80.761554,85.984424,28.996736,68.987531,98.987250,109.980883,141,05:45
all,Monday,0,360,left,19.167484,12.997054,4.999144,7.998635,20.996463,29.994893,141,06:00
all,Monday,0,360,right,82.031088,83.986127,44.993784,62.992652,97.998574,117.979847,141,06:00
all,Monday,0,375,left,18.777690,16.997382,5.999087,9.998373,22.995978,29.994751,141,06:15
all,Monday,0,375,right,86.243898,83.989169,46.992322,65.988996,103.986567,129.985853,141,06:15
all,Monday,0,390,left,19.061330,16.997281,6.000948,10.998064,24.995899,36.020849,141,06:30
all,Monday,0,390,right,85.271234,80.991289,47.991801,61.992953,101.983373,134.976338,141,06:30
all,Monday,0,405,left,20.643071,16.998944,5.999895,9.998938,28.995086,38.993618,141,06:45
all,Monday,0,405,right,92.917529,91.984147,47.992048,65.991870,116.980872,143.977551,141,06:45
all,Monday,0,420,left,24.373095,22.995807,4.999785,11.998065,34.994039,45.992000,141,07:00
all,Monday,0,420,right,96.768145,92.987847,50.997299,68.991898,126.977396,152.973217,141,07:00
all,Monday,0,435,left,30.810229,25.497170,7.998254,15.747527,43.242474,61.092482,140,07:15
all,Monday,0,435,right,97.914846,99.493567,48.891842,70.994649,124.991664,141.975523,140,07:15
all,Monday,0,450,left,33.251613,28.995706,8.999211,18.996770,42.992535,62.989802,141,07:30
all,Monday,0,450,right,96.578123,97.965108,39.996887,65.989016,124.977842,145.979577,141,07:30
all,Monday,0,465,left,36.980509,35.997547,8.998493,18.744548,52.495564,70.993572,140,07:45
all,Monday,0,465,right,102.407369,102.500442,44.994514,81.986450,130.979592,146.288427,140,07:45
all,Monday,0,480,left,37.782448,32.000052,12.997912,18.998739,53.997829,66.076209,141,08:00
all,Monday,0,480,right,102.199093,99.983939,58.989957,79.001863,127.981103,147.976020,141,08:00
all,Monday,0,495,left,41.052196,39.997373,15.997479,25.998595,55.999880,68.987708,141,08:15
all,Monday,0,495,right,105.151598,104.994584,65.988723,77.987902,131.988766,151.000170,141,08:15
all,Monday,0,510,left,46.736462,43.983851,16.799914,26.996714,62.490403,82.985257,139,08:30
all,Monday,0,510,right,104.622204,107.994863,59.998059,80.491713,128.529327,146.988471,139,08:30
all,Monday,0,525,left,44.356414,41.995930,15.999689,25.999709,56.995344,76.993914,141,08:45
all,Monday,0,525,right,107.250831,106.998497,64.107053,80.992210,129.990650,148.988647,141,08:45
all,Monday,0,540,left,42.143157,36.996594,16.996971,24.995737,55.990869,72.987642,141,09:00
all,Monday,0,540,right,105.987099,104.990761,63.991043,79.989654,125.979169,144.976574,141,09:00
all,Monday,0,555,left,42.788893,39.992952,15.999564,24.997729,55.996254,73.998263,141,09:15
all,Monday,0,555,right,101.874768,100.988824,65.997026,81.993588,122.979198,136.975812,141,09:15
all,Monday,0,570,left,43.924876,41.997260,17.996881,28.994630,57.996088,70.987325,141,09:30
all,Monday,0,570,right,102.884222,102.993281,68.989972,82.999828,121.131236,141.986636,141,09:30
all,Monday,0,585,left,45.231332,40.997407,18.998755,29.997342,58.244533,71.987759,140,09:45
all,Monday,0,585,right,107.025547,104.994728,69.993613,86.744706,126.228937,142.297188,140,09:45
all,Monday,0,600,left,42.853601,39.997947,15.999841,25.995792,57.989512,67.994711,141,10:00
all,Monday,0,600,right,100.047031,104.998415,65.988035,78.985767,120.997051,133.978820,141,10:00
all,Monday,0,615,left,41.725268,42.992633,15.997291,26.995444,53.990814,70.988370,141,10:15
all,Monday,0,615,right,101.419611,97.996635,63.996737,79.992329,126.978572,142.974994,141,10:15
all,Monday,0,630,left,40.157539,37.495266,15.998181,24.001927,51.244170,65.983671,140,10:30
all,Monday,0,630,right,101.771507,101.497848,70.793620,82.745665,120.124198,136.082283,140,10:30
all,Monday,0,645,left,43.108362,41.998348,16.997444,28.995580,52.997920,71.998883,141,10:45
all,Monday,0,645,right,106.611799,106.987536,66.991716,81.995317,125.977939,149.992515,141,10:45
all,Monday,0,660,left,45.017391,44.000085,18.996760,28.997190,61.988729,69.987984,141,11:00
all,Monday,0,660,right,97.430198,94.991342,57.993928,73.990704,112.995184,138.993505,141,11:00
all,Monday,0,675,left,42.406815,40.994348,16.997079,28.995742,55.990063,68.000216,141,11:15
all,Monday,0,675,right,98.840570,91.984194,55.990646,74.985866,121.980085,143.998658,141,11:15
all,Monday,0,690,left,45.591240,43.997323,15.997271,30.999203,63.989236,74.987674,141,11:30
all,Monday,0,690,right,94.444421,93.984726,47.996290,71.986723,111.980978,141.975659,141,11:30
all,Monday,0,705,left,46.945906,44.996805,13.999674,28.994919,59.995989,85.993099,141,11:45
all,Monday,0,705,right,93.694556,88.989458,53.000054,69.008747,111.981338,146.975477,141,11:45
all,Monday,0,720,left,46.640897,42.995419,18.994379,28.999103,58.996713,75.996019,141,12:00
all,Monday,0,720,right,84.623357,80.992661,44.999359,61.989644,97.996807,122.981458,141,12:00
all,Monday,0,735,left,50.227647,45.997481,19.996687,30.997539,64.998560,83.987839,141,12:15
all,Monday,0,735,right,87.514280,82.994058,54.990921,67.995019,100.997031,119.990817,141,12:15
all,Monday,0,750,left,51.972073,47.997949,26.993876,34.994031,65.035496,85.991132,141,12:30
all,Monday,0,750,right,85.145309,83.985695,52.998132,69.998223,97.984260,117.993711,141,12:30
all,Monday,0,765,left,51.894252,47.987814,22.996956,33.998019,67.997248,87.983950,141,12:45
all,Monday,0,765,right,83.082143,80.985876,53.991402,65.990949,91.984101,104.983607,141,12:45
all,Monday,0,780,left,55.021805,52.991190,25.988938,33.994610,68.995226,92.983737,141,13:00
all,Monday,0,780,right,85.188607,81.993066,55.996444,66.997119,97.982862,118.948101,141,13:00
all,Monday,0,795,left,52.261691,47.996368,22.996289,34.999842,67.997637,84.989380,141,13:15
all,Monday,0,795,right,85.285775,80.986358,55.990517,68.989759,91.984918,107.978994,141,13:15
all,Monday,0,810,left,54.511337,50.991405,22.996464,33.999316,69.989146,92.991809,141,13:30
all,Monday,0,810,right,88.712503,84.998290,56.990270,67.994011,97.982917,118.978602,141,13:30
all,Monday,0,825,left,54.794831,55.991316,23.995881,33.996099,72.997143,86.985462,141,13:45
all,Monday,0,825,right,84.116980,82.006583,56.008471,70.993626,95.997379,107.981915,141,13:45
all,Monday,0,840,left,53.886510,51.999380,25.997832,34.998524,68.988728,88.985108,141,14:00
all,Monday,0,840,right,84.052932,78.998591,57.990062,68.994756,95.982781,115.995544,141,14:00
all,Monday,0,855,left,54.339759,51.990449,24.995660,36.997811,68.995426,87.987274,141,14:15
all,Monday,0,855,right,82.634400,78.986782,52.990758,66.997968,93.986178,113.997980,141,14:15
all,Monday,0,870,left,54.136675,51.998516,27.994834,37.993326,69.997865,84.985206,141,14:30
all,Monday,0,870,right,82.651320,79.986227,55.989939,67.999069,93.997780,106.985229,141,14:30
all,Monday,0,885,left,55.142821,50.996668,27.995148,36.996767,72.987900,91.982373,141,14:45
all,Monday,0,885,right,82.515616,77.997793,55.997019,67.994337,90.984719,108.986733,141,14:45
all,Monday,0,900,left,51.844620,49.998883,22.996331,34.994228,64.999812,85.987873,141,15:00
all,Monday,0,900,right,80.118913,74.987409,52.996553,64.989148,86.985605,109.994742,141,15:00
all,Monday,0,915,left,50.142534,45.998440,20.996874,33.995418,65.994135,84.997419,141,15:15
all,Monday,0,915,right,81.344451,77.998471,57.990749,67.999589,89.997896,101.990758,141,15:15
all,Monday,0,930,left,49.504827,47.999383,22.996922,31.994123,64.992651,80.985493,141,15:30
all,Monday,0,930,right,82.926845,81.990290,59.988931,71.987689,95.983844,108.999032,141,15:30
all,Monday,0,945,left,47.830297,46.494422,22.995267,30.998674,60.246039,77.988919,140,15:45
all,Monday,0,945,right,80.983386,79.985739,59.896281,68.988665,90.986709,107.183150,140,15:45
all,Monday,0,960,left,48.965938,45.999108,22.000083,34.999592,59.997204,75.986868,141,16:00
all,Monday,0,960,right,85.954272,81.997182,56.990191,66.999008,98.999509,123.978622,141,16:00
all,Monday,0,975,left,51.078642,48.991280,26.996549,35.998343,62.993685,76.988167,141,16:15
all,Monday,0,975,right,88.400575,87.985249,57.997033,70.987695,105.983622,120.991232,141,16:15
all,Monday,0,990,left,53.788487,51.993341,25.998772,36.995540,67.993155,82.994691,141,16:30
all,Monday,0,990,right,86.033390,83.996719,49.994084,68.997564,105.990689,116.982146,141,16:30
all,Monday,0,1005,left,50.447973,50.991771,25.995593,34.994537,63.991891,76.988314,141,16:45
all,Monday,0,1005,right,77.203666,77.986329,42.992845,61.994874,96.996277,106.995713,141,16:45
all,Monday,0,1020,left,46.101629,42.494146,21.998394,30.997236,60.989817,78.186480,140,17:00
all,Monday,0,1020,right,74.762441,74.490827,36.895119,57.996159,91.985569,105.983530,140,17:00
all,Monday,0,1035,left,44.610502,38.993127,19.998271,28.999459,54.990324,80.985945,141,17:15
all,Monday,0,1035,right,68.395100,67.994477,28.998994,43.992699,88.992179,106.996267,141,17:15
all,Monday,0,1050,left,45.613604,36.999272,16.997039,25.995522,56.993620,89.985317,141,17:30
all,Monday,0,1050,right,65.924030,64.987096,27.998920,43.996158,84.986266,107.981715,141,17:30
all,Monday,0,1065,left,44.094451,35.997665,16.999317,24.999725,54.991439,84.980828,141,17:45
all,Monday,0,1065,right,62.510844,59.989830,27.997649,45.991321,84.991035,97.998251,141,17:45
all,Monday,0,1080,left,43.257733,35.993843,15.997282,22.997442,59.996550,81.975903,141,18:00
all,Monday,0,1080,right,66.652387,64.989171,30.999422,46.994488,81.997190,105.982402,141,18:00
all,Monday,0,1095,left,42.343314,34.996485,12.997835,19.998273,54.995110,88.985994,141,18:15
all,Monday,0,1095,right,65.341025,64.007304,29.995003,42.998783,81.993476,101.984109,141,18:15
all,Monday,0,1110,left,40.852127,31.496069,14.998535,20.999121,53.750862,84.082908,140,18:30
all,Monday,0,1110,right,63.355599,60.489809,30.897187,47.003380,82.243502,99.983718,140,18:30
all,Monday,0,1125,left,35.343493,25.000634,10.999259,17.997757,47.992163,76.986754,141,18:45
all,Monday,0,1125,right,55.852445,54.998083,26.997496,41.992968,66.997280,81.985195,141,18:45
all,Monday,0,1140,left,32.358067,24.999242,7.999324,15.999060,40.997000,64.994228,141,19:00
all,Monday,0,1140,right,49.037168,49.990525,21.999520,36.998503,63.988366,70.990207,141,19:00
all,Monday,0,1155,left,28.599289,23.995563,6.999095,13.998763,37.993862,56.990383,141,19:15
all,Monday,0,1155,right,46.419951,46.996141,22.995842,32.999255,57.990045,67.995244,141,19:15
all,Monday,0,1170,left,23.269473,17.998609,5.898999,11.999184,30.999484,51.991636,140,19:30
all,Monday,0,1170,right,44.696465,46.495112,18.999112,32.996265,58.991022,67.098090,140,19:30
all,Monday,0,1185,left,19.791322,15.498294,6.999291,10.748594,22.247728,44.099067,140,19:45
all,Monday,0,1185,right,42.147107,39.999362,18.897002,27.998726,54.247137,64.995000,140,19:45
all,Monday,0,1200,left,17.587222,12.998850,4.999933,7.999416,20.998157,35.999135,141,20:00
all,Monday,0,1200,right,38.578591,35.996816,15.998949,24.998221,52.997393,61.996835,141,20:00
all,Monday,0,1215,left,16.076411,11.998661,4.999151,6.999890,16.999708,26.997864,141,20:15
all,Monday,0,1215,right,36.762421,32.994664,13.998632,23.996558,45.996462,58.969488,141,20:15
all,Monday,0,1230,left,15.346010,11.998830,3.999327,6.999439,15.998677,20.999123,141,20:30
all,Monday,0,1230,right,35.287213,31.994368,14.998703,20.999428,43.999139,54.997702,141,20:30
all,Monday,0,1245,left,12.898743,9.999819,1.999932,6.997995,14.249554,20.099081,140,20:45
all,Monday,0,1245,right,28.740112,28.998988,7.999284,16.999408,36.247607,46.097897,140,20:45
all,Monday,0,1260,left,14.155110,9.999389,3.999470,6.999026,14.998700,21.998092,141,21:00
all,Monday,0,1260,right,29.586689,27.997877,9.998355,17.998436,35.999217,45.995683,141,21:00
all,Monday,0,1275,left,15.296617,8.998766,3.998202,4.999742,11.999998,22.998542,141,21:15
all,Monday,0,1275,right,33.011390,28.997392,12.998450,19.998372,37.996929,51.995832,141,21:15
all,Monday,0,1290,left,15.069730,9.999186,2.999756,5.998872,14.998664,24.999431,141,21:30
all,Monday,0,1290,right,30.778175,26.999203,7.999563,17.999398,39.998933,52.001020,141,21:30
all,Monday,0,1305,left,14.864040,9.998921,2.999817,4.999597,14.997824,19.999021,141,21:45
all,Monday,0,1305,right,30.862912,25.987957,10.999868,16.998594,36.998585,49.990993,141,21:45
all,Monday,0,1320,left,15.509186,9.998250,2.999745,5.999510,15.999148,26.995243,141,22:00
all,Monday,0,1320,right,28.110304,23.998007,8.998567,14.999394,32.997724,47.994613,141,22:00
all,Monday,0,1335,left,14.885237,8.999554,2.000262,4.999816,13.999336,25.995659,141,22:15
all,Monday,0,1335,right,26.267406,23.002215,7.999887,14.998647,30.995089,41.997016,141,22:15
all,Monday,0,1350,left,15.091513,8.999817,2.999730,5.999513,15.998882,24.995752,141,22:30
all,Monday,0,1350,right,24.147515,20.999128,7.000500,13.997745,28.997850,35.997759,141,22:30
all,Monday,0,1365,left,19.601617,9.998377,3.999350,5.999430,15.997193,35.025330,141,22:45
all,Monday,0,1365,right,26.388415,19.998856,7.999330,12.998968,26.998334,42.996401,141,22:45
all,Monday,0,1380,left,12.835630,7.999698,1.999972,4.999341,13.998693,24.998054,141,23:00
all,Monday,0,1380,right,18.544526,16.998427,5.999452,9.998300,22.998383,31.998398,141,23:00
all,Monday,0,1395,left,18.402451,10.999067,2.999786,5.999578,15.999933,29.984706,141,23:15
all,Monday,0,1395,right,20.253508,12.999335,5.999714,8.999378,20.996564,30.999765,141,23:15
all,Monday,0,1410,left,13.190142,9.999258,1.999941,4.999406,14.000107,26.997667,141,23:30
all,Monday,0,1410,right,15.807228,12.998869,3.999624,7.999764,18.998367,28.997796,141,23:30
all,Monday,0,1425,left,12.920851,6.999339,0.999979,2.999830,12.998565,23.999672,141,23:45
all,Monday,0,1425,right,16.275123,12.999161,3.999347,6.999858,17.998979,25.999541,141,23:45
all,Tuesday,1,0,left,15.297833,7.999990,1.999657,4.499545,16.498276,31.798316,147,00:00
all,Tuesday,1,0,right,14.665300,8.999822,2.599703,5.999505,14.999804,32.397499,147,00:00
all,Tuesday,1,15,left,15.658429,6.999821,0.999902,3.999336,13.499161,26.398269,147,00:15
all,Tuesday,1,15,right,16.392992,10.998780,1.999827,4.999855,15.998122,26.397154,147,00:15
all,Tuesday,1,30,left,13.195778,6.998769,0.999825,1.999875,11.999637,23.597319,147,00:30
all,Tuesday,1,30,right,13.739944,7.998593,1.999684,4.499572,12.998586,20.995801,147,00:30
all,Tuesday,1,45,left,12.495506,7.999197,0.999973,2.999597,12.497970,19.399076,147,00:45
all,Tuesday,1,45,right,13.230317,8.998392,1.999657,3.999962,11.999217,21.396670,147,00:45
all,Tuesday,1,60,left,11.691775,5.998958,0.999843,2.999570,10.998708,17.396654,147,01:00
all,Tuesday,1,60,right,12.718752,6.999105,1.999673,3.999362,9.998600,15.798734,147,01:00
all,Tuesday,1,75,left,12.569907,5.998958,0.000000,1.999944,10.998839,16.999599,147,01:15
all,Tuesday,1,75,right,12.658368,6.999543,1.599788,3.999348,13.998411,21.997045,147,01:15
all,Tuesday,1,90,left,12.325011,4.999371,0.999823,1.999855,10.998345,19.996926,147,01:30
all,Tuesday,1,90,right,12.603858,6.999921,1.999654,3.999845,12.498609,24.395621,147,01:30
all,Tuesday,1,105,left,18.942684,4.999783,0.999833,2.999493,10.498653,42.191669,147,01:45
all,Tuesday,1,105,right,19.140142,9.998314,1.999723,5.999015,17.997054,44.600898,147,01:45
all,Tuesday,1,120,left,10.019394,5.998871,0.999840,2.999493,9.998273,14.598610,147,02:00
all,Tuesday,1,120,right,13.379508,8.998431,1.999707,4.999731,14.997516,23.997102,147,02:00
all,Tuesday,1,135,left,8.638315,4.999830,0.000000,1.999826,8.999001,15.398043,147,02:15
all,Tuesday,1,135,right,10.753724,7.999554,1.999910,4.999392,12.997705,18.397093,147,02:15
all,Tuesday,1,150,left,11.637771,5.999680,0.999818,2.999482,8.998985,14.997442,147,02:30
all,Tuesday,1,150,right,14.562569,8.998525,2.999693,5.999567,12.999810,18.397265,147,02:30
all,Tuesday,1,165,left,8.482195,4.999274,0.999829,2.999490,7.999808,13.398101,147,02:45
all,Tuesday,1,165,right,15.522108,11.999242,3.000872,6.998828,16.997522,23.992967,147,02:45
all,Tuesday,1,180,left,10.025685,5.999022,0.999820,2.999506,8.998799,13.997659,147,03:00
all,Tuesday,1,180,right,15.895663,10.999321,3.599576,6.998779,16.997134,25.996861,147,03:00
all,Tuesday,1,195,left,7.923652,5.998927,0.999830,1.999769,8.998988,14.497470,146,03:15
all,Tuesday,1,195,right,15.121317,12.498808,4.000190,7.998621,18.997210,27.495742,146,03:15
all,Tuesday,1,210,left,10.624396,4.999172,0.999826,2.999466,9.499083,13.998229,147,03:30
all,Tuesday,1,210,right,20.555142,15.998348,6.599025,11.999754,21.997293,29.996300,147,03:30
all,Tuesday,1,225,left,7.658788,5.999793,0.999832,2.999499,11.997725,15.997218,147,03:45
all,Tuesday,1,225,right,20.072003,19.996371,9.598651,13.997798,24.998162,32.994415,147,03:45
all,Tuesday,1,240,left,7.944154,5.999003,0.999983,2.999557,9.999481,15.499131,146,04:00
all,Tuesday,1,240,right,22.285105,21.998760,7.998605,13.249140,28.746119,36.995317,146,04:00
all,Tuesday,1,255,left,9.624296,5.999724,0.999905,2.999698,9.996318,14.998842,147,04:15
all,Tuesday,1,255,right,30.424130,28.994817,13.999146,21.996169,37.993290,45.397305,147,04:15
all,Tuesday,1,270,left,9.257417,6.999469,0.999963,3.999919,11.498930,15.398849,147,04:30
all,Tuesday,1,270,right,41.906293,40.994702,23.997005,32.994587,50.492967,62.196737,147,04:30
all,Tuesday,1,285,left,11.175197,8.000161,1.999902,4.999139,12.998123,16.997015,147,04:45
all,Tuesday,1,285,right,51.476078,52.990946,24.596189,39.495451,63.987432,74.983930,147,04:45
all,Tuesday,1,300,left,16.609845,9.999972,2.999806,6.998860,15.996879,20.996360,147,05:00
all,Tuesday,1,300,right,60.073651,57.989676,29.596221,44.989683,72.991999,89.988903,147,05:00
all,Tuesday,1,315,left,16.623775,11.997943,2.599637,6.499277,17.997016,25.396222,147,05:15
all,Tuesday,1,315,right,74.752722,78.986104,32.995234,58.989665,92.993951,103.388611,147,05:15
all,Tuesday,1,330,left,14.450479,9.999811,4.999136,6.999003,15.997150,20.497392,146,05:30
all,Tuesday,1,330,right,78.107494,80.986698,44.992116,64.989893,95.984064,108.981797,146,05:30
all,Tuesday,1,345,left,16.372061,12.997880,4.999281,6.999274,17.998592,25.787088,147,05:45
all,Tuesday,1,345,right,83.975399,85.985669,52.990887,68.993537,99.983002,115.391000,147,05:45
all,Tuesday,1,360,left,16.800883,13.999512,3.999312,8.998239,20.999394,26.799384,147,06:00
all,Tuesday,1,360,right,84.493506,86.984899,53.993383,70.491886,98.996091,112.989963,147,06:00
all,Tuesday,1,375,left,20.473531,16.997177,7.998586,10.998437,23.995843,33.994304,147,06:15
all,Tuesday,1,375,right,85.159865,85.984662,49.592862,68.488091,101.488029,123.781959,147,06:15
all,Tuesday,1,390,left,21.623563,17.997212,5.999556,10.998946,28.497298,36.398726,147,06:30
all,Tuesday,1,390,right,88.133382,84.989647,44.193376,64.992182,110.508556,136.386048,147,06:30
all,Tuesday,1,405,left,23.455774,18.998782,5.997769,9.998833,31.997109,48.996375,146,06:45
all,Tuesday,1,405,right,98.560372,95.992489,56.992148,72.296806,120.710551,153.489384,146,06:45
all,Tuesday,1,420,left,27.391115,23.996835,6.998976,11.498905,39.494616,54.991914,147,07:00
all,Tuesday,1,420,right,98.674621,95.984328,52.991196,70.988648,122.987348,155.185610,147,07:00
all,Tuesday,1,435,left,33.519601,32.994313,11.598455,18.498201,43.496202,57.003561,147,07:15
all,Tuesday,1,435,right,95.171206,92.991067,51.593072,72.987167,116.482424,145.188261,147,07:15
all,Tuesday,1,450,left,32.023137,28.994884,9.598897,16.999041,43.997370,53.992476,147,07:30
all,Tuesday,1,450,right,84.479071,79.979712,40.592520,58.491993,106.981413,140.390447,147,07:30
all,Tuesday,1,465,left,35.675175,32.994392,8.599404,15.998392,49.495057,62.195156,147,07:45
all,Tuesday,1,465,right,88.973970,85.997310,41.395573,67.994623,112.398817,132.177579,147,07:45
all,Tuesday,1,480,left,36.744740,32.994474,11.000051,18.996653,50.994928,66.794473,147,08:00
all,Tuesday,1,480,right,96.493092,94.000141,48.591310,71.486075,119.464649,151.186861,147,08:00
all,Tuesday,1,495,left,42.239908,39.997305,14.798986,25.996742,56.490177,72.398948,147,08:15
all,Tuesday,1,495,right,104.042992,105.938520,48.994994,81.995991,128.983889,149.395411,147,08:15
all,Tuesday,1,510,left,43.634907,43.997910,15.598150,27.997339,55.493772,70.991861,147,08:30
all,Tuesday,1,510,right,108.784533,112.979870,62.995655,85.491751,133.986863,155.188005,147,08:30
all,Tuesday,1,525,left,46.648079,47.998701,16.998725,30.997411,60.990322,73.589681,147,08:45
all,Tuesday,1,525,right,113.212557,114.989718,71.993972,87.495769,138.979870,152.975739,147,08:45
all,Tuesday,1,540,left,44.206341,45.992470,15.998938,28.997632,58.998696,70.992066,147,09:00
all,Tuesday,1,540,right,105.030309,108.980396,66.593252,84.490909,125.484807,142.787310,147,09:00
all,Tuesday,1,555,left,43.955346,40.992707,16.599064,27.995358,58.479955,73.794283,147,09:15
all,Tuesday,1,555,right,108.031646,108.981930,64.407662,85.992684,128.978896,150.384514,147,09:15
all,Tuesday,1,570,left,46.056583,45.996896,13.599412,25.995750,62.991584,76.394426,147,09:30
all,Tuesday,1,570,right,103.010169,103.981848,59.992396,78.991928,129.483833,148.386381,147,09:30
all,Tuesday,1,585,left,45.655231,45.998349,18.597405,29.497286,56.994245,71.995444,147,09:45
all,Tuesday,1,585,right,107.478709,110.998795,64.792121,85.998482,131.494157,146.573921,147,09:45
all,Tuesday,1,600,left,44.002054,42.997664,19.498285,27.996652,57.990999,70.994696,146,10:00
all,Tuesday,1,600,right,101.434610,102.487603,57.995277,82.987305,125.487752,137.499212,146,10:00
all,Tuesday,1,615,left,46.124105,45.993817,15.598821,30.496629,59.992449,74.387695,147,10:15
all,Tuesday,1,615,right,100.675987,103.983726,57.990341,81.492824,125.508325,139.785049,147,10:15
all,Tuesday,1,630,left,44.742645,44.992549,15.998309,27.997999,58.492681,73.729822,147,10:30
all,Tuesday,1,630,right,99.144340,97.995080,53.594694,77.995390,124.984261,140.984062,147,10:30
all,Tuesday,1,645,left,47.374698,44.992165,19.598362,28.497361,65.989145,77.989555,147,10:45
all,Tuesday,1,645,right,102.109018,103.982976,56.973593,79.987451,126.488770,149.932114,147,10:45
all,Tuesday,1,660,left,45.675626,46.993788,19.999423,28.996508,59.998817,72.987684,147,11:00
all,Tuesday,1,660,right,101.705033,104.997275,54.991054,80.488581,125.986116,148.791884,147,11:00
all,Tuesday,1,675,left,47.865676,46.997743,18.998893,31.496577,64.981410,75.792982,147,11:15
all,Tuesday,1,675,right,98.839757,100.982922,54.794318,82.487980,118.482263,143.188281,147,11:15
all,Tuesday,1,690,left,49.014002,46.992764,16.598143,28.996603,64.488904,83.997404,147,11:30
all,Tuesday,1,690,right,97.110918,101.981746,49.994388,79.986156,118.478877,136.983111,147,11:30
all,Tuesday,1,705,left,49.435914,47.991739,21.196579,30.995992,67.489321,80.994183,147,11:45
all,Tuesday,1,705,right,91.056000,91.993099,49.994602,74.490741,112.475004,129.782711,147,11:45
all,Tuesday,1,720,left,49.626398,47.991304,18.997618,31.496767,66.494733,80.989924,147,12:00
all,Tuesday,1,720,right,89.281473,88.984835,49.193751,69.491780,109.987092,130.170043,147,12:00
all,Tuesday,1,735,left,51.510539,53.990994,18.597065,30.996991,68.485040,84.987618,147,12:15
all,Tuesday,1,735,right,89.458665,91.983472,57.592888,69.987703,106.485240,124.381805,147,12:15
all,Tuesday,1,750,left,51.694043,50.991465,16.998367,31.495679,70.987962,85.979904,147,12:30
all,Tuesday,1,750,right,85.030313,83.998194,54.192576,72.488899,99.987814,115.986421,147,12:30
all,Tuesday,1,765,left,52.027426,48.994775,17.998869,30.996576,72.992717,86.993061,146,12:45
all,Tuesday,1,765,right,81.701812,80.985957,54.990720,67.244657,96.739888,113.481104,146,12:45
all,Tuesday,1,780,left,52.476737,48.991937,21.196586,30.497184,71.487980,86.388418,147,13:00
all,Tuesday,1,780,right,81.534160,79.997115,58.592553,69.489148,94.495439,111.991730,147,13:00
all,Tuesday,1,795,left,53.394783,51.996722,18.998015,34.995925,71.990471,88.189401,147,13:15
all,Tuesday,1,795,right,82.050955,82.984891,59.990783,70.489140,94.490679,106.782343,147,13:15
all,Tuesday,1,810,left,53.986631,52.998480,18.999674,34.494191,70.996738,85.393002,147,13:30
all,Tuesday,1,810,right,83.146322,82.999086,59.997659,71.491216,96.485532,108.987451,147,13:30
all,Tuesday,1,825,left,57.666005,51.998228,20.997930,35.993694,77.489883,99.998038,147,13:45
all,Tuesday,1,825,right,80.371028,80.995307,60.989809,69.496593,93.986514,103.381941,147,13:45
all,Tuesday,1,840,left,55.829968,55.998117,21.597150,34.994399,72.487456,93.388401,147,14:00
all,Tuesday,1,840,right,81.112439,80.999215,58.995595,68.998199,92.497952,105.993540,147,14:00
all,Tuesday,1,855,left,54.393203,51.995127,18.597677,31.997575,75.987387,93.393094,147,14:15
all,Tuesday,1,855,right,83.014797,80.998253,62.989622,68.998276,95.490851,105.385775,147,14:15
all,Tuesday,1,870,left,58.217425,55.995657,22.596145,37.494531,81.986000,99.786175,147,14:30
all,Tuesday,1,870,right,84.016593,85.991379,58.993472,70.992757,96.995979,114.989113,147,14:30
all,Tuesday,1,885,left,58.339667,57.000075,21.198697,34.494544,82.993953,97.382789,147,14:45
all,Tuesday,1,885,right,82.983067,83.000109,58.587551,71.990722,95.993128,113.581983,147,14:45
all,Tuesday,1,900,left,56.795632,55.993273,18.197769,34.497394,75.987272,96.224980,147,15:00
all,Tuesday,1,900,right,79.091838,78.998931,58.592854,66.993577,92.983994,101.982801,147,15:00
all,Tuesday,1,915,left,52.429518,51.996245,19.596816,28.998224,72.502687,92.191025,147,15:15
all,Tuesday,1,915,right,79.664145,80.987006,57.194268,68.996551,91.996135,111.403151,147,15:15
all,Tuesday,1,930,left,51.251512,49.993282,16.997275,27.998394,69.990078,90.392616,147,15:30
all,Tuesday,1,930,right,85.009600,83.984818,62.605827,72.999307,97.511590,113.786473,147,15:30
all,Tuesday,1,945,left,52.068163,48.998522,18.998666,31.497736,67.989493,92.983484,147,15:45
all,Tuesday,1,945,right,84.166181,83.997302,59.592353,70.990105,96.487860,114.979916,147,15:45
all,Tuesday,1,960,left,49.375757,48.994124,19.598052,30.995035,61.991970,79.786276,147,16:00
all,Tuesday,1,960,right,84.086215,87.989447,53.396196,74.986676,100.982857,110.987565,147,16:00
all,Tuesday,1,975,left,51.678561,49.991284,23.496091,35.244069,65.745465,84.986901,146,16:15
all,Tuesday,1,975,right,86.982714,88.488714,56.994459,77.986472,101.734152,118.485412,146,16:15
all,Tuesday,1,990,left,52.810440,53.990335,23.998225,33.995920,67.494224,82.392923,147,16:30
all,Tuesday,1,990,right,82.841159,84.998527,40.593541,70.991368,102.984516,117.387519,147,16:30
all,Tuesday,1,1005,left,52.455846,52.999479,18.999364,31.995735,68.489201,89.987981,147,16:45
all,Tuesday,1,1005,right,76.731639,75.986684,41.596365,54.491871,101.484695,113.384322,147,16:45
all,Tuesday,1,1020,left,50.217956,46.987805,22.195741,29.986930,67.987849,85.195397,147,17:00
all,Tuesday,1,1020,right,74.466775,78.993812,35.593881,51.994148,96.487020,110.986710,147,17:00
all,Tuesday,1,1035,left,45.212511,42.000518,18.597668,25.996870,60.998523,84.398023,147,17:15
all,Tuesday,1,1035,right,69.141827,70.987662,27.595269,46.497704,93.486896,107.419926,147,17:15
all,Tuesday,1,1050,left,43.850776,37.995250,13.997599,24.996258,60.478124,83.985538,147,17:30
all,Tuesday,1,1050,right,71.180303,68.000219,30.994547,46.991892,94.990698,119.784063,147,17:30
all,Tuesday,1,1065,left,45.899085,39.993035,14.998176,23.999162,61.992492,91.389425,147,17:45
all,Tuesday,1,1065,right,65.577150,60.988724,26.598275,47.992340,93.487435,108.986966,147,17:45
all,Tuesday,1,1080,left,43.485989,36.995035,13.597642,22.995800,62.989833,81.386628,147,18:00
all,Tuesday,1,1080,right,69.544436,66.989527,34.594020,49.496043,96.985952,110.992455,147,18:00
all,Tuesday,1,1095,left,46.912273,37.996771,13.597681,23.498946,66.489041,91.184334,147,18:15
all,Tuesday,1,1095,right,67.393080,62.989518,30.997663,43.492478,90.477523,110.980368,147,18:15
all,Tuesday,1,1110,left,43.443209,34.994614,11.598009,21.497402,61.987811,91.996846,147,18:30
all,Tuesday,1,1110,right,66.664804,63.996460,29.576963,45.994836,88.492499,112.980584,147,18:30
all,Tuesday,1,1125,left,42.246255,30.997695,10.998241,19.997475,60.989596,92.195911,147,18:45
all,Tuesday,1,1125,right,62.965181,60.989936,25.597328,41.509728,80.488612,100.991469,147,18:45
all,Tuesday,1,1140,left,40.519686,27.996897,11.198089,18.997653,50.997542,84.389942,147,19:00
all,Tuesday,1,1140,right,58.599574,56.989996,26.596754,41.999660,69.997442,90.791775,147,19:00
all,Tuesday,1,1155,left,34.070765,26.995902,12.998283,17.991269,47.494048,67.992497,147,19:15
all,Tuesday,1,1155,right,51.551635,50.994425,27.997230,38.996693,63.490634,75.987985,147,19:15
all,Tuesday,1,1170,left,28.990561,22.996188,8.599069,14.999398,38.994104,59.997166,147,19:30
all,Tuesday,1,1170,right,46.512461,48.995261,20.198126,34.994306,58.997372,69.995381,147,19:30
all,Tuesday,1,1185,left,24.371548,18.999473,7.998619,12.998092,34.495436,48.396457,147,19:45
all,Tuesday,1,1185,right,43.219821,42.996686,18.997935,30.496965,55.490421,69.992940,147,19:45
all,Tuesday,1,1200,left,20.922529,16.997990,6.599692,10.998155,25.995517,40.991659,147,20:00
all,Tuesday,1,1200,right,39.865887,40.995962,17.997862,26.994696,54.989910,61.395505,147,20:00
all,Tuesday,1,1215,left,20.024689,12.999296,3.999814,7.999581,19.999631,27.997311,147,20:15
all,Tuesday,1,1215,right,37.995636,34.993807,8.999620,23.998175,47.496126,61.995024,147,20:15
all,Tuesday,1,1230,left,15.664001,12.997706,4.999728,7.998988,17.998419,26.992882,147,20:30
all,Tuesday,1,1230,right,34.213330,32.998108,10.999050,22.998023,42.996901,58.393323,147,20:30
all,Tuesday,1,1245,left,17.018708,11.997998,2.999848,6.999558,18.497524,24.999831,147,20:45
all,Tuesday,1,1245,right,31.751454,27.998495,11.999748,18.999447,40.997699,51.398137,147,20:45
all,Tuesday,1,1260,left,18.351475,11.997957,2.999735,6.999516,16.999763,25.997887,147,21:00
all,Tuesday,1,1260,right,29.745016,25.998929,9.599516,17.997621,34.996749,44.996010,147,21:00
all,Tuesday,1,1275,left,17.433456,10.999466,2.999821,5.999046,16.498171,34.597972,147,21:15
all,Tuesday,1,1275,right,31.492766,26.998191,11.598428,18.498795,36.994648,50.393903,147,21:15
all,Tuesday,1,1290,left,18.086921,9.998855,2.600091,5.999724,13.999587,23.996653,147,21:30
all,Tuesday,1,1290,right,32.602743,28.996808,12.999123,19.998177,34.999247,44.997204,147,21:30
all,Tuesday,1,1305,left,18.814902,8.999352,3.599641,5.999750,13.997607,30.215497,147,21:45
all,Tuesday,1,1305,right,32.943087,25.999547,9.999882,18.998774,34.997955,52.398704,147,21:45
all,Tuesday,1,1320,left,17.365973,11.998901,3.999899,7.499213,16.498579,23.997940,147,22:00
all,Tuesday,1,1320,right,26.596315,23.000075,9.599731,15.999447,30.994751,40.796701,147,22:00
all,Tuesday,1,1335,left,12.454713,9.999315,3.999318,5.999359,14.497773,22.998343,147,22:15
all,Tuesday,1,1335,right,24.297228,22.997951,9.199086,16.498838,29.993361,37.999071,147,22:15
all,Tuesday,1,1350,left,18.005589,9.999168,3.999655,6.999380,14.998847,27.597952,147,22:30
all,Tuesday,1,1350,right,27.351949,21.998095,9.199704,14.000024,29.996184,39.196559,147,22:30
all,Tuesday,1,1365,left,16.115124,9.999122,2.500080,5.999102,14.998793,21.498412,146,22:45
all,Tuesday,1,1365,right,24.011692,20.998129,7.998693,13.998694,27.997359,41.995921,146,22:45
all,Tuesday,1,1380,left,18.128746,8.998898,1.999845,4.249487,14.998091,35.998791,146,23:00
all,Tuesday,1,1380,right,23.299439,16.999146,4.999843,10.999442,23.748188,43.494748,146,23:00
all,Tuesday,1,1395,left,16.985166,10.998344,2.999739,5.999610,18.998789,30.993113,147,23:15
all,Tuesday,1,1395,right,18.413655,14.997967,3.999842,8.999479,19.998984,32.397834,147,23:15
all,Tuesday,1,1410,left,18.787070,9.999373,1.999837,5.999508,18.497801,39.195826,147,23:30
all,Tuesday,1,1410,right,20.779815,13.999173,3.999656,7.999394,21.003216,36.797975,147,23:30
all,Tuesday,1,1425,left,14.909871,7.498824,1.499865,3.999918,13.749175,26.498461,146,23:45
all,Tuesday,1,1425,right,17.587658,11.999786,3.999745,7.999375,17.998652,28.997313,146,23:45
all,Wednesday,2,0,left,20.263446,8.995353,0.999828,3.999525,14.998927,30.597578,147,00:00
all,Wednesday,2,0,right,19.923336,9.999366,1.999873,5.999354,15.998133,30.398534,147,00:00
all,Wednesday,2,15,left,15.780694,8.998963,1.999677,4.999769,13.499003,30.394801,147,00:15
all,Wednesday,2,15,right,15.331892,9.998720,2.999508,5.999537,14.997840,25.196090,147,00:15
all,Wednesday,2,30,left,16.950530,7.998530,0.999889,2.999883,13.998308,23.000815,147,00:30
all,Wednesday,2,30,right,15.372571,9.998228,1.599764,4.999769,15.998913,25.003462,147,00:30
all,Wednesday,2,45,left,16.092899,6.998771,0.999839,3.999288,14.498705,29.996464,147,00:45
all,Wednesday,2,45,right,13.760094,7.998661,1.999725,4.499123,12.999754,22.998457,147,00:45
all,Wednesday,2,60,left,17.119926,6.996829,0.000000,2.999918,13.498367,45.192817,147,01:00
all,Wednesday,2,60,right,15.746292,6.999845,1.599453,3.999941,11.998774,33.593028,147,01:00
all,Wednesday,2,75,left,12.195838,5.999497,0.599892,2.999337,11.997744,18.397727,147,01:15
all,Wednesday,2,75,right,12.318329,6.999393,0.999990,3.999320,11.002044,17.798391,147,01:15
all,Wednesday,2,90,left,10.196113,5.999006,0.999820,1.999839,8.999859,16.797867,147,01:30
all,Wednesday,2,90,right,11.236912,6.999797,2.599587,3.999944,12.997634,20.398531,147,01:30
all,Wednesday,2,105,left,11.338659,5.996770,0.000000,1.999694,10.998603,18.396463,147,01:45
all,Wednesday,2,105,right,14.290661,8.998376,1.999678,4.999212,12.999380,19.397270,147,01:45
all,Wednesday,2,120,left,9.767398,5.999938,0.000000,1.999870,9.998603,16.397580,147,02:00
all,Wednesday,2,120,right,11.277488,7.999448,1.999782,3.999635,11.999291,17.999155,147,02:00
all,Wednesday,2,135,left,5.604736,3.999818,0.000000,1.999708,7.998604,11.998286,147,02:15
all,Wednesday,2,135,right,10.447577,9.998209,0.999910,4.999147,13.998346,18.998388,147,02:15
all,Wednesday,2,150,left,8.828757,5.999004,0.000000,1.999732,9.499031,14.999505,147,02:30
all,Wednesday,2,150,right,12.318158,8.998768,3.599468,5.999535,13.997923,21.995991,147,02:30
all,Wednesday,2,165,left,7.073890,3.999416,0.000000,1.000005,6.999590,12.999166,147,02:45
all,Wednesday,2,165,right,13.780473,10.999819,1.999669,6.499108,15.498445,24.395886,147,02:45
all,Wednesday,2,180,left,8.842283,5.998985,0.000000,1.999770,9.998410,15.397983,147,03:00
all,Wednesday,2,180,right,13.079862,10.998081,1.999897,5.497777,15.997574,21.396932,147,03:00
all,Wednesday,2,195,left,9.836387,6.998825,0.000000,2.499672,10.498978,16.997058,147,03:15
all,Wednesday,2,195,right,15.155301,12.997868,4.599214,7.999232,16.997068,24.390726,147,03:15
all,Wednesday,2,210,left,8.163473,5.998942,0.000000,1.999668,9.999053,16.997229,146,03:30
all,Wednesday,2,210,right,18.388119,15.997354,6.998846,10.997558,23.995834,28.995051,146,03:30
all,Wednesday,2,225,left,7.488777,4.999422,0.000000,1.999922,8.998493,15.198313,147,03:45
all,Wednesday,2,225,right,20.010836,17.997008,7.998920,12.997788,25.996218,34.394286,147,03:45
all,Wednesday,2,240,left,8.828592,6.998735,0.999808,2.999617,10.498996,14.997652,147,04:00
all,Wednesday,2,240,right,22.833604,21.999240,5.999480,14.498519,26.996921,35.996571,147,04:00
all,Wednesday,2,255,left,7.495714,5.999175,0.999878,2.999450,9.998513,14.997341,147,04:15
all,Wednesday,2,255,right,28.227970,28.995870,9.999651,18.998191,36.997583,43.394683,147,04:15
all,Wednesday,2,270,left,9.468299,7.998481,0.999843,3.999311,10.999617,14.997451,147,04:30
all,Wednesday,2,270,right,40.824638,40.995257,21.596834,30.995980,50.491201,58.394993,147,04:30
all,Wednesday,2,285,left,16.888291,9.998347,1.999983,4.999312,14.996831,20.999010,146,04:45
all,Wednesday,2,285,right,53.459147,52.494679,26.995480,39.247250,63.740674,81.489450,146,04:45
all,Wednesday,2,300,left,12.161664,9.998277,1.999928,5.999037,14.498564,21.997725,147,05:00
all,Wednesday,2,300,right,55.258380,55.990196,24.997172,45.001899,69.492852,84.985647,147,05:00
all,Wednesday,2,315,left,13.889351,9.999125,1.999798,6.497745,14.997460,24.798171,147,05:15
all,Wednesday,2,315,right,72.670377,75.990220,35.795752,59.498837,91.987588,104.985703,147,05:15
all,Wednesday,2,330,left,14.474200,9.998762,1.999676,5.999115,17.498127,26.995798,147,05:30
all,Wednesday,2,330,right,80.669636,84.985296,35.594852,66.994108,101.485763,111.989476,147,05:30
all,Wednesday,2,345,left,14.420077,12.997697,2.999468,6.999089,19.996592,23.998726,147,05:45
all,Wednesday,2,345,right,84.112918,83.986948,46.192372,70.488327,101.488326,116.578943,147,05:45
all,Wednesday,2,360,left,16.984369,13.999288,3.599389,8.499055,20.996476,29.976408,147,06:00
all,Wednesday,2,360,right,84.187653,86.984202,46.996087,70.492854,100.983093,113.795164,147,06:00
all,Wednesday,2,375,left,20.371827,17.999056,4.999374,11.997940,24.999225,31.996266,147,06:15
all,Wednesday,2,375,right,85.323636,84.989364,54.995019,69.487571,102.485948,119.791628,147,06:15
all,Wednesday,2,390,left,19.100199,16.995819,5.999013,9.998283,24.999298,36.997031,146,06:30
all,Wednesday,2,390,right,90.330523,87.985545,50.991601,70.994849,106.982795,141.982045,146,06:30
all,Wednesday,2,405,left,19.970122,15.999731,5.999041,8.998934,28.994989,42.393985,147,06:45
all,Wednesday,2,405,right,100.449429,97.982486,49.199355,74.491128,128.486732,154.374100,147,06:45
all,Wednesday,2,420,left,24.942420,18.998099,6.599145,12.998628,35.996680,49.403996,147,07:00
all,Wednesday,2,420,right,103.646821,102.992020,49.994625,77.992296,135.486563,156.976519,147,07:00
all,Wednesday,2,435,left,28.798792,24.999275,6.599014,14.497902,41.487982,57.392231,147,07:15
all,Wednesday,2,435,right,100.381270,102.985424,43.992739,72.489569,125.485899,153.387988,147,07:15
all,Wednesday,2,450,left,33.397209,30.995116,7.999290,14.997427,47.491989,64.994327,147,07:30
all,Wednesday,2,450,right,87.478808,85.993380,46.592936,63.494366,108.481145,131.977173,147,07:30
all,Wednesday,2,465,left,38.858976,35.994713,10.198381,18.997892,51.997975,74.368345,147,07:45
all,Wednesday,2,465,right,94.941054,89.984965,50.800413,69.994182,121.962241,147.186989,147,07:45
all,Wednesday,2,480,left,40.294803,36.998776,10.997688,19.499213,57.993084,71.386006,147,08:00
all,Wednesday,2,480,right,99.913055,96.983314,48.590352,73.487608,123.977881,157.773330,147,08:00
all,Wednesday,2,495,left,41.749826,40.998111,8.999695,21.997291,59.489992,74.194191,147,08:15
all,Wednesday,2,495,right,104.587035,105.998539,58.191107,78.964975,133.489492,153.777999,147,08:15
all,Wednesday,2,510,left,41.647956,36.996364,15.600294,23.996992,58.989723,72.392324,147,08:30
all,Wednesday,2,510,right,102.550392,103.990825,62.795429,84.990323,127.242624,147.380618,147,08:30
all,Wednesday,2,525,left,43.792369,42.992559,13.998482,24.997062,61.993728,74.990771,147,08:45
all,Wednesday,2,525,right,105.474307,107.992212,60.193306,84.998972,130.992973,143.393786,147,08:45
all,Wednesday,2,540,left,42.805692,41.992942,11.599659,27.494193,57.993274,69.989621,147,09:00
all,Wednesday,2,540,right,103.617084,105.969635,62.992822,76.992976,129.989265,145.977182,147,09:00
all,Wednesday,2,555,left,41.969695,40.997746,13.998035,23.997561,56.492588,71.018898,147,09:15
all,Wednesday,2,555,right,108.536504,113.988839,60.995116,88.488942,129.493847,152.791966,147,09:15
all,Wednesday,2,570,left,44.430578,39.993327,11.599397,25.996067,62.995731,78.392880,147,09:30
all,Wednesday,2,570,right,99.934887,103.983340,48.796076,79.493883,125.995641,146.192730,147,09:30
all,Wednesday,2,585,left,43.266753,42.034986,10.004576,24.498354,58.995856,74.991391,147,09:45
all,Wednesday,2,585,right,95.791624,99.980342,43.594828,74.487479,121.982023,143.375448,147,09:45
all,Wednesday,2,600,left,40.533646,39.996515,13.598622,26.998076,54.495853,66.389283,147,10:00
all,Wednesday,2,600,right,96.850535,103.985335,45.595733,77.987661,122.987736,137.390690,147,10:00
all,Wednesday,2,615,left,42.642013,41.998944,15.598533,27.997500,54.992035,67.390860,147,10:15
all,Wednesday,2,615,right,91.698178,96.984054,33.595195,67.990981,122.962135,139.799814,147,10:15
all,Wednesday,2,630,left,44.022901,43.994795,16.597493,26.995413,56.994526,78.801365,147,10:30
all,Wednesday,2,630,right,97.881672,103.995218,41.394379,72.996189,129.487465,145.390328,147,10:30
all,Wednesday,2,645,left,44.423882,43.992873,14.599044,27.996611,59.506812,76.183389,147,10:45
all,Wednesday,2,645,right,101.552904,106.981209,50.198875,82.490038,129.995622,146.390853,147,10:45
all,Wednesday,2,660,left,45.103658,43.997903,15.002869,27.498432,59.990344,74.987113,147,11:00
all,Wednesday,2,660,right,104.600708,109.982139,56.984292,83.987940,128.989769,150.375045,147,11:00
all,Wednesday,2,675,left,47.096748,45.992781,16.598867,26.500234,63.489559,78.987878,147,11:15
all,Wednesday,2,675,right,96.751410,101.999201,44.996456,70.493723,122.485707,145.786860,147,11:15
all,Wednesday,2,690,left,47.967657,43.997895,15.596029,30.996731,65.999824,84.788283,147,11:30
all,Wednesday,2,690,right,94.846578,96.983440,54.196070,71.990482,121.962338,136.390178,147,11:30
all,Wednesday,2,705,left,50.248350,47.993155,15.999017,29.995057,65.992776,89.986466,146,11:45
all,Wednesday,2,705,right,95.852872,98.989697,54.495658,73.491035,116.497426,135.980177,146,11:45
all,Wednesday,2,720,left,52.865904,50.995288,21.996392,33.497603,71.988935,89.390236,147,12:00
all,Wednesday,2,720,right,92.188621,92.985727,62.191132,73.993290,109.489988,132.386624,147,12:00
all,Wednesday,2,735,left,53.145437,51.990861,16.998134,29.998112,76.993497,89.985109,145,12:15
all,Wednesday,2,735,right,91.243769,89.985104,58.189876,70.995634,112.988834,130.978414,145,12:15
all,Wednesday,2,750,left,53.661012,48.995735,15.597885,28.997501,76.987226,92.385644,147,12:30
all,Wednesday,2,750,right,88.678650,88.992245,57.991078,69.991150,104.490318,120.950346,147,12:30
all,Wednesday,2,765,left,54.115914,53.997033,20.997234,29.997566,74.987256,94.391141,147,12:45
all,Wednesday,2,765,right,89.506269,86.995602,55.596352,71.491912,101.982747,122.349524,147,12:45
all,Wednesday,2,780,left,54.272003,50.991580,18.998342,31.495641,75.991918,90.792600,147,13:00
all,Wednesday,2,780,right,86.539878,83.985830,59.593037,69.988643,96.991844,114.389788,147,13:00
all,Wednesday,2,795,left,52.284115,47.991934,19.597389,27.495389,75.986663,90.385189,147,13:15
all,Wednesday,2,795,right,81.831334,80.987288,56.790351,72.987286,94.489145,107.981659,147,13:15
all,Wednesday,2,810,left,57.979530,57.989744,21.597172,34.010551,79.985629,93.389780,147,13:30
all,Wednesday,2,810,right,84.724861,82.986150,59.995613,72.486947,96.489999,108.381204,147,13:30
all,Wednesday,2,825,left,56.325978,54.990565,21.598039,31.494535,80.489011,93.392456,147,13:45
all,Wednesday,2,825,right,86.192566,85.985040,62.191304,73.990896,98.491275,112.781263,147,13:45
all,Wednesday,2,840,left,62.945543,58.979264,21.596462,35.995867,88.481354,104.981194,147,14:00
all,Wednesday,2,840,right,81.398550,81.985325,58.995548,70.996322,92.995244,102.190402,147,14:00
all,Wednesday,2,855,left,59.374229,56.991751,20.597591,33.494544,82.492457,102.981866,147,14:15
all,Wednesday,2,855,right,87.167244,83.985376,60.592308,70.987699,97.990038,122.599542,147,14:15
all,Wednesday,2,870,left,58.550039,54.990531,23.998736,34.496583,81.488957,96.166660,147,14:30
all,Wednesday,2,870,right,84.255269,81.992715,57.993110,68.996060,95.987508,115.379707,147,14:30
all,Wednesday,2,885,left,58.889278,54.992290,26.597130,36.994058,78.494465,97.983154,147,14:45
all,Wednesday,2,885,right,83.274071,81.989915,59.994609,70.488090,96.983032,110.984848,147,14:45
all,Wednesday,2,900,left,55.666436,54.991578,20.996912,35.993866,76.486909,88.385614,147,15:00
all,Wednesday,2,900,right,80.595316,80.985657,54.992296,69.490373,95.991873,109.781957,147,15:00
all,Wednesday,2,915,left,52.579182,49.991934,21.991674,31.996209,67.497352,89.992825,147,15:15
all,Wednesday,2,915,right,84.466494,83.928974,54.990570,72.990377,93.490432,112.981703,147,15:15
all,Wednesday,2,930,left,52.531342,49.995652,18.597141,32.491938,70.995469,85.788302,147,15:30
all,Wednesday,2,930,right,85.527677,85.989043,57.592560,71.996469,98.983553,115.397026,147,15:30
all,Wednesday,2,945,left,53.095697,49.990744,24.995601,33.995134,69.987574,88.387526,147,15:45
all,Wednesday,2,945,right,85.472400,86.984765,54.190540,69.492272,101.982240,115.385805,147,15:45
all,Wednesday,2,960,left,53.634411,48.995638,24.599897,33.494068,71.487845,90.384486,147,16:00
all,Wednesday,2,960,right,84.882800,85.994928,51.199186,69.494897,105.490514,116.980793,147,16:00
all,Wednesday,2,975,left,53.069270,48.991150,25.596817,34.496476,71.992812,89.389743,147,16:15
all,Wednesday,2,975,right,84.310340,82.997428,50.194166,67.489175,99.483134,118.387563,147,16:15
all,Wednesday,2,990,left,54.447312,53.998360,23.593442,35.995145,67.997195,83.392463,147,16:30
all,Wednesday,2,990,right,83.597796,80.994513,45.991896,60.996859,101.983009,125.979900,147,16:30
all,Wednesday,2,1005,left,55.355542,53.995736,26.495655,38.243741,69.988658,85.992952,146,16:45
all,Wednesday,2,1005,right,79.427587,80.988782,48.991996,62.244602,100.735243,113.985348,146,16:45
all,Wednesday,2,1020,left,48.742419,44.987435,22.593922,32.504380,62.992382,81.986412,147,17:00
all,Wednesday,2,1020,right,74.542172,72.987814,41.999068,55.993409,93.984396,112.980474,147,17:00
all,Wednesday,2,1035,left,45.464230,38.980316,17.996956,26.995953,64.491481,76.395067,147,17:15
all,Wednesday,2,1035,right,72.903104,73.991137,37.997278,51.994744,94.992337,107.386397,147,17:15
all,Wednesday,2,1050,left,46.253512,40.994734,17.996916,23.995751,63.990325,86.391033,147,17:30
all,Wednesday,2,1050,right,69.400153,68.984788,33.995258,49.992454,93.991836,107.387203,147,17:30
all,Wednesday,2,1065,left,46.287779,36.990811,13.999832,22.497513,67.992148,89.393249,147,17:45
all,Wednesday,2,1065,right,70.129264,67.989225,37.996286,52.994231,88.491628,108.391541,147,17:45
all,Wednesday,2,1080,left,46.164896,41.997547,16.997657,24.999157,62.993998,83.488226,146,18:00
all,Wednesday,2,1080,right,70.758348,68.993478,32.994591,49.248786,91.731012,110.985558,146,18:00
all,Wednesday,2,1095,left,46.320192,35.998197,13.599166,22.997534,71.492407,90.593280,147,18:15
all,Wednesday,2,1095,right,67.562552,65.991999,34.597709,48.495591,86.996141,103.388789,147,18:15
all,Wednesday,2,1110,left,46.687814,36.996496,15.999496,23.999234,61.995901,88.390089,147,18:30
all,Wednesday,2,1110,right,70.752855,68.988539,33.596495,49.994152,91.992231,107.389242,147,18:30
all,Wednesday,2,1125,left,42.606229,33.994056,14.598430,20.998536,58.495628,86.791285,147,18:45
all,Wednesday,2,1125,right,63.337348,61.996279,28.598896,48.985055,79.975958,97.989388,147,18:45
all,Wednesday,2,1140,left,37.607042,30.994964,10.997667,17.998323,52.492570,73.989314,147,19:00
all,Wednesday,2,1140,right,58.603912,56.990301,32.198807,43.992700,70.490019,87.984577,147,19:00
all,Wednesday,2,1155,left,32.846629,25.997616,7.999589,14.998202,46.495838,64.394043,147,19:15
all,Wednesday,2,1155,right,55.190642,53.999291,30.595512,43.993782,68.003189,77.989053,147,19:15
all,Wednesday,2,1170,left,28.621589,20.999247,9.598837,13.999279,39.995764,60.791962,147,19:30
all,Wednesday,2,1170,right,48.864283,49.996173,24.597310,37.993763,60.496724,71.391338,147,19:30
all,Wednesday,2,1185,left,24.718438,18.996781,6.999633,10.999569,31.996028,51.391460,147,19:45
all,Wednesday,2,1185,right,41.138646,39.993132,20.997809,29.505283,52.997263,63.796511,147,19:45
all,Wednesday,2,1200,left,19.834752,15.999551,5.999096,10.999413,23.499495,37.997056,147,20:00
all,Wednesday,2,1200,right,39.771377,37.996331,18.198878,25.997343,54.996024,61.991852,147,20:00
all,Wednesday,2,1215,left,16.141392,12.997487,3.999655,8.998561,18.999523,27.811172,147,20:15
all,Wednesday,2,1215,right,37.104579,36.992483,16.598496,25.998686,46.521266,58.995774,147,20:15
all,Wednesday,2,1230,left,20.538992,13.999102,5.999589,9.999106,19.001263,27.497841,146,20:30
all,Wednesday,2,1230,right,39.522921,34.995952,17.498354,25.999719,45.995244,59.995872,146,20:30
all,Wednesday,2,1245,left,14.733265,12.998337,4.599341,8.998428,18.996899,23.997625,147,20:45
all,Wednesday,2,1245,right,30.711301,30.000142,13.592846,21.497980,40.994619,47.993984,147,20:45
all,Wednesday,2,1260,left,15.093649,12.998809,3.999727,7.999405,18.996693,24.996061,147,21:00
all,Wednesday,2,1260,right,29.826992,27.995699,10.599116,19.997390,37.497179,47.993020,147,21:00
all,Wednesday,2,1275,left,16.127873,10.998097,3.999887,6.998833,15.999152,24.994280,147,21:15
all,Wednesday,2,1275,right,34.227780,31.997207,13.599251,22.998826,38.998091,47.392937,147,21:15
all,Wednesday,2,1290,left,17.904046,9.999629,2.999799,5.999549,15.998618,25.197424,147,21:30
all,Wednesday,2,1290,right,34.481844,28.994678,12.598326,18.998366,39.486655,50.396924,147,21:30
all,Wednesday,2,1305,left,16.705672,8.999669,3.999638,5.998982,13.998369,18.998013,147,21:45
all,Wednesday,2,1305,right,32.098674,26.998129,11.998810,20.996264,35.495726,46.397711,147,21:45
all,Wednesday,2,1320,left,21.032859,10.999893,3.999529,5.999787,17.997566,36.396952,147,22:00
all,Wednesday,2,1320,right,31.882402,26.998034,11.999319,17.999248,35.497355,49.996591,147,22:00
all,Wednesday,2,1335,left,16.695280,9.999246,4.999144,6.999303,14.998345,24.199671,145,22:15
all,Wednesday,2,1335,right,29.659748,24.997906,8.999201,16.999429,34.993788,44.992962,145,22:15
all,Wednesday,2,1350,left,16.923087,9.998259,3.999923,6.998789,14.748304,25.997488,146,22:30
all,Wednesday,2,1350,right,26.723630,23.497839,8.999212,14.998786,31.747952,43.496292,146,22:30
all,Wednesday,2,1365,left,18.454264,10.999105,3.999423,6.998937,14.998897,39.194598,147,22:45
all,Wednesday,2,1365,right,26.623823,21.998642,8.598787,13.997824,30.998140,41.996634,147,22:45
all,Wednesday,2,1380,left,13.311907,6.999871,1.999826,3.999839,12.999362,23.398293,147,23:00
all,Wednesday,2,1380,right,19.352312,16.999143,5.999803,10.999342,24.497009,30.399725,147,23:00
all,Wednesday,2,1395,left,20.032435,10.998949,3.999726,6.499196,18.998643,34.398468,147,23:15
all,Wednesday,2,1395,right,21.494801,15.998661,5.599653,10.998544,24.995596,32.796801,147,23:15
all,Wednesday,2,1410,left,21.385720,10.999162,0.999928,3.999935,18.998226,34.797748,147,23:30
all,Wednesday,2,1410,right,19.331761,12.998953,2.599853,8.498698,19.998435,34.197188,147,23:30
all,Wednesday,2,1425,left,13.741420,7.999285,1.599856,3.999679,15.498483,24.996442,147,23:45
all,Wednesday,2,1425,right,17.659171,13.999633,3.597832,7.999022,19.498782,35.397879,147,23:45
all,Thursday,3,0,left,18.120912,8.998528,1.998877,3.999482,16.998877,42.599382,147,00:00
all,Thursday,3,0,right,18.107422,11.001248,2.999987,6.998696,17.999272,37.395867,147,00:00
all,Thursday,3,15,left,16.059786,9.000005,1.999901,4.999457,14.998116,32.598691,147,00:15
all,Thursday,3,15,right,16.433892,10.999642,2.999699,5.999793,15.999005,37.997877,147,00:15
all,Thursday,3,30,left,14.005205,6.999818,1.999725,3.999723,12.998519,24.996988,147,00:30
all,Thursday,3,30,right,13.726371,7.999346,2.999617,4.999616,12.494680,24.197111,147,00:30
all,Thursday,3,45,left,14.556136,7.998687,2.597903,3.999531,13.002709,24.799117,147,00:45
all,Thursday,3,45,right,14.678320,8.999185,3.599466,5.999628,14.997440,22.396162,147,00:45
all,Thursday,3,60,left,14.957518,6.999561,0.999913,2.999561,14.498695,34.994710,147,01:00
all,Thursday,3,60,right,14.678630,7.999275,1.999936,3.999919,12.998618,29.402058,147,01:00
all,Thursday,3,75,left,12.665337,6.999421,0.999880,2.999797,12.997734,18.997072,147,01:15
all,Thursday,3,75,right,12.515743,6.999470,1.599781,3.999744,13.999676,22.400952,147,01:15
all,Thursday,3,90,left,17.004526,6.999686,0.999926,2.999482,10.999347,29.394878,147,01:30
all,Thursday,3,90,right,16.644116,7.999247,1.999664,4.999110,12.999345,30.592556,147,01:30
all,Thursday,3,105,left,14.555323,4.999934,0.999840,2.999486,9.998390,19.798241,147,01:45
all,Thursday,3,105,right,18.031192,9.998328,3.599266,4.999536,16.996261,26.396563,147,01:45
all,Thursday,3,120,left,11.916954,6.998282,0.999830,1.999942,10.998055,18.997970,147,02:00
all,Thursday,3,120,right,13.590063,8.999179,2.999481,3.999929,14.998615,22.996204,147,02:00
all,Thursday,3,135,left,9.706336,4.999940,0.999838,2.999520,8.999236,13.999838,147,02:15
all,Thursday,3,135,right,10.699353,6.999047,1.599785,3.999756,11.998697,19.397674,147,02:15
all,Thursday,3,150,left,8.760694,5.999072,0.999854,2.999495,10.998086,14.997116,147,02:30
all,Thursday,3,150,right,10.916940,8.997645,1.999840,5.001533,13.998704,18.997158,147,02:30
all,Thursday,3,165,left,8.536204,4.999534,0.000000,2.999439,9.998317,16.397225,147,02:45
all,Thursday,3,165,right,16.385656,11.998124,2.999770,6.998933,17.997028,26.395258,147,02:45
all,Thursday,3,180,left,9.250494,5.998977,0.000000,2.000004,10.498948,15.398927,147,03:00
all,Thursday,3,180,right,14.018521,10.998926,2.999478,6.499382,16.997043,22.995987,147,03:00
all,Thursday,3,195,left,10.712936,4.999081,0.000000,1.999650,9.999871,16.997028,147,03:15
all,Thursday,3,195,right,15.916291,12.997822,1.599778,6.999121,17.998865,26.394697,147,03:15
all,Thursday,3,210,left,12.304503,6.997365,0.000000,2.999442,11.997875,16.797313,147,03:30
all,Thursday,3,210,right,19.201631,14.998391,3.599386,10.998513,20.996308,30.994946,147,03:30
all,Thursday,3,225,left,9.243836,5.999859,0.000000,1.999981,11.997903,19.396913,147,03:45
all,Thursday,3,225,right,20.820725,19.996557,5.599042,12.997733,27.995627,34.395455,147,03:45
all,Thursday,3,240,left,6.509336,4.999130,0.000000,1.999666,8.999445,14.997389,147,04:00
all,Thursday,3,240,right,21.242209,21.995899,5.999164,13.998806,27.996171,37.993941,147,04:00
all,Thursday,3,255,left,12.386048,6.999684,0.000000,2.499615,11.997973,20.997026,147,04:15
all,Thursday,3,255,right,32.287875,28.994715,5.999449,17.997759,37.495310,48.991759,147,04:15
all,Thursday,3,270,left,7.808526,5.998984,0.000000,2.999670,11.997936,16.399495,147,04:30
all,Thursday,3,270,right,37.437435,38.999689,8.999501,27.995121,49.492378,55.394924,147,04:30
all,Thursday,3,285,left,12.311315,8.998366,0.599901,3.999284,13.997588,18.998234,147,04:45
all,Thursday,3,285,right,48.197607,50.991242,11.998874,34.497026,61.989357,74.387757,147,04:45
all,Thursday,3,300,left,11.073359,9.998210,0.999866,3.999679,14.997606,18.397492,147,05:00
all,Thursday,3,300,right,51.047791,53.984066,13.198070,36.495478,68.990330,80.386825,147,05:00
all,Thursday,3,315,left,12.447380,8.999251,0.599895,3.999806,15.500526,25.396109,147,05:15
all,Thursday,3,315,right,65.590852,72.991297,7.598784,52.991476,86.984428,97.389272,147,05:15
all,Thursday,3,330,left,15.705220,9.999453,0.999827,5.998983,16.998705,25.994612,147,05:30
all,Thursday,3,330,right,74.656964,81.990948,10.598751,59.490405,95.959304,106.791115,147,05:30
all,Thursday,3,345,left,12.664986,9.999866,1.999795,4.999510,15.998215,22.996207,147,05:45
all,Thursday,3,345,right,75.731749,82.993111,19.797184,59.981442,95.484476,107.985988,147,05:45
all,Thursday,3,360,left,15.881805,12.997845,2.999493,6.998800,19.996473,31.396827,147,06:00
all,Thursday,3,360,right,80.640525,85.985286,18.996726,64.988596,99.414361,127.181388,147,06:00
all,Thursday,3,375,left,20.255899,16.999524,2.999364,9.998261,23.497265,32.396739,147,06:15
all,Thursday,3,375,right,82.356793,82.992307,20.596385,58.991305,103.490476,143.396899,147,06:15
all,Thursday,3,390,left,19.609626,13.999380,1.999671,7.998674,26.995864,44.992538,147,06:30
all,Thursday,3,390,right,86.104368,89.984940,19.596598,58.990087,111.980679,141.962154,147,06:30
all,Thursday,3,405,left,18.786986,14.997942,1.999883,7.998609,26.995304,37.999237,147,06:45
all,Thursday,3,405,right,89.398266,90.983852,12.997961,58.990255,125.980082,149.788874,147,06:45
all,Thursday,3,420,left,24.078227,21.996246,3.599580,10.998224,31.502508,49.991941,147,07:00
all,Thursday,3,420,right,93.511690,100.982458,12.599439,61.494047,129.489274,159.403508,147,07:00
all,Thursday,3,435,left,29.077141,25.996936,6.599527,14.997679,38.994104,52.794038,147,07:15
all,Thursday,3,435,right,87.347645,91.996932,25.996577,56.991466,120.979856,136.788853,147,07:15
all,Thursday,3,450,left,28.058014,24.998379,6.999661,12.999925,41.992557,55.822933,147,07:30
all,Thursday,3,450,right,85.766642,82.987820,26.595782,51.991560,124.992570,149.995681,147,07:30
all,Thursday,3,465,left,32.051427,26.995328,10.598224,17.998143,45.499276,60.795158,147,07:45
all,Thursday,3,465,right,91.188192,90.993138,31.594761,58.548409,124.480341,141.391408,147,07:45
all,Thursday,3,480,left,35.995542,29.999753,11.997974,18.996929,50.992234,70.793819,147,08:00
all,Thursday,3,480,right,98.164940,96.985447,31.795840,59.489884,132.478498,157.784720,147,08:00
all,Thursday,3,495,left,40.539357,38.996733,13.197804,22.999308,52.993628,71.988708,147,08:15
all,Thursday,3,495,right,105.926433,111.980846,36.994729,78.986621,136.484321,157.986443,147,08:15
all,Thursday,3,510,left,38.290117,37.996273,14.998842,22.247705,50.998210,67.491348,146,08:30
all,Thursday,3,510,right,105.639047,108.982043,47.493947,78.489964,133.987420,158.995659,146,08:30
all,Thursday,3,525,left,42.348533,38.996640,14.798298,23.995897,55.499607,75.998143,147,08:45
all,Thursday,3,525,right,109.423228,112.986014,40.795096,90.489777,139.983548,158.381981,147,08:45
all,Thursday,3,540,left,40.547760,38.999074,14.597388,25.006626,54.993688,69.396019,147,09:00
all,Thursday,3,540,right,108.324495,113.986880,41.594393,83.495043,133.489972,156.381745,147,09:00
all,Thursday,3,555,left,40.853546,37.000072,12.598260,23.499249,56.991973,72.993179,147,09:15
all,Thursday,3,555,right,105.030788,106.981389,51.797682,88.993228,129.988672,147.983874,147,09:15
all,Thursday,3,570,left,41.731148,39.998367,10.598600,25.997834,58.990782,71.795394,147,09:30
all,Thursday,3,570,right,104.052115,106.992781,54.593566,85.495957,126.479129,149.994831,147,09:30
all,Thursday,3,585,left,40.044025,39.994020,12.599355,24.998931,52.996623,66.996784,147,09:45
all,Thursday,3,585,right,105.908846,110.978539,59.596018,90.995268,127.486419,148.983988,147,09:45
all,Thursday,3,600,left,42.791146,42.992390,12.598341,25.497433,58.994363,71.394712,147,10:00
all,Thursday,3,600,right,100.696352,102.985247,53.992870,78.983868,122.984540,139.384991,147,10:00
all,Thursday,3,615,left,42.559424,39.996023,12.999120,26.495796,60.988623,72.392706,147,10:15
all,Thursday,3,615,right,102.212562,108.982723,50.596649,82.992313,125.481916,149.374082,147,10:15
all,Thursday,3,630,left,42.913050,42.000056,11.998745,25.499251,60.957685,70.986561,147,10:30
all,Thursday,3,630,right,97.151686,99.996112,49.597815,73.995988,124.490413,137.393898,147,10:30
all,Thursday,3,645,left,45.422828,46.993094,12.597795,26.996724,62.990824,78.393292,147,10:45
all,Thursday,3,645,right,94.777492,99.942831,45.594537,71.493273,120.980257,136.786480,147,10:45
all,Thursday,3,660,left,46.694830,44.992517,16.599077,26.997231,64.988871,79.385756,147,11:00
all,Thursday,3,660,right,100.177946,104.988586,43.997064,68.492934,130.993230,151.381342,147,11:00
all,Thursday,3,675,left,46.076801,43.992806,13.998910,27.998307,61.488985,77.389534,147,11:15
all,Thursday,3,675,right,100.390539,102.990938,43.596248,75.996826,127.989316,148.786399,147,11:15
all,Thursday,3,690,left,46.981352,43.995966,16.597999,24.997556,65.488858,85.990426,147,11:30
all,Thursday,3,690,right,99.621991,97.983115,45.997461,77.988903,127.484910,150.389742,147,11:30
all,Thursday,3,705,left,48.830868,44.993915,14.599062,30.994425,63.997194,91.391548,147,11:45
all,Thursday,3,705,right,94.315440,97.999776,38.795666,74.985952,119.991806,135.783901,147,11:45
all,Thursday,3,720,left,51.300043,47.993678,19.597519,31.496006,69.984886,86.187044,147,12:00
all,Thursday,3,720,right,93.465368,93.997456,44.594472,72.998758,116.980926,137.384254,147,12:00
all,Thursday,3,735,left,52.504054,48.991214,15.999395,29.994921,76.988430,87.389016,147,12:15
all,Thursday,3,735,right,89.499800,87.985154,46.795494,68.495774,110.486258,133.782606,147,12:15
all,Thursday,3,750,left,51.376269,46.993975,18.596932,26.995329,72.488927,86.392472,147,12:30
all,Thursday,3,750,right,88.243571,87.997206,53.192682,67.989858,104.046297,126.389157,147,12:30
all,Thursday,3,765,left,51.852168,49.996724,21.596214,26.999073,73.988098,93.384548,147,12:45
all,Thursday,3,765,right,88.808606,87.984749,52.597301,71.987268,105.986555,129.979248,147,12:45
all,Thursday,3,780,left,51.504498,51.992585,18.599113,29.994729,71.493052,84.192884,147,13:00
all,Thursday,3,780,right,84.942958,82.992330,57.792454,69.481808,97.489930,118.379854,147,13:00
all,Thursday,3,795,left,50.973228,48.996573,19.998328,30.996110,65.993798,85.967676,147,13:15
all,Thursday,3,795,right,86.240804,83.985378,62.980896,71.987520,98.483757,116.785968,147,13:15
all,Thursday,3,810,left,52.918153,46.992411,20.596561,30.995664,75.991050,88.983853,147,13:30
all,Thursday,3,810,right,87.581229,83.991589,64.993926,72.990707,99.488023,113.987425,147,13:30
all,Thursday,3,825,left,55.978611,52.992161,23.596041,33.995740,74.487702,92.161800,147,13:45
all,Thursday,3,825,right,86.654664,85.954042,64.598415,72.988342,93.998718,117.384538,147,13:45
all,Thursday,3,840,left,56.205681,50.993503,22.196330,33.997134,75.487805,98.587839,147,14:00
all,Thursday,3,840,right,84.392581,82.986771,59.597376,69.994923,97.992014,111.781140,147,14:00
all,Thursday,3,855,left,55.047474,47.991961,22.598352,33.997949,73.989950,97.982966,147,14:15
all,Thursday,3,855,right,85.003008,82.985890,59.991296,70.009006,97.988286,110.783302,147,14:15
all,Thursday,3,870,left,54.715643,47.989284,21.998518,31.497814,74.990243,95.390378,147,14:30
all,Thursday,3,870,right,86.617977,84.985549,61.591749,70.987235,98.491356,115.389105,147,14:30
all,Thursday,3,885,left,53.965820,47.996001,21.996384,30.503751,76.987210,90.394673,147,14:45
all,Thursday,3,885,right,85.751177,83.985989,58.590036,69.988823,96.992624,112.393014,147,14:45
all,Thursday,3,900,left,48.810653,47.991441,19.197657,27.497159,65.997210,83.986565,147,15:00
all,Thursday,3,900,right,83.024287,80.986191,60.996294,68.991604,95.488428,112.789027,147,15:00
all,Thursday,3,915,left,47.722330,43.999938,19.599690,27.997402,63.997046,84.385409,147,15:15
all,Thursday,3,915,right,84.344240,82.996863,59.995261,71.494992,99.484782,111.395621,147,15:15
all,Thursday,3,930,left,48.272655,44.998226,19.996433,26.998937,66.990096,82.986173,147,15:30
all,Thursday,3,930,right,88.940848,87.986050,56.994794,70.995215,107.482300,127.792184,147,15:30
all,Thursday,3,945,left,48.648211,46.991694,17.009023,28.497324,61.988969,89.384650,147,15:45
all,Thursday,3,945,right,86.807699,88.990220,53.595206,73.988762,100.986570,111.779804,147,15:45
all,Thursday,3,960,left,47.696540,44.998610,20.598341,30.998370,61.489908,77.793702,147,16:00
all,Thursday,3,960,right,82.584173,85.005949,47.998737,66.990859,98.487788,110.785432,147,16:00
all,Thursday,3,975,left,50.401639,43.992471,24.595641,33.497221,64.995010,85.385033,147,16:15
all,Thursday,3,975,right,88.572606,85.999815,57.996074,69.994801,106.981597,119.379824,147,16:15
all,Thursday,3,990,left,50.501826,48.991634,21.997309,31.248074,64.741311,87.988037,146,16:30
all,Thursday,3,990,right,84.526196,83.996313,55.994804,69.988039,99.737331,117.979237,146,16:30
all,Thursday,3,1005,left,50.755498,47.991428,22.997185,32.997190,66.991729,85.395379,147,16:45
all,Thursday,3,1005,right,84.777655,84.973982,45.594568,68.497226,100.991626,121.392111,147,16:45
all,Thursday,3,1020,left,47.429758,44.998336,18.597627,29.997051,60.994422,81.390951,147,17:00
all,Thursday,3,1020,right,80.568962,82.989353,44.794123,65.494175,100.488720,111.993409,147,17:00
all,Thursday,3,1035,left,44.423400,36.997837,14.998563,26.497404,65.988716,80.388191,147,17:15
all,Thursday,3,1035,right,72.201920,73.989932,32.597510,52.992443,91.481684,110.788417,147,17:15
all,Thursday,3,1050,left,44.402122,38.993212,15.999531,25.503388,61.455870,77.962344,147,17:30
all,Thursday,3,1050,right,69.773221,67.988558,36.194372,47.993365,91.486583,110.981801,147,17:30
all,Thursday,3,1065,left,46.135037,43.992299,16.599152,26.995989,63.493369,78.832259,147,17:45
all,Thursday,3,1065,right,70.023730,69.995741,35.997652,47.993126,90.484347,103.920013,147,17:45
all,Thursday,3,1080,left,45.747470,38.996307,9.996157,21.248666,67.488940,89.492602,146,18:00
all,Thursday,3,1080,right,71.710202,69.992385,30.490248,49.996561,94.989010,111.985167,146,18:00
all,Thursday,3,1095,left,45.810425,39.993531,11.999299,22.996281,66.996656,90.388784,147,18:15
all,Thursday,3,1095,right,69.726068,69.997420,31.997436,47.494041,91.490415,106.188225,147,18:15
all,Thursday,3,1110,left,46.723086,39.996046,10.998366,22.996226,72.492874,90.390803,147,18:30
all,Thursday,3,1110,right,71.999987,69.987863,25.596557,49.993960,93.004987,113.987122,147,18:30
all,Thursday,3,1125,left,40.954685,32.997051,10.999246,21.996848,55.994730,84.790984,147,18:45
all,Thursday,3,1125,right,71.216762,66.990893,37.995855,49.498787,92.992238,117.579824,147,18:45
all,Thursday,3,1140,left,38.573507,30.998865,12.597723,17.996986,53.991804,74.376229,147,19:00
all,Thursday,3,1140,right,67.706230,62.999145,32.594513,48.490407,89.992333,105.382188,147,19:00
all,Thursday,3,1155,left,33.853685,28.995698,11.598067,15.998702,48.995465,61.392816,147,19:15
all,Thursday,3,1155,right,57.054954,56.991876,31.993529,44.492473,71.493778,82.986406,147,19:15
all,Thursday,3,1170,left,30.357182,23.997311,8.999470,13.999002,40.494939,59.795191,147,19:30
all,Thursday,3,1170,right,49.763297,51.996734,24.995830,38.493594,62.992328,69.992139,147,19:30
all,Thursday,3,1185,left,23.888469,17.999558,5.999212,10.999260,32.995884,45.398016,147,19:45
all,Thursday,3,1185,right,44.988564,44.995592,16.798633,29.995254,57.993861,70.189915,147,19:45
all,Thursday,3,1200,left,21.282931,16.997083,5.999678,10.998862,25.498128,40.998337,147,20:00
all,Thursday,3,1200,right,42.974553,41.992532,19.197845,27.997673,53.994453,64.989118,147,20:00
all,Thursday,3,1215,left,21.237626,15.997777,5.999597,9.999325,20.997505,37.994618,146,20:15
all,Thursday,3,1215,right,42.064190,38.496546,18.496969,27.995687,51.994732,61.992240,146,20:15
all,Thursday,3,1230,left,19.247865,16.498164,5.299485,9.999879,23.005296,30.698485,144,20:30
all,Thursday,3,1230,right,40.586356,39.495286,15.998661,28.745265,49.993699,65.995065,144,20:30
all,Thursday,3,1245,left,19.074067,13.997880,5.999747,8.999621,20.997861,26.997221,145,20:45
all,Thursday,3,1245,right,34.831086,33.995015,11.398556,21.999074,40.994498,56.191865,145,20:45
all,Thursday,3,1260,left,19.950078,14.995568,4.999869,8.999587,19.998121,28.999586,147,21:00
all,Thursday,3,1260,right,32.928136,29.997403,7.999835,19.998136,39.502782,53.792741,147,21:00
all,Thursday,3,1275,left,15.529278,10.999763,4.999706,6.999702,16.999080,24.397519,147,21:15
all,Thursday,3,1275,right,33.208011,30.997239,13.001656,23.996727,39.996490,46.398880,147,21:15
all,Thursday,3,1290,left,20.318363,11.999335,5.999620,7.999500,17.999421,32.798526,147,21:30
all,Thursday,3,1290,right,38.445975,31.997841,13.998358,24.996842,41.993265,59.197106,147,21:30
all,Thursday,3,1305,left,15.352449,10.999581,4.999781,7.999583,15.499046,23.998247,147,21:45
all,Thursday,3,1305,right,31.806910,29.994813,12.998771,21.998172,38.997217,49.194313,147,21:45
all,Thursday,3,1320,left,19.692504,10.996715,3.999770,6.999441,15.997325,33.597019,147,22:00
all,Thursday,3,1320,right,33.194988,29.998309,11.599054,19.998304,38.997936,53.796191,147,22:00
all,Thursday,3,1335,left,17.737953,9.999853,4.999665,7.249763,14.998689,21.997838,146,22:15
all,Thursday,3,1335,right,33.325893,26.998561,11.999144,17.998633,34.744382,51.995703,146,22:15
all,Thursday,3,1350,left,15.718795,10.998376,3.999814,6.998879,14.998711,23.999189,147,22:30
all,Thursday,3,1350,right,28.948935,23.999242,9.999464,15.498631,32.998708,49.394019,147,22:30
all,Thursday,3,1365,left,14.869612,11.998838,3.999945,6.999757,16.998824,23.399185,147,22:45
all,Thursday,3,1365,right,25.351939,21.998457,9.999184,15.499146,32.997901,42.398675,147,22:45
all,Thursday,3,1380,left,23.405465,9.999040,2.999793,5.999485,15.999509,40.938461,147,23:00
all,Thursday,3,1380,right,30.309939,20.996335,8.599061,13.999234,26.997595,48.795523,147,23:00
all,Thursday,3,1395,left,21.474461,10.999672,4.999565,6.999700,19.998894,36.795800,147,23:15
all,Thursday,3,1395,right,26.263457,19.000363,5.999691,11.999286,25.999047,43.198492,147,23:15
all,Thursday,3,1410,left,22.521927,12.998826,2.999747,5.999590,20.498014,35.397461,147,23:30
all,Thursday,3,1410,right,22.351874,13.998768,6.599321,9.999381,23.996264,33.397582,147,23:30
all,Thursday,3,1425,left,20.807684,10.999283,2.599688,4.999599,19.999397,41.797397,147,23:45
all,Thursday,3,1425,right,21.719278,14.999384,5.999738,10.999742,20.998404,38.795712,147,23:45
all,Friday,4,0,left,16.367127,8.999298,0.999917,3.999781,15.999389,32.998780,141,00:00
all,Friday,4,0,right,18.941296,11.999179,3.999997,8.000010,18.998353,39.999318,141,00:00
all,Friday,4,15,left,19.217118,8.999993,2.999480,5.998967,15.998961,34.998731,141,00:15
all,Friday,4,15,right,19.763266,10.999822,4.999692,7.998878,18.997779,36.993916,141,00:15
all,Friday,4,30,left,13.289387,8.999510,1.999933,4.999549,15.997150,23.997574,141,00:30
all,Friday,4,30,right,12.346217,9.999422,3.000002,5.999974,13.998969,20.999966,141,00:30
all,Friday,4,45,left,20.146178,10.998273,3.000299,5.999471,17.998200,33.981598,141,00:45
all,Friday,4,45,right,17.706793,9.999005,2.999908,6.998763,16.998281,30.994579,141,00:45
all,Friday,4,60,left,15.133872,8.998882,1.999676,4.999299,14.998908,21.996305,140,01:00
all,Friday,4,60,right,13.169854,7.999787,1.999844,4.999169,12.998035,20.099196,140,01:00
all,Friday,4,75,left,16.106255,5.999822,1.699652,2.999559,13.748065,24.198170,138,01:15
all,Friday,4,75,right,16.055505,8.999723,2.999726,4.999725,14.998937,27.998151,138,01:15
all,Friday,4,90,left,11.183202,6.998815,1.000136,3.999326,10.998195,17.996981,141,01:30
all,Friday,4,90,right,12.225466,7.999143,2.999465,4.999676,12.998007,19.998911,141,01:30
all,Friday,4,105,left,10.736084,4.999859,0.999849,2.999485,9.998829,19.989661,141,01:45
all,Friday,4,105,right,14.693236,9.998542,2.999615,6.998773,15.997300,22.996048,141,01:45
all,Friday,4,120,left,10.126517,6.000006,0.999837,2.999497,9.999829,13.997712,141,02:00
all,Friday,4,120,right,11.346397,8.998392,2.999483,4.999190,11.999896,18.997223,141,02:00
all,Friday,4,135,left,7.370543,4.999183,0.999833,2.749584,8.999003,12.199357,140,02:15
all,Friday,4,135,right,10.670230,7.998578,2.899520,4.999127,11.998195,19.998345,140,02:15
all,Friday,4,150,left,8.551846,5.999065,1.999666,2.999522,9.998769,14.998781,141,02:30
all,Friday,4,150,right,12.374087,10.994877,3.999305,5.999048,14.999573,22.997421,141,02:30
all,Friday,4,165,left,12.140514,4.999176,0.999824,1.999757,7.999927,17.996968,141,02:45
all,Friday,4,165,right,16.338528,10.998118,3.999364,6.999256,14.997599,19.999093,141,02:45
all,Friday,4,180,left,7.381955,4.999477,0.999845,2.999484,8.999238,12.997666,141,03:00
all,Friday,4,180,right,13.196718,10.998034,2.999483,6.998799,16.997219,21.996441,141,03:00
all,Friday,4,195,left,13.062314,5.999487,0.999859,2.999722,10.998015,17.996845,141,03:15
all,Friday,4,195,right,18.373702,12.997695,4.999207,8.998391,18.996716,23.995942,141,03:15
all,Friday,4,210,left,13.437876,5.999893,0.999947,2.999752,10.998118,13.999343,141,03:30
all,Friday,4,210,right,20.925925,15.997231,6.998771,9.998360,23.998874,34.992017,141,03:30
all,Friday,4,225,left,7.750893,5.999875,0.999921,3.999298,9.999273,13.999468,141,03:45
all,Friday,4,225,right,21.486951,20.996384,10.998117,15.998640,27.997188,32.994261,141,03:45
all,Friday,4,240,left,8.722378,6.998787,1.999518,2.999908,9.999032,15.997348,141,04:00
all,Friday,4,240,right,22.217451,18.996664,8.998942,13.997602,26.995583,36.997885,141,04:00
all,Friday,4,255,left,7.516697,5.999444,0.999963,2.999522,10.998142,14.997545,141,04:15
all,Friday,4,255,right,28.293985,26.995579,11.998051,19.996639,33.996850,43.992802,141,04:15
all,Friday,4,270,left,11.140434,8.998570,1.000015,4.999151,12.997934,19.996658,141,04:30
all,Friday,4,270,right,40.583491,39.996096,20.996416,30.994863,48.993293,57.993367,141,04:30
all,Friday,4,285,left,14.033263,9.998223,2.000192,4.999706,15.997291,23.996461,141,04:45
all,Friday,4,285,right,50.254939,49.991308,26.999102,37.013573,58.990072,72.990430,141,04:45
all,Friday,4,300,left,12.764370,9.999065,3.999504,6.999448,14.997385,20.999655,141,05:00
all,Friday,4,300,right,51.362218,49.990474,23.995938,40.992869,61.989146,74.987224,141,05:00
all,Friday,4,315,left,15.699601,10.998247,3.999327,6.998770,16.000039,24.999811,141,05:15
all,Friday,4,315,right,73.670959,74.996135,32.997507,59.989605,92.983476,104.984003,141,05:15
all,Friday,4,330,left,13.927126,9.998792,2.999493,5.999028,15.997185,22.997307,141,05:30
all,Friday,4,330,right,83.003537,83.989028,47.991845,67.999061,98.983499,113.978612,141,05:30
all,Friday,4,345,left,15.806087,12.997634,4.999140,7.996179,19.996674,26.996687,141,05:45
all,Friday,4,345,right,87.349510,90.992293,47.993145,72.988073,103.983904,117.990572,141,05:45
all,Friday,4,360,left,17.225407,14.994536,4.999384,8.998536,19.998458,29.994772,141,06:00
all,Friday,4,360,right,86.812239,86.986553,46.998661,67.988821,103.972416,128.995021,141,06:00
all,Friday,4,375,left,19.826768,15.997345,5.998973,10.998500,22.996531,34.994155,141,06:15
all,Friday,4,375,right,91.177694,83.987036,51.991130,68.968805,104.982035,142.975692,141,06:15
all,Friday,4,390,left,21.635658,18.997162,7.998756,11.999940,26.995472,37.993413,141,06:30
all,Friday,4,390,right,91.613072,83.986783,52.992870,68.988290,111.993825,140.995418,141,06:30
all,Friday,4,405,left,22.529189,17.997200,7.998597,11.999159,31.994378,40.992533,141,06:45
all,Friday,4,405,right,97.541619,91.984971,47.994256,65.988310,126.977669,150.925574,141,06:45
all,Friday,4,420,left,27.589406,23.996383,6.999270,13.747899,39.993801,50.996620,140,07:00
all,Friday,4,420,right,101.829050,96.484047,49.894887,71.737504,131.976650,163.080554,140,07:00
all,Friday,4,435,left,33.541973,29.999505,10.999235,18.996867,47.993092,61.989410,141,07:15
all,Friday,4,435,right,101.922365,103.999852,59.000295,70.987342,125.978945,141.976359,141,07:15
all,Friday,4,450,left,33.103585,29.994895,11.998110,18.996532,43.000101,61.990053,141,07:30
all,Friday,4,450,right,96.721753,91.978674,56.989630,73.987275,119.997640,139.983953,141,07:30
all,Friday,4,465,left,38.037546,35.993658,13.997786,23.998805,47.999450,65.985527,141,07:45
all,Friday,4,465,right,104.985727,101.984464,61.990195,75.986701,124.003397,155.971265,141,07:45
all,Friday,4,480,left,41.030038,39.997527,17.797006,24.995773,53.247064,69.097854,140,08:00
all,Friday,4,480,right,104.614313,108.481664,61.798413,72.999202,129.976497,149.194270,140,08:00
all,Friday,4,495,left,42.498207,40.992275,16.999138,28.994913,56.989843,66.996716,141,08:15
all,Friday,4,495,right,104.164500,102.993163,62.996780,80.985791,125.995849,151.975281,141,08:15
all,Friday,4,510,left,46.298454,43.992687,19.996718,30.994290,57.990485,73.993460,141,08:30
all,Friday,4,510,right,105.572707,105.994595,60.998214,86.985317,125.979050,144.974741,141,08:30
all,Friday,4,525,left,44.825663,44.994257,17.998451,31.994675,53.997849,67.995595,141,08:45
all,Friday,4,525,right,110.118047,110.989785,72.993264,91.984690,129.991579,149.978026,141,08:45
all,Friday,4,540,left,46.172368,45.992771,14.998701,33.999192,59.997649,72.997750,141,09:00
all,Friday,4,540,right,112.038259,108.993542,72.986766,89.999789,133.990346,155.990485,141,09:00
all,Friday,4,555,left,46.505666,47.993254,18.999685,31.999083,59.989370,68.995641,141,09:15
all,Friday,4,555,right,105.712567,98.998321,69.998513,81.985162,122.978352,140.976371,141,09:15
all,Friday,4,570,left,47.171727,46.996675,18.997750,30.999445,59.987860,72.988104,141,09:30
all,Friday,4,570,right,103.002413,100.981769,65.997627,80.993605,122.978598,139.989577,141,09:30
all,Friday,4,585,left,44.853714,41.993524,19.998696,28.999316,57.989860,70.996353,141,09:45
all,Friday,4,585,right,100.649588,97.998855,67.988732,78.995287,117.984147,140.988206,141,09:45
all,Friday,4,600,left,45.860465,45.999835,17.996855,31.999636,60.990560,70.987832,141,10:00
all,Friday,4,600,right,98.337225,99.983118,60.996203,76.986513,113.002207,134.989746,141,10:00
all,Friday,4,615,left,50.319747,47.995664,21.998541,32.996850,65.994257,79.984871,141,10:15
all,Friday,4,615,right,97.093505,95.984792,62.995127,78.987374,113.980339,133.978012,141,10:15
all,Friday,4,630,left,50.057981,48.998528,20.999422,31.997011,63.988752,79.986976,141,10:30
all,Friday,4,630,right,93.734918,93.992158,54.001028,72.988144,115.981157,129.991711,141,10:30
all,Friday,4,645,left,47.874220,47.992739,22.996471,30.999793,60.995538,72.994175,141,10:45
all,Friday,4,645,right,94.287017,94.986252,56.990882,73.990701,113.994188,127.988080,141,10:45
all,Friday,4,660,left,50.908878,46.999598,23.998912,33.998781,63.989433,79.999076,141,11:00
all,Friday,4,660,right,95.457476,92.984645,65.991378,79.985921,114.979240,125.977410,141,11:00
all,Friday,4,675,left,48.412035,47.995573,21.014726,28.995411,62.991222,76.986204,141,11:15
all,Friday,4,675,right,96.386709,92.997870,62.991544,77.993468,112.979449,129.001116,141,11:15
all,Friday,4,690,left,50.475411,46.993719,23.996531,31.497148,66.490579,79.992308,139,11:30
all,Friday,4,690,right,98.260926,95.989297,59.792368,79.992563,116.487094,142.206415,139,11:30
all,Friday,4,705,left,50.881150,49.991559,21.998426,32.998876,64.999580,80.985612,141,11:45
all,Friday,4,705,right,93.026132,92.992785,59.997956,77.987252,107.998025,125.978319,141,11:45
all,Friday,4,720,left,52.957937,49.992669,23.995864,34.997557,65.989054,84.995096,141,12:00
all,Friday,4,720,right,95.938363,92.992751,65.989346,78.990811,106.984312,129.978475,141,12:00
all,Friday,4,735,left,54.063739,52.996888,21.999552,35.993389,67.995351,86.985505,141,12:15
all,Friday,4,735,right,92.299664,92.983929,57.045954,73.990590,109.984465,128.987817,141,12:15
all,Friday,4,750,left,53.737823,49.995171,26.995182,33.994213,70.967510,86.989254,141,12:30
all,Friday,4,750,right,91.576557,89.992126,60.994109,74.985321,102.990324,131.978021,141,12:30
all,Friday,4,765,left,54.142519,53.990770,24.995685,34.993789,69.988403,83.996933,141,12:45
all,Friday,4,765,right,90.500883,88.995540,56.975132,74.989500,104.991678,124.979222,141,12:45
all,Friday,4,780,left,57.085762,56.990338,26.995294,34.995637,74.990683,92.990825,141,13:00
all,Friday,4,780,right,90.571757,89.993321,58.990901,72.988384,103.997223,122.998813,141,13:00
all,Friday,4,795,left,56.784412,56.991327,22.997753,38.008004,71.991755,85.995986,141,13:15
all,Friday,4,795,right,90.467693,87.991252,63.989832,76.987176,100.985610,120.017231,141,13:15
all,Friday,4,810,left,60.048729,57.990790,23.999065,36.993515,79.986539,94.988225,141,13:30
all,Friday,4,810,right,87.152005,86.986839,58.994210,71.988016,101.013355,112.982056,141,13:30
all,Friday,4,825,left,58.134646,56.991110,28.998839,38.994396,71.987195,86.998833,141,13:45
all,Friday,4,825,right,84.562860,84.984686,57.990061,69.992104,96.999245,111.985119,141,13:45
all,Friday,4,840,left,56.936329,55.990577,25.797971,37.996329,73.496519,86.396301,139,14:00
all,Friday,4,840,right,88.163807,88.985033,61.994664,73.991506,99.988054,116.194016,139,14:00
all,Friday,4,855,left,57.155848,54.991157,27.873447,39.995574,71.987708,85.985614,140,14:15
all,Friday,4,855,right,89.629713,87.997100,56.894496,71.990226,102.235420,119.260903,140,14:15
all,Friday,4,870,left,56.277199,53.992731,27.995608,35.993772,72.987810,90.995098,141,14:30
all,Friday,4,870,right,89.118056,86.992037,47.992150,68.998625,106.990052,131.988682,141,14:30
all,Friday,4,885,left,53.475451,50.991187,20.999450,33.994198,72.997748,88.989205,141,14:45
all,Friday,4,885,right,91.569828,90.997364,51.997907,71.996609,110.981032,129.998605,141,14:45
all,Friday,4,900,left,53.993485,48.994790,22.995454,34.994194,71.987994,91.994691,141,15:00
all,Friday,4,900,right,88.960981,86.994943,57.996177,70.998153,105.989254,125.977526,141,15:00
all,Friday,4,915,left,51.142878,47.996656,24.030668,32.996962,64.992904,81.986671,141,15:15
all,Friday,4,915,right,86.784391,86.991172,54.990667,72.986926,104.982092,117.991778,141,15:15
all,Friday,4,930,left,47.788615,45.989847,22.995758,31.996360,60.992558,75.996875,141,15:30
all,Friday,4,930,right,87.670095,88.012918,56.991985,72.981323,101.981942,124.977388,141,15:30
all,Friday,4,945,left,47.672383,47.493947,19.996448,31.995400,61.990748,74.090407,140,15:45
all,Friday,4,945,right,89.310117,87.991566,58.790193,72.997005,104.986216,124.989098,140,15:45
all,Friday,4,960,left,47.533475,44.996468,26.995857,33.994270,58.996051,71.986968,141,16:00
all,Friday,4,960,right,87.606650,86.990622,53.001725,70.999009,105.989585,122.979214,141,16:00
all,Friday,4,975,left,50.064867,48.992880,21.998348,35.993774,61.989659,78.985704,141,16:15
all,Friday,4,975,right,88.718781,83.990267,57.998719,72.001503,106.997090,119.983544,141,16:15
all,Friday,4,990,left,50.001323,47.991791,26.995654,36.995317,62.997710,78.986512,141,16:30
all,Friday,4,990,right,89.706275,88.987048,56.993241,71.995115,104.985690,129.978694,141,16:30
all,Friday,4,1005,left,52.457926,52.496978,21.006257,33.748141,68.992273,82.186959,140,16:45
all,Friday,4,1005,right,90.747230,87.986313,52.793715,68.997255,106.992294,131.976750,140,16:45
all,Friday,4,1020,left,49.554232,45.998490,22.998553,31.995192,64.999650,81.998373,141,17:00
all,Friday,4,1020,right,82.047883,81.985881,40.992722,59.990677,100.982720,122.977784,141,17:00
all,Friday,4,1035,left,45.902174,41.992654,15.998902,26.997784,58.994968,82.998473,141,17:15
all,Friday,4,1035,right,74.905710,74.995210,40.993168,49.995826,97.997553,113.981020,141,17:15
all,Friday,4,1050,left,45.136697,38.995365,18.997758,25.999648,56.997513,82.998790,141,17:30
all,Friday,4,1050,right,74.013573,69.987605,35.993651,50.997319,97.986150,118.990083,141,17:30
all,Friday,4,1065,left,45.371029,36.999503,15.998301,24.996408,58.991337,92.994749,141,17:45
all,Friday,4,1065,right,74.410315,72.986693,37.994024,53.999590,94.994612,117.979672,141,17:45
all,Friday,4,1080,left,44.035638,37.997442,11.999192,18.999759,64.992254,81.993712,141,18:00
all,Friday,4,1080,right,78.655171,73.998272,38.999395,57.991070,97.997524,124.018142,141,18:00
all,Friday,4,1095,left,43.603987,31.994644,11.998190,19.999745,60.989601,93.998289,141,18:15
all,Friday,4,1095,right,74.586675,68.991603,34.993890,51.996343,102.996375,120.979346,141,18:15
all,Friday,4,1110,left,40.682770,27.996329,10.999579,17.998651,53.990602,85.984997,141,18:30
all,Friday,4,1110,right,75.792653,71.988349,33.998731,50.995159,96.994159,128.977179,141,18:30
all,Friday,4,1125,left,35.987217,26.995548,12.997813,16.998570,44.996919,77.078907,141,18:45
all,Friday,4,1125,right,74.395007,70.988265,38.993489,52.991121,91.987336,115.986366,141,18:45
all,Friday,4,1140,left,32.641672,23.997040,9.998342,13.998724,44.992210,69.998914,141,19:00
all,Friday,4,1140,right,69.807719,66.989067,32.998291,50.992404,83.985406,104.985453,141,19:00
all,Friday,4,1155,left,31.469165,22.498930,8.799945,14.997491,38.997300,72.187970,140,19:15
all,Friday,4,1155,right,66.473115,64.494130,28.997973,48.743410,80.239501,103.084119,140,19:15
all,Friday,4,1170,left,25.734515,18.998608,6.999448,12.998941,31.994706,50.990690,141,19:30
all,Friday,4,1170,right,57.397989,58.994899,27.998145,41.996539,71.987736,85.985269,141,19:30
all,Friday,4,1185,left,21.146749,14.999376,6.999358,9.999413,23.998195,50.993754,141,19:45
all,Friday,4,1185,right,53.782352,55.990608,21.999652,38.996621,66.998148,76.999220,141,19:45
all,Friday,4,1200,left,20.395257,14.999288,6.999395,9.999172,24.998564,32.997965,141,20:00
all,Friday,4,1200,right,48.654809,47.995608,17.998732,31.997131,63.991044,77.983609,141,20:00
all,Friday,4,1215,left,19.027048,14.997541,5.999166,8.999183,21.996446,33.997954,141,20:15
all,Friday,4,1215,right,48.861714,45.992756,18.999326,30.996929,62.998845,81.994033,141,20:15
all,Friday,4,1230,left,17.756964,14.997637,5.999692,9.996463,21.997921,29.999506,141,20:30
all,Friday,4,1230,right,43.308010,40.981325,22.006722,29.999573,55.995172,69.992537,141,20:30
all,Friday,4,1245,left,18.104799,13.997593,3.999371,8.999186,19.999976,27.999448,141,20:45
all,Friday,4,1245,right,39.358433,36.996427,14.998643,26.995132,47.996832,64.994239,141,20:45
all,Friday,4,1260,left,15.743307,11.998090,3.999668,6.999882,16.999587,25.998612,141,21:00
all,Friday,4,1260,right,34.932962,33.999307,13.997966,20.998213,42.997036,54.995113,141,21:00
all,Friday,4,1275,left,19.707527,10.003153,4.999125,7.998680,16.997188,26.997417,141,21:15
all,Friday,4,1275,right,37.607070,31.997023,13.998006,21.996370,46.996015,53.999273,141,21:15
all,Friday,4,1290,left,16.374392,12.999162,5.999176,7.999949,16.998674,23.996051,141,21:30
all,Friday,4,1290,right,36.060568,34.000024,11.999375,23.999710,43.997221,54.994625,141,21:30
all,Friday,4,1305,left,15.635793,9.999743,3.999664,5.999588,15.998579,24.999598,141,21:45
all,Friday,4,1305,right,35.755397,33.999823,12.997810,24.998912,43.995457,54.999596,141,21:45
all,Friday,4,1320,left,17.515579,9.999960,3.999320,6.998873,15.998801,24.997739,141,22:00
all,Friday,4,1320,right,36.143403,31.997832,10.999049,25.998383,40.000159,53.999047,141,22:00
all,Friday,4,1335,left,21.298139,10.999149,3.898798,6.999640,16.992456,37.396484,140,22:15
all,Friday,4,1335,right,39.746981,32.996279,11.999605,25.746350,42.997491,62.098584,140,22:15
all,Friday,4,1350,left,19.573010,10.999126,4.999314,7.998550,16.010289,27.999986,141,22:30
all,Friday,4,1350,right,35.316516,30.997541,9.999400,21.998138,42.992357,54.983435,141,22:30
all,Friday,4,1365,left,14.523058,10.999417,3.999656,6.999889,15.998050,20.998611,141,22:45
all,Friday,4,1365,right,29.818732,27.998541,11.999246,16.999086,39.996236,45.998521,141,22:45
all,Friday,4,1380,left,14.156061,8.999680,2.999788,5.999529,14.248559,23.098612,140,23:00
all,Friday,4,1380,right,26.840570,24.997831,8.899084,14.998827,32.998416,44.096877,140,23:00
all,Friday,4,1395,left,16.228871,8.998432,3.799425,4.999940,12.999061,23.998438,139,23:15
all,Friday,4,1395,right,27.458167,22.998109,6.799765,13.998505,33.997247,43.196686,139,23:15
all,Friday,4,1410,left,14.252239,8.998557,2.999619,4.999725,13.997562,20.299138,138,23:30
all,Friday,4,1410,right,22.744276,17.998827,4.999735,11.997953,28.996397,37.994957,138,23:30
all,Friday,4,1425,left,14.259937,7.999940,2.999670,5.998810,13.006433,21.298538,138,23:45
all,Friday,4,1425,right,24.012856,20.502311,7.692646,13.999202,26.999597,40.594342,138,23:45
all,Saturday,5,0,left,13.452728,6.999441,2.999492,3.999767,10.999792,23.999477,141,00:00
all,Saturday,5,0,right,21.019544,15.998804,5.999584,10.999314,22.998217,30.998301,141,00:00
all,Saturday,5,15,left,14.176173,6.999270,1.999921,3.999674,9.999609,17.999267,141,00:15
all,Saturday,5,15,right,20.246346,14.999717,3.999344,8.998366,21.989851,29.999640,141,00:15
all,Saturday,5,30,left,13.729194,6.999616,1.999887,4.001259,10.999500,16.999606,141,00:30
all,Saturday,5,30,right,16.104912,11.999455,2.999477,6.999512,17.998458,22.998262,141,00:30
all,Saturday,5,45,left,15.558959,7.998581,1.999711,3.999341,11.998606,21.999710,141,00:45
all,Saturday,5,45,right,19.579900,12.998910,2.999947,7.999324,18.997068,31.997088,141,00:45
all,Saturday,5,60,left,17.529814,6.999064,0.999836,2.999830,12.999574,21.998628,141,01:00
all,Saturday,5,60,right,18.473065,10.008787,2.999464,6.998984,14.998635,27.995045,141,01:00
all,Saturday,5,75,left,13.820554,6.998588,0.999829,2.999753,11.997985,20.000018,141,01:15
all,Saturday,5,75,right,15.798831,9.999032,0.999831,5.998981,15.000022,23.993785,141,01:15
all,Saturday,5,90,left,11.140279,5.999933,1.999818,4.995782,10.998055,13.999385,141,01:30
all,Saturday,5,90,right,12.998202,9.990177,2.999497,5.999230,13.999870,20.996456,141,01:30
all,Saturday,5,105,left,14.792512,6.998751,0.999892,2.999508,10.998045,26.999592,141,01:45
all,Saturday,5,105,right,15.657619,8.999407,2.999330,4.999085,15.997365,23.996039,141,01:45
all,Saturday,5,120,left,10.941742,3.999909,0.999837,2.999487,9.999080,13.997719,141,02:00
all,Saturday,5,120,right,13.693134,8.999856,1.999913,5.999020,12.997824,20.996468,141,02:00
all,Saturday,5,135,left,8.126911,4.999203,0.999872,2.999490,8.998488,11.998255,141,02:15
all,Saturday,5,135,right,12.168791,8.998449,0.999910,3.999683,14.999071,23.998620,141,02:15
all,Saturday,5,150,left,8.871410,4.999555,0.999839,2.999475,9.998323,13.999835,141,02:30
all,Saturday,5,150,right,13.920430,9.000150,1.999822,4.999121,15.998808,23.995799,141,02:30
all,Saturday,5,165,left,8.133702,5.998975,0.999829,2.999491,8.998476,11.999792,141,02:45
all,Saturday,5,165,right,12.239634,9.999178,2.999979,6.998803,14.997882,18.998894,141,02:45
all,Saturday,5,180,left,9.835378,5.998955,0.999827,1.999834,8.999842,13.998483,141,03:00
all,Saturday,5,180,right,12.813830,9.998274,1.999867,4.999111,14.997578,22.997962,141,03:00
all,Saturday,5,195,left,9.506144,4.999179,0.000000,1.999789,8.998668,12.998001,140,03:15
all,Saturday,5,195,right,14.826941,9.998338,2.999519,5.999682,15.997454,25.095859,140,03:15
all,Saturday,5,210,left,7.786401,4.999163,0.999846,2.999488,7.998611,14.998644,141,03:30
all,Saturday,5,210,right,13.168553,10.998242,2.996972,5.999084,15.999678,21.997241,141,03:30
all,Saturday,5,225,left,6.850396,4.999010,0.000000,1.999672,9.998324,13.997769,141,03:45
all,Saturday,5,225,right,12.842182,10.999687,2.999529,6.999885,15.998540,20.996380,141,03:45
all,Saturday,5,240,left,8.190706,3.999925,0.000000,0.999989,7.999938,13.998785,141,04:00
all,Saturday,5,240,right,14.367092,11.998253,4.999131,6.999073,16.997005,20.999729,141,04:00
all,Saturday,5,255,left,9.814368,4.999135,0.000000,2.999032,7.999944,12.999454,141,04:15
all,Saturday,5,255,right,17.019179,12.997899,2.999486,7.998605,19.996562,25.998252,141,04:15
all,Saturday,5,270,left,9.720637,4.999146,0.899808,1.999651,8.998417,13.998505,140,04:30
all,Saturday,5,270,right,20.897574,17.498296,7.898642,12.997785,23.996924,32.993972,140,04:30
all,Saturday,5,285,left,13.068893,6.998805,0.999854,2.999631,9.998410,17.996902,141,04:45
all,Saturday,5,285,right,23.131613,18.999263,8.998937,12.997739,26.995706,36.993480,141,04:45
all,Saturday,5,300,left,11.722224,5.999709,0.999846,2.999923,10.998013,17.996802,141,05:00
all,Saturday,5,300,right,23.132364,19.999258,7.998736,12.999485,27.994633,37.999640,141,05:00
all,Saturday,5,315,left,10.814245,6.999726,0.999857,3.999327,11.999764,17.997907,141,05:15
all,Saturday,5,315,right,26.734316,24.998809,7.998667,17.998284,34.997435,42.992271,141,05:15
all,Saturday,5,330,left,16.806791,5.999279,0.999873,2.999471,10.000021,18.997166,141,05:30
all,Saturday,5,330,right,37.882312,30.994617,14.998428,22.990461,39.996082,51.998991,141,05:30
all,Saturday,5,345,left,10.516736,6.999809,0.999992,3.999340,10.998294,15.997975,141,05:45
all,Saturday,5,345,right,35.365054,33.998502,12.998063,23.996278,43.994619,54.997422,141,05:45
all,Saturday,5,360,left,11.360227,5.998981,0.999851,2.999514,10.998133,16.998259,141,06:00
all,Saturday,5,360,right,34.882234,31.998811,12.997300,21.999027,40.997546,58.989986,141,06:00
all,Saturday,5,375,left,10.360665,7.998748,0.999922,3.997118,14.000090,19.996603,141,06:15
all,Saturday,5,375,right,39.236722,38.993645,19.998292,28.998874,47.999690,57.998458,141,06:15
all,Saturday,5,390,left,13.707456,10.997177,2.000160,4.999277,18.997983,24.999382,141,06:30
all,Saturday,5,390,right,49.276321,49.996237,20.998284,35.996178,64.989191,72.987570,141,06:30
all,Saturday,5,405,left,14.409731,11.998274,0.999825,4.999158,20.998168,28.996491,141,06:45
all,Saturday,5,405,right,53.929232,54.990265,24.011475,44.996122,65.991866,81.990078,141,06:45
all,Saturday,5,420,left,19.316456,15.997355,2.999256,7.998698,25.997033,38.999141,141,07:00
all,Saturday,5,420,right,52.326030,53.990850,24.995237,43.992866,63.996040,74.994387,141,07:00
all,Saturday,5,435,left,24.379933,21.999062,2.999453,10.998632,32.998103,47.991632,141,07:15
all,Saturday,5,435,right,57.687935,57.995651,35.991454,47.979339,68.986381,80.987668,141,07:15
all,Saturday,5,450,left,23.202941,18.999890,3.999990,8.999884,33.997303,47.994167,141,07:30
all,Saturday,5,450,right,63.822469,61.995675,33.993994,50.991409,74.987097,90.991068,141,07:30
all,Saturday,5,465,left,28.762504,27.995188,4.999152,15.999698,39.997092,49.995975,141,07:45
all,Saturday,5,465,right,65.453159,64.988909,41.995211,54.990922,73.986813,88.984724,141,07:45
all,Saturday,5,480,left,27.251654,25.998278,3.000805,13.999829,37.995301,53.985276,141,08:00
all,Saturday,5,480,right,66.381975,66.988694,42.992766,54.989629,77.986885,96.995134,141,08:00
all,Saturday,5,495,left,35.201452,32.994254,12.997798,20.997299,45.999609,60.989049,141,08:15
all,Saturday,5,495,right,71.233256,67.999422,48.002009,58.989599,82.992514,93.994589,141,08:15
all,Saturday,5,510,left,35.839342,35.994794,13.008257,22.748120,46.997145,58.989917,140,08:30
all,Saturday,5,510,right,82.506682,81.499174,55.995315,67.012806,96.234379,108.983988,140,08:30
all,Saturday,5,525,left,39.858351,36.994779,16.998908,24.998905,54.990741,66.988085,141,08:45
all,Saturday,5,525,right,89.528422,85.995038,56.967924,70.998045,103.996133,113.997942,141,08:45
all,Saturday,5,540,left,37.103710,34.497859,13.897842,22.000814,50.243892,64.993519,140,09:00
all,Saturday,5,540,right,87.692576,83.965717,56.995140,69.995119,97.986322,120.197633,140,09:00
all,Saturday,5,555,left,38.016955,36.999398,16.998103,27.994969,47.991776,62.989663,141,09:15
all,Saturday,5,555,right,91.912003,89.988717,62.997775,74.993485,100.986250,121.979420,141,09:15
all,Saturday,5,570,left,39.597222,39.996038,15.998638,23.998049,50.996453,63.994692,141,09:30
all,Saturday,5,570,right,96.489737,96.986658,63.998788,82.993834,107.990462,120.982730,141,09:30
all,Saturday,5,585,left,42.492804,40.965743,17.998444,25.997850,57.997482,73.988123,141,09:45
all,Saturday,5,585,right,97.558952,101.917963,60.995822,82.998899,119.992163,129.991811,141,09:45
all,Saturday,5,600,left,40.866656,38.498295,15.001458,23.997030,52.995384,70.996971,138,10:00
all,Saturday,5,600,right,95.637785,95.993849,54.392892,78.246188,111.739639,131.982696,138,10:00
all,Saturday,5,615,left,42.294541,38.999237,14.999845,26.998579,51.998126,75.993398,141,10:15
all,Saturday,5,615,right,103.218368,101.986346,71.988112,84.997738,115.992058,132.999958,141,10:15
all,Saturday,5,630,left,42.790433,40.997967,17.997186,27.999392,53.998802,68.998703,141,10:30
all,Saturday,5,630,right,110.456691,107.993787,65.995862,91.000096,128.987337,149.975928,141,10:30
all,Saturday,5,645,left,44.151437,44.995997,16.997152,26.998862,57.949577,70.995724,141,10:45
all,Saturday,5,645,right,102.768238,105.982292,60.993663,83.997322,122.991366,145.989642,141,10:45
all,Saturday,5,660,left,43.670500,42.995025,16.996938,30.994757,55.997223,68.994825,141,11:00
all,Saturday,5,660,right,102.474051,102.989945,66.988304,80.993233,120.992514,140.991896,141,11:00
all,Saturday,5,675,left,44.691892,41.999767,18.996813,30.997929,54.995159,73.993315,141,11:15
all,Saturday,5,675,right,105.155432,104.992479,71.987922,86.997744,121.999797,136.978357,141,11:15
all,Saturday,5,690,left,44.924798,42.996355,15.997338,29.998120,59.024061,72.995019,141,11:30
all,Saturday,5,690,right,102.973095,101.987503,64.995725,87.985274,120.980919,132.997025,141,11:30
all,Saturday,5,705,left,45.500176,41.996635,18.996612,31.001853,58.991008,72.994747,141,11:45
all,Saturday,5,705,right,103.374445,99.997137,64.994344,84.993133,119.004394,141.988442,141,11:45
all,Saturday,5,720,left,44.677621,43.996756,17.998528,30.997509,57.995920,72.995872,141,12:00
all,Saturday,5,720,right,100.827466,99.997625,63.994893,82.992385,117.980614,136.990116,141,12:00
all,Saturday,5,735,left,46.009774,46.991821,18.997929,28.998847,60.994099,74.990354,141,12:15
all,Saturday,5,735,right,108.577946,103.991669,67.998072,84.998116,129.988996,149.985549,141,12:15
all,Saturday,5,750,left,47.458383,46.004370,16.999272,29.994291,65.989327,75.995343,141,12:30
all,Saturday,5,750,right,103.830663,102.042967,63.959356,87.993629,119.994860,138.976501,141,12:30
all,Saturday,5,765,left,49.520862,48.996160,21.999071,31.995769,64.989267,75.994824,141,12:45
all,Saturday,5,765,right,108.813704,106.993283,71.998335,86.999503,124.967511,151.996952,141,12:45
all,Saturday,5,780,left,48.449710,44.992747,22.996024,31.996118,60.996512,79.992991,141,13:00
all,Saturday,5,780,right,99.926777,99.993152,58.995860,76.992377,115.994672,136.996335,141,13:00
all,Saturday,5,795,left,48.442787,47.995872,21.994911,30.898731,64.997803,76.997622,141,13:15
all,Saturday,5,795,right,98.161518,97.989066,52.995710,73.993219,117.992879,138.974927,141,13:15
all,Saturday,5,810,left,50.739694,49.991042,21.996516,33.994157,65.997070,79.992341,141,13:30
all,Saturday,5,810,right,100.309305,94.982633,58.994585,75.996290,120.979137,136.986837,141,13:30
all,Saturday,5,825,left,46.802433,46.501268,18.998322,26.731763,61.241062,76.987635,140,13:45
all,Saturday,5,825,right,95.675589,93.489932,52.996290,71.992996,111.243129,139.979689,140,13:45
all,Saturday,5,840,left,49.443955,47.494943,19.996628,29.246054,66.990500,81.292557,138,14:00
all,Saturday,5,840,right,96.503528,95.492366,56.096636,75.990364,114.991016,134.879792,138,14:00
all,Saturday,5,855,left,50.400170,50.988866,15.999504,29.995480,66.987664,82.989438,141,14:15
all,Saturday,5,855,right,95.467172,91.992506,65.988466,75.997195,110.999186,133.989185,141,14:15
all,Saturday,5,870,left,50.505952,50.992864,18.997470,32.998665,66.994291,74.993498,141,14:30
all,Saturday,5,870,right,94.792015,94.983161,57.994939,71.997410,109.991930,130.968345,141,14:30
all,Saturday,5,885,left,48.796383,48.995065,19.996444,31.995968,65.994323,75.995120,141,14:45
all,Saturday,5,885,right,95.224269,92.994885,59.996206,76.923752,110.981070,125.986757,141,14:45
all,Saturday,5,900,left,47.293763,44.996592,17.998093,29.995134,63.989506,77.996516,141,15:00
all,Saturday,5,900,right,97.182596,90.983218,60.996219,75.993790,114.990738,133.977320,141,15:00
all,Saturday,5,915,left,46.456547,42.999040,15.997416,30.994507,61.998407,74.990980,141,15:15
all,Saturday,5,915,right,96.188518,90.985251,62.998381,75.987094,109.989656,136.015725,141,15:15
all,Saturday,5,930,left,45.789013,40.999268,18.996609,29.999386,59.989908,76.002075,141,15:30
all,Saturday,5,930,right,95.136736,93.998878,56.001529,73.987553,107.980783,131.997300,141,15:30
all,Saturday,5,945,left,46.101677,45.996797,19.996384,28.997511,58.994165,71.989828,141,15:45
all,Saturday,5,945,right,94.755984,91.984133,56.989895,75.987790,111.980275,128.978996,141,15:45
all,Saturday,5,960,left,45.675391,44.992034,16.997025,29.995147,60.994358,71.999459,141,16:00
all,Saturday,5,960,right,96.364465,92.986588,63.994335,78.969209,109.991600,130.987100,141,16:00
all,Saturday,5,975,left,46.690105,47.991724,19.996669,30.994721,61.991935,70.996352,141,16:15
all,Saturday,5,975,right,92.813965,91.982577,56.946038,73.996936,110.998615,127.984554,141,16:15
all,Saturday,5,990,left,46.782881,46.991669,19.996502,32.994158,60.996314,71.996894,141,16:30
all,Saturday,5,990,right,90.303286,88.962104,56.989469,74.988124,104.981739,123.990816,141,16:30
all,Saturday,5,1005,left,48.861402,49.991121,20.997616,33.993875,61.998789,77.000005,141,16:45
all,Saturday,5,1005,right,93.154713,95.985711,50.996844,75.994452,109.999664,124.991582,141,16:45
all,Saturday,5,1020,left,44.235529,41.992542,16.998736,26.998014,59.998839,70.988433,141,17:00
all,Saturday,5,1020,right,88.910853,91.991650,50.994000,67.989368,108.984070,123.982169,141,17:00
all,Saturday,5,1035,left,40.094980,35.993647,11.998665,19.999890,56.996490,74.995912,141,17:15
all,Saturday,5,1035,right,81.580182,83.998762,40.999686,55.990482,107.990252,119.993076,141,17:15
all,Saturday,5,1050,left,38.457686,32.994412,12.998165,19.002542,53.995178,73.995998,141,17:30
all,Saturday,5,1050,right,79.468175,77.987631,39.996204,58.990780,99.986342,121.979324,141,17:30
all,Saturday,5,1065,left,38.520805,30.997419,11.998022,16.998624,57.991087,78.994089,141,17:45
all,Saturday,5,1065,right,81.835956,80.999187,43.999219,57.990181,101.995844,122.995496,141,17:45
all,Saturday,5,1080,left,38.639691,32.994179,8.999241,15.997286,59.991961,72.998264,141,18:00
all,Saturday,5,1080,right,77.385538,70.992922,38.999436,52.999526,103.991492,125.979278,141,18:00
all,Saturday,5,1095,left,37.967115,29.997579,10.998710,15.998427,53.996055,82.949948,141,18:15
all,Saturday,5,1095,right,73.694349,69.999489,36.999518,55.990618,92.984575,119.985296,141,18:15
all,Saturday,5,1110,left,36.139134,24.999422,8.999981,14.998801,55.997157,79.999316,141,18:30
all,Saturday,5,1110,right,68.611468,63.998139,35.998822,47.991736,89.988400,110.980776,141,18:30
all,Saturday,5,1125,left,32.500174,21.996475,7.999751,11.999412,45.996334,73.992036,141,18:45
all,Saturday,5,1125,right,68.148840,63.984123,30.994585,51.991070,86.997035,110.986068,141,18:45
all,Saturday,5,1140,left,29.663504,20.998191,7.998794,12.998696,42.999910,64.988798,141,19:00
all,Saturday,5,1140,right,70.694883,66.994229,37.006511,50.995303,87.987330,109.985838,141,19:00
all,Saturday,5,1155,left,25.884106,16.997499,5.999727,10.999312,36.995369,58.997312,141,19:15
all,Saturday,5,1155,right,70.539670,63.998473,31.993256,51.991333,83.992452,121.978964,141,19:15
all,Saturday,5,1170,left,23.690093,16.989088,4.999722,9.999704,35.996228,48.097975,140,19:30
all,Saturday,5,1170,right,64.192515,61.997619,32.895764,47.996446,79.221213,98.194887,140,19:30
all,Saturday,5,1185,left,20.990656,14.999035,4.999881,10.998063,24.995765,51.995695,141,19:45
all,Saturday,5,1185,right,59.866678,61.995868,32.997095,45.992486,74.998896,82.986301,141,19:45
all,Saturday,5,1200,left,14.899246,11.999168,4.999634,8.998766,17.996938,23.996199,141,20:00
all,Saturday,5,1200,right,53.661778,55.999754,24.996110,36.994289,67.994846,79.993170,141,20:00
all,Saturday,5,1215,left,16.855399,12.997784,5.899024,7.999376,19.997754,28.098175,140,20:15
all,Saturday,5,1215,right,54.915714,53.993989,20.999582,35.996323,66.239448,88.093791,140,20:15
all,Saturday,5,1230,left,14.360577,11.999682,4.999116,7.999185,16.997079,26.995323,141,20:30
all,Saturday,5,1230,right,48.890248,46.992403,24.995704,36.990856,62.000844,77.987660,141,20:30
all,Saturday,5,1245,left,17.119221,10.999138,3.999685,6.998987,15.998555,24.998010,141,20:45
all,Saturday,5,1245,right,46.620153,44.998864,21.999356,31.999557,55.998441,71.988803,141,20:45
all,Saturday,5,1260,left,11.686702,10.998463,3.999307,7.998580,14.999110,19.998725,141,21:00
all,Saturday,5,1260,right,41.576962,41.995506,17.999025,32.995298,52.996618,63.994944,141,21:00
all,Saturday,5,1275,left,16.792961,10.998371,4.999166,6.999372,13.999633,21.996277,141,21:15
all,Saturday,5,1275,right,46.400575,41.997935,21.999530,29.998838,55.995349,66.994502,141,21:15
all,Saturday,5,1290,left,14.466525,9.999491,4.999002,6.999555,13.998944,18.999063,141,21:30
all,Saturday,5,1290,right,45.031543,43.999009,21.998065,29.998932,56.996357,65.994314,141,21:30
all,Saturday,5,1305,left,13.119377,10.000083,4.999594,6.999487,13.998481,17.990760,141,21:45
all,Saturday,5,1305,right,42.839495,41.998323,20.997949,28.997690,53.997591,67.994413,141,21:45
all,Saturday,5,1320,left,18.700572,10.998755,4.999549,6.999818,14.999926,27.999480,141,22:00
all,Saturday,5,1320,right,40.521880,35.997278,17.999091,27.995803,49.996434,57.997106,141,22:00
all,Saturday,5,1335,left,19.452375,11.002535,4.997806,7.999397,16.998635,26.999643,141,22:15
all,Saturday,5,1335,right,42.975444,38.999757,19.998703,28.997541,50.991486,64.996301,141,22:15
all,Saturday,5,1350,left,18.500547,9.999244,3.999725,5.999759,14.998552,25.995416,140,22:30
all,Saturday,5,1350,right,42.284858,38.994597,17.898797,27.998674,46.996606,59.094565,140,22:30
all,Saturday,5,1365,left,16.495271,9.999352,4.000028,6.998685,14.999398,22.999575,141,22:45
all,Saturday,5,1365,right,38.380034,33.994154,17.999031,24.998674,43.998058,61.996681,141,22:45
all,Saturday,5,1380,left,14.381854,8.999622,3.999727,5.999903,13.998831,18.999960,141,23:00
all,Saturday,5,1380,right,31.635926,29.998708,13.999130,19.997726,36.996643,43.998676,141,23:00
all,Saturday,5,1395,left,15.374258,9.999410,2.999958,5.999943,14.998580,21.999843,141,23:15
all,Saturday,5,1395,right,31.713018,28.997833,13.999092,20.003385,36.999106,45.998584,141,23:15
all,Saturday,5,1410,left,12.913881,8.999029,1.999973,4.999730,12.999861,17.999704,141,23:30
all,Saturday,5,1410,right,26.551073,23.995769,10.999163,16.998744,32.997649,44.992280,141,23:30
all,Saturday,5,1425,left,12.530671,8.998510,2.999772,5.999487,12.997810,16.998954,141,23:45
all,Saturday,5,1425,right,24.742502,20.998022,8.999577,14.999860,27.995385,40.998109,141,23:45
all,Sunday,6,0,left,12.211381,7.999325,2.000521,4.996238,11.999376,16.998872,141,00:00
all,Sunday,6,0,right,22.933892,18.998739,5.999526,11.998999,28.998752,41.992945,141,00:00
all,Sunday,6,15,left,16.248049,7.998618,1.999772,3.999771,11.998988,24.995721,140,00:15
all,Sunday,6,15,right,23.575978,17.997341,5.899075,13.996914,25.997113,37.198222,140,00:15
all,Sunday,6,30,left,12.331900,5.999848,1.999825,3.999613,9.999082,14.999317,141,00:30
all,Sunday,6,30,right,18.636238,14.998971,4.999240,10.999171,20.998784,25.997614,141,00:30
all,Sunday,6,45,left,9.318306,5.998995,0.999835,2.999513,10.998240,17.999379,141,00:45
all,Sunday,6,45,right,15.473638,12.989697,2.999524,7.998660,18.999800,25.996285,141,00:45
all,Sunday,6,60,left,13.019695,5.999783,0.999927,2.999740,9.999547,16.697634,144,01:00
all,Sunday,6,60,right,17.679200,11.998435,4.299700,7.998862,16.998831,27.696363,144,01:00
all,Sunday,6,75,left,13.123785,4.999155,0.999934,1.999829,7.999127,17.698134,144,01:15
all,Sunday,6,75,right,17.602517,11.997976,4.999238,7.997962,17.997536,26.696160,144,01:15
all,Sunday,6,90,left,16.741145,4.999785,1.999664,2.999884,9.998903,36.796240,144,01:30
all,Sunday,6,90,right,18.178535,9.999619,2.299895,6.998806,15.998803,30.497204,144,01:30
all,Sunday,6,105,left,13.838692,4.999532,0.999846,2.749659,8.998807,25.098115,144,01:45
all,Sunday,6,105,right,16.359309,9.999254,3.999340,5.999986,14.998441,24.998371,144,01:45
all,Sunday,6,120,left,7.432835,3.999365,0.999828,1.999746,7.998663,11.498077,136,02:00
all,Sunday,6,120,right,11.822086,8.999898,1.999701,5.999244,12.999227,20.997477,136,02:00
all,Sunday,6,135,left,8.991700,3.999361,0.999830,1.999724,7.748925,11.998936,138,02:15
all,Sunday,6,135,right,12.614249,8.999653,2.999520,5.999016,13.997441,16.999458,138,02:15
all,Sunday,6,150,left,8.035540,4.999349,0.999832,1.999828,7.999804,11.998148,138,02:30
all,Sunday,6,150,right,11.622032,7.999665,2.999689,4.999566,12.997676,17.299282,138,02:30
all,Sunday,6,165,left,5.535470,3.999284,0.999826,1.999682,5.999565,9.998716,138,02:45
all,Sunday,6,165,right,9.505885,8.494732,2.699630,4.999190,11.998718,15.997171,138,02:45
all,Sunday,6,180,left,5.765248,2.999969,0.000000,0.999964,5.999723,10.998123,141,03:00
all,Sunday,6,180,right,9.885278,7.998696,1.999648,3.999975,11.997918,15.997308,141,03:00
all,Sunday,6,195,left,5.304425,2.999517,0.000000,0.999832,6.997032,10.998075,141,03:15
all,Sunday,6,195,right,10.296671,7.998818,2.999394,5.998911,10.999851,15.998936,141,03:15
all,Sunday,6,210,left,9.459509,1.999975,0.000000,0.999839,5.998996,10.998627,141,03:30
all,Sunday,6,210,right,12.934348,7.999473,1.999673,5.998933,12.997884,20.996339,141,03:30
all,Sunday,6,225,left,4.651808,1.999887,0.000000,0.999822,3.999900,6.999871,141,03:45
all,Sunday,6,225,right,10.580173,9.998272,3.999327,5.998963,12.997697,15.999003,141,03:45
all,Sunday,6,240,left,4.368196,2.000411,0.000000,0.999840,4.999213,7.999478,141,04:00
all,Sunday,6,240,right,10.097962,8.998479,1.999657,4.999213,12.999335,16.997598,141,04:00
all,Sunday,6,255,left,4.864464,1.999706,0.000000,0.999830,4.999828,8.998389,141,04:15
all,Sunday,6,255,right,11.941568,9.999956,3.000110,5.999841,14.997505,19.999653,141,04:15
all,Sunday,6,270,left,6.615944,2.999480,0.000000,0.999826,5.999616,10.998165,141,04:30
all,Sunday,6,270,right,14.735540,10.998132,4.999167,6.999911,15.997663,21.999076,141,04:30
all,Sunday,6,285,left,6.970606,2.999217,0.000000,0.999893,4.999165,9.998275,141,04:45
all,Sunday,6,285,right,16.217551,12.999705,4.999677,8.998762,17.997010,27.002789,141,04:45
all,Sunday,6,300,left,9.913077,2.999811,0.000000,0.999965,6.249383,10.998034,140,05:00
all,Sunday,6,300,right,16.190972,11.998045,4.999150,7.748875,17.998098,26.995509,140,05:00
all,Sunday,6,315,left,9.764677,3.997418,0.000000,0.999885,6.999077,13.997780,141,05:15
all,Sunday,6,315,right,20.550428,14.999768,6.999241,11.998007,20.999086,28.994900,141,05:15
all,Sunday,6,330,left,13.537399,3.999299,0.000000,1.999654,7.998557,11.999636,141,05:30
all,Sunday,6,330,right,24.734622,18.997562,7.999347,12.997892,26.995549,34.994148,141,05:30
all,Sunday,6,345,left,7.786175,3.999316,0.000000,0.999977,7.998568,11.999534,141,05:45
all,Sunday,6,345,right,24.330447,21.996379,9.999603,15.992282,30.994914,42.994512,141,05:45
all,Sunday,6,360,left,9.183317,4.999127,0.999828,1.999713,7.997112,13.997642,141,06:00
all,Sunday,6,360,right,23.784118,20.997084,6.999118,12.997764,28.998519,42.998042,141,06:00
all,Sunday,6,375,left,8.772051,5.999010,0.999906,2.999483,9.998140,13.997535,141,06:15
all,Sunday,6,375,right,31.045823,27.995481,13.993009,18.996947,41.998325,50.994019,141,06:15
all,Sunday,6,390,left,9.544911,7.998651,1.999645,3.999309,12.991893,18.999698,141,06:30
all,Sunday,6,390,right,39.257550,39.013374,13.997573,23.995740,52.999158,64.993495,141,06:30
all,Sunday,6,405,left,11.175903,7.998645,0.999985,3.999311,14.998081,25.995407,141,06:45
all,Sunday,6,405,right,44.136481,46.991919,17.996965,31.994401,57.990046,65.988863,141,06:45
all,Sunday,6,420,left,13.622511,10.999381,1.999667,4.999150,18.996811,28.994511,141,07:00
all,Sunday,6,420,right,41.335707,42.993338,20.996470,34.995355,49.996443,55.999047,141,07:00
all,Sunday,6,435,left,16.579683,14.998942,2.999490,6.998849,23.998933,32.994666,141,07:15
all,Sunday,6,435,right,43.994703,44.992258,27.995247,35.993912,50.997020,58.990260,141,07:15
all,Sunday,6,450,left,18.366307,14.998567,2.999629,7.998548,26.995204,34.999557,141,07:30
all,Sunday,6,450,right,46.064763,47.994465,24.995789,37.999636,53.992420,63.996612,141,07:30
all,Sunday,6,465,left,21.344764,19.999098,2.999928,8.000217,32.994459,41.992854,141,07:45
all,Sunday,6,465,right,49.022206,49.998845,36.997936,42.997772,55.990767,64.995047,141,07:45
all,Sunday,6,480,left,21.862449,19.998645,4.999604,10.998613,28.995270,41.995375,141,08:00
all,Sunday,6,480,right,48.412460,47.993770,33.994512,40.997565,56.990361,65.998963,141,08:00
all,Sunday,6,495,left,27.968278,28.998298,7.999805,14.998806,38.998107,44.993347,141,08:15
all,Sunday,6,495,right,55.362657,56.990697,37.999836,46.998215,63.996952,71.987481,141,08:15
all,Sunday,6,510,left,30.195193,28.995164,6.999841,15.000001,42.992618,55.990723,141,08:30
all,Sunday,6,510,right,63.042952,62.989875,45.995735,54.995636,69.999305,81.985991,141,08:30
all,Sunday,6,525,left,30.403622,29.497083,8.898436,18.998395,42.996376,52.099328,140,08:45
all,Sunday,6,525,right,69.371873,67.492065,46.998010,56.990069,79.244194,92.986412,140,08:45
all,Sunday,6,540,left,28.975788,28.993421,7.999407,15.999431,39.993025,49.989830,141,09:00
all,Sunday,6,540,right,67.171241,67.988521,44.996319,55.995415,78.995496,88.995497,141,09:00
all,Sunday,6,555,left,33.039044,32.998324,10.999484,20.998812,44.996107,54.996666,141,09:15
all,Sunday,6,555,right,72.715459,72.987202,49.999045,58.995396,84.985824,95.988680,141,09:15
all,Sunday,6,570,left,35.458380,34.997060,8.999770,21.998062,48.000519,59.997592,141,09:30
all,Sunday,6,570,right,84.326503,83.987374,61.995996,69.997887,97.999994,110.979735,141,09:30
all,Sunday,6,585,left,38.620540,38.996707,11.996846,21.998442,52.995008,65.988733,141,09:45
all,Sunday,6,585,right,95.793137,91.997565,62.995539,77.993186,106.991065,127.979087,141,09:45
all,Sunday,6,600,left,36.188209,36.998158,9.998490,21.998891,50.991288,59.998064,141,10:00
all,Sunday,6,600,right,88.417905,86.985150,62.998141,73.983843,102.982747,117.998620,141,10:00
all,Sunday,6,615,left,37.904974,37.994428,14.000374,24.998663,51.995717,61.998660,141,10:15
all,Sunday,6,615,right,92.488897,87.993311,61.998508,77.987590,103.995232,117.998232,141,10:15
all,Sunday,6,630,left,40.208955,38.998637,12.997754,22.999395,54.998616,69.998422,141,10:30
all,Sunday,6,630,right,100.146733,94.992023,69.993292,83.985640,110.981659,136.992208,141,10:30
all,Sunday,6,645,left,41.655650,42.999438,11.999245,27.998198,54.995616,70.987736,141,10:45
all,Sunday,6,645,right,107.245075,102.997731,74.999089,88.989235,119.991180,142.999734,141,10:45
all,Sunday,6,660,left,41.089762,40.999503,13.998854,29.487923,55.003303,66.995680,140,11:00
all,Sunday,6,660,right,102.798604,102.993302,68.399939,85.994349,118.988197,138.095960,140,11:00
all,Sunday,6,675,left,40.931871,42.992546,16.997167,27.995506,51.990530,66.998643,141,11:15
all,Sunday,6,675,right,101.173594,97.993784,67.989040,81.995751,116.981546,135.977458,141,11:15
all,Sunday,6,690,left,40.350813,40.992735,14.998706,27.995057,52.996076,65.998656,141,11:30
all,Sunday,6,690,right,98.039244,98.990060,50.991036,75.994676,119.990065,132.989425,141,11:30
all,Sunday,6,705,left,39.795455,39.996124,15.999547,26.999758,52.996328,61.997568,141,11:45
all,Sunday,6,705,right,98.760505,97.995974,55.995018,77.996263,111.966517,137.994285,141,11:45
all,Sunday,6,720,left,40.861645,40.995587,14.997530,28.997624,51.995204,61.989879,141,12:00
all,Sunday,6,720,right,95.721812,94.983574,51.995402,74.023052,112.985901,128.983342,141,12:00
all,Sunday,6,735,left,40.712453,40.995972,11.997871,24.999225,54.997643,66.994741,141,12:15
all,Sunday,6,735,right,94.140371,90.984049,55.991680,73.996409,114.979630,132.979969,141,12:15
all,Sunday,6,750,left,42.045720,40.999362,15.003239,23.997981,57.990324,72.992822,141,12:30
all,Sunday,6,750,right,92.473069,88.998861,51.995449,69.994351,110.979519,136.994324,141,12:30
all,Sunday,6,765,left,41.746126,43.494866,14.897576,23.999456,54.994437,70.988747,140,12:45
all,Sunday,6,765,right,91.676346,91.984923,45.997051,71.987891,108.990672,130.983531,140,12:45
all,Sunday,6,780,left,43.569244,42.996994,18.000417,27.995132,56.996891,70.996335,141,13:00
all,Sunday,6,780,right,91.627619,92.998693,55.991887,70.993458,106.996217,129.980141,141,13:00
all,Sunday,6,795,left,42.345508,39.998540,15.897228,24.997706,57.994414,70.989873,140,13:15
all,Sunday,6,795,right,91.375902,88.993587,51.795543,67.742345,109.982794,133.176834,140,13:15
all,Sunday,6,810,left,43.223504,43.992805,10.998807,25.998224,57.989585,73.986210,141,13:30
all,Sunday,6,810,right,90.665891,87.992477,53.990878,71.994596,104.991723,125.950271,141,13:30
all,Sunday,6,825,left,42.223850,41.995954,16.998125,26.998466,55.990790,70.991793,140,13:45
all,Sunday,6,825,right,88.911221,84.995910,53.595982,67.988610,103.243749,122.086087,140,13:45
all,Sunday,6,840,left,42.917860,39.994203,14.997304,26.995436,58.991128,73.998244,141,14:00
all,Sunday,6,840,right,83.636073,82.985449,44.996747,64.991434,98.982207,119.979717,141,14:00
all,Sunday,6,855,left,43.698322,41.998464,14.999989,27.995084,58.995842,72.987929,141,14:15
all,Sunday,6,855,right,83.339757,85.992342,44.998993,67.993926,97.989995,111.999667,141,14:15
all,Sunday,6,870,left,42.335448,42.996208,13.998753,26.998854,53.995134,71.988002,141,14:30
all,Sunday,6,870,right,80.621243,78.992200,39.997857,60.989831,97.982553,117.996647,141,14:30
all,Sunday,6,885,left,43.222302,40.997502,17.999222,27.998350,55.998688,73.987590,141,14:45
all,Sunday,6,885,right,85.898376,84.995174,39.994496,68.940747,103.981091,122.960861,141,14:45
all,Sunday,6,900,left,42.201676,40.999443,13.999250,27.993259,55.994617,72.992547,141,15:00
all,Sunday,6,900,right,84.601692,83.992274,43.996197,65.989465,105.981729,127.984774,141,15:00
all,Sunday,6,915,left,41.316236,37.998251,14.998911,26.995762,54.994625,71.099154,141,15:15
all,Sunday,6,915,right,76.320387,75.994403,33.996037,57.079602,94.985037,117.988469,141,15:15
all,Sunday,6,930,left,41.571047,40.993099,17.997058,24.997349,56.046611,70.991813,141,15:30
all,Sunday,6,930,right,75.944317,75.986707,38.999605,57.997901,97.991846,113.994178,141,15:30
all,Sunday,6,945,left,43.189500,39.495974,14.999691,27.998507,58.245003,76.594227,140,15:45
all,Sunday,6,945,right,81.593892,78.990095,43.996403,62.991375,102.240474,120.980507,140,15:45
all,Sunday,6,960,left,42.267481,41.497901,16.798022,28.997608,53.245089,68.388333,140,16:00
all,Sunday,6,960,right,81.670955,79.995968,40.795346,61.995921,98.983777,120.090860,140,16:00
all,Sunday,6,975,left,42.145199,41.992641,17.996919,26.999495,51.991657,68.994112,141,16:15
all,Sunday,6,975,right,74.815568,74.998146,34.993580,55.997892,90.975579,116.981026,141,16:15
all,Sunday,6,990,left,41.569499,41.993636,16.999406,29.999122,51.995372,67.995017,141,16:30
all,Sunday,6,990,right,75.245609,73.994321,40.996946,59.995861,94.950935,109.993315,141,16:30
all,Sunday,6,1005,left,41.796786,40.997038,15.997641,26.997893,54.990260,66.989312,141,16:45
all,Sunday,6,1005,right,75.679665,74.999774,46.991599,59.989919,93.992750,106.999165,141,16:45
all,Sunday,6,1020,left,39.818651,38.996686,15.998964,23.995946,52.995834,64.999400,141,17:00
all,Sunday,6,1020,right,78.892852,78.998735,41.997277,57.990661,96.997767,115.980117,141,17:00
all,Sunday,6,1035,left,36.662870,34.996454,10.998155,16.998752,51.994269,71.993346,141,17:15
all,Sunday,6,1035,right,68.340351,70.995859,29.999180,48.996403,85.995610,102.982426,141,17:15
all,Sunday,6,1050,left,34.216770,28.995359,7.998629,13.999357,52.991575,69.989801,141,17:30
all,Sunday,6,1050,right,67.795342,69.991089,34.998666,50.996954,87.985105,99.997280,141,17:30
all,Sunday,6,1065,left,34.351053,23.995889,6.999348,12.998645,55.995224,73.010753,141,17:45
all,Sunday,6,1065,right,66.262719,65.989574,33.000127,49.997235,82.986233,98.983887,141,17:45
all,Sunday,6,1080,left,32.911946,28.998095,5.999540,12.997745,50.999527,70.988282,141,18:00
all,Sunday,6,1080,right,66.902071,65.994772,32.997263,46.000548,81.997510,103.999300,141,18:00
all,Sunday,6,1095,left,33.407862,27.997282,4.999195,12.998879,52.990652,70.996352,141,18:15
all,Sunday,6,1095,right,62.624801,63.989288,26.998207,49.995824,75.989530,96.990584,141,18:15
all,Sunday,6,1110,left,33.429129,26.995393,4.999883,11.998781,48.999366,72.994788,141,18:30
all,Sunday,6,1110,right,65.369038,65.988959,21.994489,47.992017,85.003470,98.987881,141,18:30
all,Sunday,6,1125,left,28.174070,19.999366,3.999945,10.998319,42.998191,66.957296,141,18:45
all,Sunday,6,1125,right,62.218924,63.036973,26.999437,45.995657,81.997458,93.995972,141,18:45
all,Sunday,6,1140,left,26.011520,20.999052,4.999179,9.999623,37.997150,58.996194,141,19:00
all,Sunday,6,1140,right,58.433872,59.998837,18.999348,45.996550,72.005212,87.992738,141,19:00
all,Sunday,6,1155,left,22.430343,15.998564,4.999215,7.999396,32.999233,49.991681,141,19:15
all,Sunday,6,1155,right,53.675342,53.995830,20.998243,38.996605,68.998474,86.985269,141,19:15
all,Sunday,6,1170,left,21.317112,14.998671,3.999400,7.999955,28.997895,47.996420,141,19:30
all,Sunday,6,1170,right,54.760164,57.990546,21.997075,39.997291,71.994213,81.984877,141,19:30
all,Sunday,6,1185,left,19.182263,13.998104,3.999860,7.999290,22.999154,47.991795,141,19:45
all,Sunday,6,1185,right,51.916566,55.996575,19.998369,37.994449,66.996907,76.986864,141,19:45
all,Sunday,6,1200,left,19.870136,11.999390,3.999340,6.999484,19.996425,47.996435,141,20:00
all,Sunday,6,1200,right,53.277592,51.991268,20.998424,37.993106,68.988240,84.996215,141,20:00
all,Sunday,6,1215,left,18.374101,10.999367,3.999303,6.999681,18.996871,29.999106,141,20:15
all,Sunday,6,1215,right,52.385072,47.995878,24.999079,36.999099,62.996770,83.998204,141,20:15
all,Sunday,6,1230,left,11.665493,9.998218,2.999925,4.999775,15.997296,22.999741,141,20:30
all,Sunday,6,1230,right,42.967424,43.017341,13.999135,29.998589,57.990462,69.000547,141,20:30
all,Sunday,6,1245,left,18.776765,8.999397,1.000054,4.999597,15.997242,25.997897,141,20:45
all,Sunday,6,1245,right,44.462339,41.997560,11.997917,24.997801,56.990980,76.995763,141,20:45
all,Sunday,6,1260,left,13.558957,8.999481,1.999811,5.999231,14.998699,19.998668,141,21:00
all,Sunday,6,1260,right,37.620675,35.993736,9.999433,22.996193,47.998896,63.993239,141,21:00
all,Sunday,6,1275,left,17.657941,8.998516,2.999745,4.999723,12.999040,21.998541,141,21:15
all,Sunday,6,1275,right,43.981701,36.997268,11.999757,24.998002,51.995403,71.999685,141,21:15
all,Sunday,6,1290,left,13.891861,8.999323,2.999790,5.999551,14.997773,19.999116,141,21:30
all,Sunday,6,1290,right,39.102000,35.997318,16.997269,26.998086,51.996250,60.994530,141,21:30
all,Sunday,6,1305,left,12.601631,7.999327,2.996898,3.999958,11.999091,19.999102,141,21:45
all,Sunday,6,1305,right,36.152886,33.996821,11.999856,24.997647,45.996877,54.990466,141,21:45
all,Sunday,6,1320,left,16.119271,8.001886,2.999664,4.999549,13.992207,24.995684,141,22:00
all,Sunday,6,1320,right,34.316410,30.994731,8.999644,22.995573,40.996913,51.994862,141,22:00
all,Sunday,6,1335,left,19.005138,9.001883,2.999855,5.999512,14.999621,22.998707,141,22:15
all,Sunday,6,1335,right,36.641874,30.998174,11.999419,20.999171,39.996980,55.992281,141,22:15
all,Sunday,6,1350,left,11.637439,6.999722,2.999735,3.999885,11.998939,17.997836,141,22:30
all,Sunday,6,1350,right,27.629316,26.997385,11.002068,18.997043,31.998383,39.996405,141,22:30
all,Sunday,6,1365,left,12.878271,7.999297,2.999718,4.999525,12.999652,19.998673,141,22:45
all,Sunday,6,1365,right,28.351816,23.998785,9.998259,16.998498,34.997298,44.996742,141,22:45
all,Sunday,6,1380,left,13.560033,6.999476,0.999967,3.999299,10.999117,23.999862,141,23:00
all,Sunday,6,1380,right,24.381780,20.998935,7.999334,13.998730,26.999371,39.998938,141,23:00
all,Sunday,6,1395,left,17.807282,9.999328,1.999991,5.000024,18.998278,35.999335,141,23:15
all,Sunday,6,1395,right,24.069338,18.999136,6.999440,11.998655,26.998264,39.996526,141,23:15
all,Sunday,6,1410,left,15.395813,7.999335,1.999862,4.999497,14.998980,24.998719,141,23:30
all,Sunday,6,1410,right,21.296242,15.999463,5.999025,11.998564,23.997935,33.997060,141,23:30
all,Sunday,6,1425,left,12.921177,5.999951,1.999674,2.999791,12.999280,25.997476,141,23:45
all,Sunday,6,1425,right,17.637085,14.998910,4.999615,8.999502,20.990468,26.999751,141,23:45
commissioning,Monday,0,0,left,5.332647,4.499655,1.999828,2.749622,8.998471,8.998806,12,00:00
commissioning,Monday,0,0,right,10.831896,6.999077,1.999971,3.499504,19.746648,24.997871,12,00:00
commissioning,Monday,0,15,left,24.664914,5.499615,0.299962,4.499239,17.248051,54.297021,12,00:15
commissioning,Monday,0,15,right,19.248622,5.999830,0.099984,3.249684,14.247497,26.698479,12,00:15
commissioning,Monday,0,30,left,19.996488,4.499286,1.999647,2.749517,8.498485,21.695928,12,00:30
commissioning,Monday,0,30,right,15.497690,4.999520,0.999820,0.999833,18.000111,30.894217,12,00:30
commissioning,Monday,0,45,left,4.332754,2.999748,0.999825,0.999871,5.499410,9.698341,12,00:45
commissioning,Monday,0,45,right,6.582360,3.999691,0.000000,0.749959,8.998770,15.597341,12,00:45
commissioning,Monday,0,60,left,4.363128,3.999439,1.999900,3.499283,5.499083,5.999646,11,01:00
commissioning,Monday,0,60,right,5.181399,1.999640,0.999762,0.999833,3.999536,15.999057,11,01:00
commissioning,Monday,0,75,left,14.081364,4.499224,1.099796,1.999680,11.249765,30.297839,12,01:15
commissioning,Monday,0,75,right,12.081694,2.499532,0.099984,0.999840,4.249536,54.495937,12,01:15
commissioning,Monday,0,90,left,2.916325,1.999910,0.000000,0.749870,3.499526,6.799508,12,01:30
commissioning,Monday,0,90,right,8.583007,6.999794,1.099904,2.749522,12.000562,15.898993,12,01:30
commissioning,Monday,0,105,left,6.582345,3.499567,0.999833,1.749711,6.248933,9.699120,12,01:45
commissioning,Monday,0,105,right,7.082349,3.999535,0.099983,1.749701,11.998151,15.898607,12,01:45
commissioning,Monday,0,120,left,2.833039,2.499734,0.999824,0.999862,4.999490,5.899055,12,02:00
commissioning,Monday,0,120,right,8.165818,2.499688,0.099984,0.999868,12.748469,16.799100,12,02:00
commissioning,Monday,0,135,left,4.666111,1.999692,0.000000,0.749915,5.499601,6.999727,12,02:15
commissioning,Monday,0,135,right,6.915908,3.499564,0.000000,0.749867,8.999240,18.598353,12,02:15
commissioning,Monday,0,150,left,23.746442,4.499723,0.999932,1.749770,5.999578,14.099138,12,02:30
commissioning,Monday,0,150,right,16.248228,8.999858,1.099853,2.749801,19.498210,33.596650,12,02:30
commissioning,Monday,0,165,left,3.416123,2.999703,0.999826,0.999952,4.249457,7.699697,12,02:45
commissioning,Monday,0,165,right,7.499113,7.998323,2.099936,2.999484,10.248402,10.998998,12,02:45
commissioning,Monday,0,180,left,9.249108,4.999220,0.999921,2.499114,7.999121,10.698287,12,03:00
commissioning,Monday,0,180,right,14.081792,7.998945,0.999632,1.749753,23.746962,37.093845,12,03:00
commissioning,Monday,0,195,left,4.999275,1.499749,0.000000,0.000000,4.999365,10.398212,12,03:15
commissioning,Monday,0,195,right,14.498155,6.498888,2.199832,3.999295,26.497500,31.597218,12,03:15
commissioning,Monday,0,210,left,7.499055,3.499403,0.999847,1.749740,5.749572,13.398066,12,03:30
commissioning,Monday,0,210,right,13.332437,8.498905,2.099639,3.749365,19.746938,28.906900,12,03:30
commissioning,Monday,0,225,left,15.330827,3.499399,0.999883,0.999986,7.499533,11.998611,12,03:45
commissioning,Monday,0,225,right,25.996608,9.998454,1.999667,2.749554,19.998630,44.598932,12,03:45
commissioning,Monday,0,240,left,19.580083,4.999131,1.999642,1.999654,8.248926,8.999685,12,04:00
commissioning,Monday,0,240,right,22.413420,10.498582,2.999476,3.749356,25.247494,50.591668,12,04:00
commissioning,Monday,0,255,left,3.166334,1.999792,0.099983,0.999831,4.249612,8.599438,12,04:15
commissioning,Monday,0,255,right,15.497981,11.998830,4.099591,6.499750,24.995772,31.294555,12,04:15
commissioning,Monday,0,270,left,5.832527,4.499977,2.999521,2.999808,9.248199,9.998068,12,04:30
commissioning,Monday,0,270,right,25.162660,21.998234,4.199724,6.749049,43.243374,49.996637,12,04:30
commissioning,Monday,0,285,left,6.500000,5.000078,1.999766,2.750070,7.748665,13.606777,12,04:45
commissioning,Monday,0,285,right,37.164278,38.009715,7.199175,11.998304,57.493293,74.587479,12,04:45
commissioning,Monday,0,300,left,5.915868,3.499682,1.099823,2.749559,8.249013,9.898456,12,05:00
commissioning,Monday,0,300,right,36.745253,30.494851,12.997618,12.998348,51.741585,77.987468,12,05:00
commissioning,Monday,0,315,left,29.328250,4.998893,1.199801,2.999794,14.493918,122.180587,12,05:15
commissioning,Monday,0,315,right,64.823832,52.996704,12.993619,12.997493,113.482956,131.479861,12,05:15
commissioning,Monday,0,330,left,22.747637,7.999051,1.099974,4.249339,16.997264,51.791599,12,05:30
commissioning,Monday,0,330,right,54.576580,44.492633,16.198919,18.746913,85.986027,97.384634,12,05:30
commissioning,Monday,0,345,left,11.248640,8.998768,3.999341,6.998865,13.998235,21.499501,12,05:45
commissioning,Monday,0,345,right,49.826734,46.992288,9.498929,17.747002,83.736458,88.689827,12,05:45
commissioning,Monday,0,360,left,42.326344,12.999421,7.298770,10.748237,24.747711,100.483030,12,06:00
commissioning,Monday,0,360,right,58.324198,52.991317,15.991104,16.748664,93.734340,113.981369,12,06:00
commissioning,Monday,0,375,left,12.665376,8.998520,3.999376,4.748844,14.497536,33.698541,12,06:15
commissioning,Monday,0,375,right,49.493640,42.994753,14.297404,19.246236,77.246337,85.786808,12,06:15
commissioning,Monday,0,390,left,12.082140,9.998912,3.999273,4.749173,18.497733,23.598475,12,06:30
commissioning,Monday,0,390,right,52.327192,52.996494,17.197002,18.996909,80.995209,90.886076,12,06:30
commissioning,Monday,0,405,left,10.831604,8.496766,3.999145,4.747958,13.247692,20.596843,12,06:45
commissioning,Monday,0,405,right,61.402293,64.494352,31.496750,37.492225,78.982038,94.551604,12,06:45
commissioning,Monday,0,420,left,13.581378,10.999432,5.099702,9.748291,16.497049,22.796064,12,07:00
commissioning,Monday,0,420,right,94.821614,87.484822,47.291660,69.494945,128.230916,137.987721,12,07:00
commissioning,Monday,0,435,left,22.747319,19.999495,5.998972,9.748322,29.244769,45.294711,12,07:15
commissioning,Monday,0,435,right,93.988702,88.490459,33.094321,52.740908,140.240756,158.980507,12,07:15
commissioning,Monday,0,450,left,17.831109,14.497820,2.299812,10.998152,21.748213,26.695771,12,07:30
commissioning,Monday,0,450,right,81.490453,82.986073,36.294697,44.996132,108.992627,120.992570,12,07:30
commissioning,Monday,0,465,left,10.498480,9.498410,4.099486,6.499343,13.998052,14.897761,12,07:45
commissioning,Monday,0,465,right,79.071895,81.986401,40.992716,41.745737,96.733403,105.295455,12,07:45
commissioning,Monday,0,480,left,15.831459,14.493218,10.998911,12.499721,16.247815,24.197826,12,08:00
commissioning,Monday,0,480,right,100.565958,97.495879,59.195054,69.238034,126.236029,132.398111,12,08:00
commissioning,Monday,0,495,left,37.829448,31.998450,18.496801,25.995846,52.740955,61.594113,12,08:15
commissioning,Monday,0,495,right,105.156065,92.496751,72.187544,74.744384,129.741270,150.889371,12,08:15
commissioning,Monday,0,510,left,44.496202,38.495603,20.697224,28.497287,63.993065,75.987766,12,08:30
commissioning,Monday,0,510,right,115.654839,120.992467,58.289783,72.989844,137.236117,161.674161,12,08:30
commissioning,Monday,0,525,left,36.495568,30.997583,18.198217,20.748286,49.745308,55.891568,12,08:45
commissioning,Monday,0,525,right,132.484189,131.977650,94.077160,101.740957,141.735969,176.381554,12,08:45
commissioning,Monday,0,540,left,37.745929,34.497727,21.096612,31.747531,45.994933,55.890441,12,09:00
commissioning,Monday,0,540,right,115.654229,116.483882,83.293577,103.988035,125.982092,128.691627,12,09:00
commissioning,Monday,0,555,left,34.080224,32.995906,24.095819,25.746566,42.497690,46.696124,12,09:15
commissioning,Monday,0,555,right,105.573071,104.989932,85.987188,89.744180,126.991885,129.679691,12,09:15
commissioning,Monday,0,570,left,31.495868,31.990130,12.399149,27.246258,39.746640,46.495440,12,09:30
commissioning,Monday,0,570,right,95.319337,103.484872,53.298818,64.998035,117.451056,128.288070,12,09:30
commissioning,Monday,0,585,left,33.747311,36.999805,24.197763,28.998674,39.246771,40.898649,12,09:45
commissioning,Monday,0,585,right,99.241094,108.988137,67.994993,78.499477,120.483862,126.788409,12,09:45
commissioning,Monday,0,600,left,28.911182,28.996787,14.599816,22.996404,36.248813,39.667038,12,10:00
commissioning,Monday,0,600,right,93.399414,109.993168,40.197158,59.241052,123.410694,129.776893,12,10:00
commissioning,Monday,0,615,left,39.245348,36.496426,24.399195,30.248044,43.742437,55.895801,12,10:15
commissioning,Monday,0,615,right,100.821678,111.485224,58.196259,71.246281,127.728905,138.089265,12,10:15
commissioning,Monday,0,630,left,31.413364,30.497893,24.099153,26.495853,36.498053,40.693422,12,10:30
commissioning,Monday,0,630,right,94.905860,89.995565,56.891272,70.995728,125.237275,133.478280,12,10:30
commissioning,Monday,0,645,left,34.077968,36.493854,21.996512,24.997962,42.247056,44.793145,12,10:45
commissioning,Monday,0,645,right,101.819670,113.485808,52.790680,75.720374,125.985109,137.079884,12,10:45
commissioning,Monday,0,660,left,36.245727,36.495384,21.099660,25.747208,41.744605,52.992842,12,11:00
commissioning,Monday,0,660,right,102.154160,94.492029,36.595895,56.990010,139.980195,188.573026,12,11:00
commissioning,Monday,0,675,left,33.580813,32.497005,26.995814,29.249368,36.245015,39.699159,12,11:15
commissioning,Monday,0,675,right,106.241063,99.486003,38.999246,74.998455,150.738191,166.170603,12,11:15
commissioning,Monday,0,690,left,40.329830,41.997333,21.798676,33.499286,46.247136,55.097806,12,11:30
commissioning,Monday,0,690,right,96.242425,96.990125,25.397886,67.990218,117.486541,133.086295,12,11:30
commissioning,Monday,0,705,left,47.497249,44.998149,32.994965,37.496751,62.493607,66.688299,12,11:45
commissioning,Monday,0,705,right,111.833207,87.487750,62.416626,67.989509,116.490571,209.485975,12,11:45
commissioning,Monday,0,720,left,38.829083,34.496841,20.200161,27.995707,45.249210,69.388957,12,12:00
commissioning,Monday,0,720,right,77.242605,82.495500,47.092250,60.749110,94.739361,106.881858,12,12:00
commissioning,Monday,0,735,left,48.744637,46.996749,26.995946,38.248403,58.996148,68.287895,12,12:15
commissioning,Monday,0,735,right,108.904257,88.989785,62.194717,63.997569,142.742569,199.567624,12,12:15
commissioning,Monday,0,750,left,38.579013,36.995660,27.097650,33.246534,47.496384,50.791820,12,12:30
commissioning,Monday,0,750,right,81.158751,63.990609,53.397804,57.741124,84.494597,156.193433,12,12:30
commissioning,Monday,0,765,left,30.578748,26.497655,22.098320,23.746088,37.744774,46.891963,12,12:45
commissioning,Monday,0,765,right,79.739127,69.988005,60.989843,61.736303,82.741878,99.997293,12,12:45
commissioning,Monday,0,780,left,35.746770,30.995223,23.595966,28.997853,40.247496,46.697894,12,13:00
commissioning,Monday,0,780,right,85.241370,70.496791,62.198612,65.491001,76.995124,119.281521,12,13:00
commissioning,Monday,0,795,left,38.076504,31.996205,24.979461,27.246477,39.245141,58.895226,12,13:15
commissioning,Monday,0,795,right,75.235313,67.489391,50.658878,59.222756,78.492733,90.485825,12,13:15
commissioning,Monday,0,810,left,35.996777,32.996485,19.996802,21.496845,42.747419,62.093869,12,13:30
commissioning,Monday,0,810,right,83.324890,66.498330,57.090879,57.997340,86.739057,109.682739,12,13:30
commissioning,Monday,0,825,left,40.078438,39.494809,18.696766,27.245311,54.495553,63.194963,12,13:45
commissioning,Monday,0,825,right,78.739007,75.994971,57.495179,63.490298,81.235331,104.781891,12,13:45
commissioning,Monday,0,840,left,40.412523,41.997230,18.797127,29.747284,51.492836,58.395689,12,14:00
commissioning,Monday,0,840,right,90.156877,86.988958,53.696265,67.492621,103.744304,129.078824,12,14:00
commissioning,Monday,0,855,left,43.162698,41.497320,31.298334,33.994203,50.994482,57.597977,12,14:15
commissioning,Monday,0,855,right,82.909006,68.995869,53.890592,63.495478,81.496298,143.596149,12,14:15
commissioning,Monday,0,870,left,45.577389,44.497322,25.395720,32.744761,52.740073,57.989790,12,14:30
commissioning,Monday,0,870,right,79.488547,73.491067,60.092925,64.738689,103.235655,104.882447,12,14:30
commissioning,Monday,0,885,left,36.746236,38.493642,28.095148,32.744721,40.249075,42.797732,12,14:45
commissioning,Monday,0,885,right,72.408778,71.991743,53.090873,59.244242,79.492840,94.184231,12,14:45
commissioning,Monday,0,900,left,33.579432,35.995484,17.400740,22.496781,41.494014,47.492609,12,15:00
commissioning,Monday,0,900,right,67.493186,69.491157,42.892509,62.239885,74.996233,82.488556,12,15:00
commissioning,Monday,0,915,left,39.745734,37.997575,20.399393,28.498029,51.992351,59.196551,12,15:15
commissioning,Monday,0,915,right,88.823685,67.492254,42.688939,54.247092,101.486941,165.095977,12,15:15
commissioning,Monday,0,930,left,31.412155,30.494605,10.599444,17.498114,36.995029,46.893082,12,15:30
commissioning,Monday,0,930,right,74.572397,72.987584,52.598540,63.241243,85.734859,99.682710,12,15:30
commissioning,Monday,0,945,left,33.162616,30.997390,22.196875,26.995251,43.247176,46.692705,12,15:45
commissioning,Monday,0,945,right,82.073062,72.491751,57.191146,62.740841,90.741965,124.480490,12,15:45
commissioning,Monday,0,960,left,31.247327,32.495915,19.297104,25.747169,36.498793,37.999195,12,16:00
commissioning,Monday,0,960,right,75.576128,72.991410,59.990552,62.991797,79.737237,84.993746,12,16:00
commissioning,Monday,0,975,left,32.163086,31.503292,22.098331,25.245972,40.243994,41.893529,12,16:15
commissioning,Monday,0,975,right,84.492360,83.990136,62.392048,65.992763,94.487059,99.937083,12,16:15
commissioning,Monday,0,990,left,33.412512,35.993944,23.995928,25.498107,39.493730,41.897201,12,16:30
commissioning,Monday,0,990,right,85.989414,78.992624,73.188328,74.987265,96.236921,105.394389,12,16:30
commissioning,Monday,0,1005,left,31.829987,31.997125,26.095749,27.745879,36.994067,39.998802,12,16:45
commissioning,Monday,0,1005,right,82.657588,86.984848,57.494475,68.741098,99.742835,109.782799,12,16:45
commissioning,Monday,0,1020,left,38.327936,41.494074,28.198665,30.747119,46.235173,50.591001,12,17:00
commissioning,Monday,0,1020,right,74.740620,65.497526,41.593072,55.243950,97.733037,114.395770,12,17:00
commissioning,Monday,0,1035,left,37.245338,37.995004,17.497047,26.493872,49.246142,53.594586,12,17:15
commissioning,Monday,0,1035,right,71.074174,81.993974,29.195838,57.977413,92.241340,93.892961,12,17:15
commissioning,Monday,0,1050,left,38.829594,39.496290,16.596989,32.497695,45.743266,60.590037,12,17:30
commissioning,Monday,0,1050,right,68.576702,72.994995,18.999069,55.741234,92.737581,101.282518,12,17:30
commissioning,Monday,0,1065,left,35.412231,36.996101,13.397602,26.746222,45.747128,50.691203,12,17:45
commissioning,Monday,0,1065,right,66.991652,73.989642,18.196744,40.243296,94.486722,99.590317,12,17:45
commissioning,Monday,0,1080,left,34.912968,37.498356,6.099591,26.497805,42.746870,52.491396,12,18:00
commissioning,Monday,0,1080,right,56.743491,64.496386,10.498895,26.245495,77.989566,109.782893,12,18:00
commissioning,Monday,0,1095,left,24.833106,21.497600,6.399698,9.999998,43.243175,48.525171,12,18:15
commissioning,Monday,0,1095,right,50.080503,54.016000,9.599764,25.499051,70.741966,84.086781,12,18:15
commissioning,Monday,0,1110,left,23.747023,17.999480,5.299132,11.749026,32.245390,43.785801,12,18:30
commissioning,Monday,0,1110,right,38.911056,41.995946,5.299133,10.249494,59.993678,77.675325,12,18:30
commissioning,Monday,0,1125,left,27.331395,28.499711,11.098201,13.497765,37.999460,46.093216,12,18:45
commissioning,Monday,0,1125,right,37.830920,27.999788,10.198346,13.499344,56.496603,68.789152,12,18:45
commissioning,Monday,0,1140,left,26.164543,17.998671,6.998775,7.748070,44.747484,50.596289,12,19:00
commissioning,Monday,0,1140,right,34.413567,31.998488,4.299378,9.248391,58.996373,64.997870,12,19:00
commissioning,Monday,0,1155,left,32.247960,16.997177,5.099841,5.999572,37.248148,46.091473,12,19:15
commissioning,Monday,0,1155,right,40.413969,26.996777,5.399483,16.498885,44.245031,60.897557,12,19:15
commissioning,Monday,0,1170,left,11.082376,11.999245,4.999573,7.248946,15.248576,16.897305,12,19:30
commissioning,Monday,0,1170,right,24.748062,21.999907,4.399589,10.998258,37.496507,46.196202,12,19:30
commissioning,Monday,0,1185,left,9.582276,9.499047,5.299479,7.999156,11.998020,12.897841,12,19:45
commissioning,Monday,0,1185,right,17.248235,18.496984,6.399429,12.248285,21.998891,26.797914,12,19:45
commissioning,Monday,0,1200,left,18.915610,10.999317,6.299816,8.999472,18.997597,31.608813,12,20:00
commissioning,Monday,0,1200,right,21.416510,14.499798,4.999604,5.749737,25.747970,57.416025,12,20:00
commissioning,Monday,0,1215,left,14.164264,7.499227,2.999860,4.499461,20.737690,35.597435,12,20:15
commissioning,Monday,0,1215,right,20.579890,18.999312,5.099961,10.499855,24.992073,38.795459,12,20:15
commissioning,Monday,0,1230,left,19.497458,11.999179,1.199872,5.249300,14.499079,19.596865,12,20:30
commissioning,Monday,0,1230,right,22.914047,16.997987,5.999583,11.998229,19.249134,20.899168,12,20:30
commissioning,Monday,0,1245,left,9.332012,8.497567,5.099200,6.749088,11.248944,12.897898,12,20:45
commissioning,Monday,0,1245,right,13.747905,11.498402,6.999507,6.999872,20.996625,21.896450,12,20:45
commissioning,Monday,0,1260,left,8.749158,7.999201,4.099958,5.749184,9.998600,16.299452,12,21:00
commissioning,Monday,0,1260,right,16.998458,16.498763,6.399818,11.498950,23.249372,27.595782,12,21:00
commissioning,Monday,0,1275,left,7.165829,4.499635,2.999467,2.999856,9.748357,16.497263,12,21:15
commissioning,Monday,0,1275,right,16.081419,13.998135,4.298509,8.498600,21.246289,32.194522,12,21:15
commissioning,Monday,0,1290,left,11.498523,7.499039,2.999487,2.999803,9.249292,15.397448,12,21:30
commissioning,Monday,0,1290,right,18.914334,17.996901,5.299662,10.998219,21.498715,23.896184,12,21:30
commissioning,Monday,0,1305,left,6.749269,7.498797,2.199901,3.999562,8.749860,11.898136,12,21:45
commissioning,Monday,0,1305,right,13.248678,14.498263,3.199707,8.748661,18.247834,21.698995,12,21:45
commissioning,Monday,0,1320,left,8.082681,6.999238,2.099904,3.749609,10.248249,17.597278,12,22:00
commissioning,Monday,0,1320,right,10.582572,9.500625,3.099759,5.499238,13.747831,20.499954,12,22:00
commissioning,Monday,0,1335,left,15.581441,7.998666,3.099693,3.999339,11.748317,43.693070,12,22:15
commissioning,Monday,0,1335,right,17.081169,13.498012,3.099888,5.499168,20.247025,30.595298,12,22:15
commissioning,Monday,0,1350,left,8.498874,6.999110,2.999731,4.499725,9.748363,13.799600,12,22:30
commissioning,Monday,0,1350,right,14.748059,13.997730,2.199823,6.998841,21.999003,29.195380,12,22:30
commissioning,Monday,0,1365,left,14.664898,6.999169,4.199214,5.999240,14.998755,26.091227,12,22:45
commissioning,Monday,0,1365,right,17.080903,10.998691,2.099829,3.749360,22.248665,42.785658,12,22:45
commissioning,Monday,0,1380,left,10.582210,8.999519,3.299569,5.999250,14.249058,17.696974,12,23:00
commissioning,Monday,0,1380,right,10.582189,9.498328,2.999717,6.749419,12.747866,19.498553,12,23:00
commissioning,Monday,0,1395,left,19.747329,7.499042,0.999931,3.999372,14.749849,34.095776,12,23:15
commissioning,Monday,0,1395,right,15.581309,11.498100,1.099900,4.999774,13.249104,43.992614,12,23:15
commissioning,Monday,0,1410,left,10.414555,6.499607,2.099927,2.999797,16.494312,22.795160,12,23:30
commissioning,Monday,0,1410,right,11.748633,10.499187,1.999989,4.247342,12.998029,30.098367,12,23:30
commissioning,Monday,0,1425,left,4.666229,2.999791,1.099972,1.999938,4.499693,11.399475,12,23:45
commissioning,Monday,0,1425,right,6.832797,4.499579,1.099981,3.499471,8.249160,14.399010,12,23:45
commissioning,Tuesday,1,0,left,8.582390,5.499143,1.999665,2.749702,12.497897,19.698517,12,00:00
commissioning,Tuesday,1,0,right,6.499243,5.999321,0.999849,3.249793,9.248435,13.599465,12,00:00
commissioning,Tuesday,1,15,left,9.164509,4.999549,0.999833,2.499894,8.993840,13.499183,12,00:15
commissioning,Tuesday,1,15,right,14.330326,12.494184,1.299890,3.999594,14.999352,15.897488,12,00:15
commissioning,Tuesday,1,30,left,5.499347,3.499726,0.999944,1.749829,7.999389,12.497951,12,00:30
commissioning,Tuesday,1,30,right,6.666182,6.001071,0.999837,2.499595,9.249284,12.698269,12,00:30
commissioning,Tuesday,1,45,left,6.748977,4.999390,1.099902,2.749291,8.748465,16.399564,12,00:45
commissioning,Tuesday,1,45,right,6.415462,5.499503,1.099927,1.999583,11.993858,11.998951,12,00:45
commissioning,Tuesday,1,60,left,5.416165,4.500100,1.099881,1.999871,6.499395,10.699412,12,01:00
commissioning,Tuesday,1,60,right,6.499312,5.000283,0.199964,2.749774,8.748611,14.598853,12,01:00
commissioning,Tuesday,1,75,left,10.665075,2.999587,0.000000,0.749869,8.498824,9.999385,12,01:15
commissioning,Tuesday,1,75,right,11.415083,6.999335,1.299865,3.999550,9.249733,18.996745,12,01:15
commissioning,Tuesday,1,90,left,7.165672,3.999350,2.099832,3.749434,6.249381,7.899339,12,01:30
commissioning,Tuesday,1,90,right,6.832365,5.999025,1.999684,3.499719,8.498937,10.898986,12,01:30
commissioning,Tuesday,1,105,left,3.916098,2.499708,1.099890,1.999659,6.248978,6.999349,12,01:45
commissioning,Tuesday,1,105,right,8.332155,7.998700,1.999667,4.249601,10.248903,12.798185,12,01:45
commissioning,Tuesday,1,120,left,5.999517,5.499543,2.099902,3.749370,6.998815,9.699474,12,02:00
commissioning,Tuesday,1,120,right,4.916353,2.499906,0.999836,0.999899,6.998899,12.399736,12,02:00
commissioning,Tuesday,1,135,left,6.832569,6.499286,1.999675,4.249816,8.998736,8.999825,12,02:15
commissioning,Tuesday,1,135,right,6.749452,4.999263,1.999683,2.749603,6.998998,15.099738,12,02:15
commissioning,Tuesday,1,150,left,6.332689,6.499388,0.999834,2.499597,8.749232,11.899001,12,02:30
commissioning,Tuesday,1,150,right,6.832481,7.998609,0.099983,1.749860,10.499339,12.899031,12,02:30
commissioning,Tuesday,1,165,left,6.499127,5.499323,0.999817,1.749506,6.249656,11.499214,12,02:45
commissioning,Tuesday,1,165,right,16.414305,11.998966,2.299739,5.748795,21.498096,24.795684,12,02:45
commissioning,Tuesday,1,180,left,4.666065,3.499497,0.099990,1.749728,7.248941,11.598450,12,03:00
commissioning,Tuesday,1,180,right,12.248935,6.998948,2.099752,5.249548,19.247540,26.599028,12,03:00
commissioning,Tuesday,1,195,left,13.581729,3.499522,1.099894,1.999666,6.499245,24.496016,12,03:15
commissioning,Tuesday,1,195,right,17.247589,10.998198,1.999640,2.749687,22.747030,27.693315,12,03:15
commissioning,Tuesday,1,210,left,3.999363,3.999009,0.999825,1.749890,4.249650,9.498321,12,03:30
commissioning,Tuesday,1,210,right,9.248552,7.498693,3.099492,3.999673,13.247143,18.797446,12,03:30
commissioning,Tuesday,1,225,left,7.748871,7.499290,3.099496,4.749665,9.748289,12.897692,12,03:45
commissioning,Tuesday,1,225,right,13.331618,11.998597,4.999127,5.749060,18.746830,26.395454,12,03:45
commissioning,Tuesday,1,240,left,9.582051,5.999845,1.999664,1.999878,13.748487,16.897262,12,04:00
commissioning,Tuesday,1,240,right,14.415017,11.998970,4.099337,5.749660,21.997175,25.597699,12,04:00
commissioning,Tuesday,1,255,left,6.249077,5.498109,2.099675,2.999691,6.248991,7.899987,12,04:15
commissioning,Tuesday,1,255,right,20.330213,21.997222,3.399481,10.749834,29.995848,32.696537,12,04:15
commissioning,Tuesday,1,270,left,7.332467,5.999399,1.099890,3.499573,12.248183,13.897794,12,04:30
commissioning,Tuesday,1,270,right,38.327457,39.495094,8.899582,22.246354,52.743525,63.996732,12,04:30
commissioning,Tuesday,1,285,left,5.832610,3.499357,0.999849,1.749721,10.748638,12.997824,12,04:45
commissioning,Tuesday,1,285,right,40.161414,41.495562,16.997150,30.496327,48.246563,60.394973,12,04:45
commissioning,Tuesday,1,300,left,7.416232,4.999863,2.099811,2.999788,10.499696,14.699101,12,05:00
commissioning,Tuesday,1,300,right,44.663121,44.498375,18.198515,27.496148,60.745874,71.989213,12,05:00
commissioning,Tuesday,1,315,left,19.663501,8.499599,2.099862,5.249086,16.996197,46.092427,12,05:15
commissioning,Tuesday,1,315,right,50.242744,55.494397,14.997386,33.744396,63.743922,84.278106,12,05:15
commissioning,Tuesday,1,330,left,13.498132,9.498450,4.099428,6.498962,10.749657,14.797596,12,05:30
commissioning,Tuesday,1,330,right,60.076184,62.992709,22.696710,40.243428,84.245269,92.485530,12,05:30
commissioning,Tuesday,1,345,left,13.665083,9.497705,5.099924,7.498928,17.748684,22.697471,12,05:45
commissioning,Tuesday,1,345,right,58.576880,64.988992,16.499754,42.734175,74.997691,80.693143,12,05:45
commissioning,Tuesday,1,360,left,13.583675,14.998434,3.099975,3.999947,20.248348,24.895937,12,06:00
commissioning,Tuesday,1,360,right,65.751738,76.995515,20.199497,35.498333,87.737378,101.697898,12,06:00
commissioning,Tuesday,1,375,left,14.415241,14.999029,5.999083,6.749711,18.248669,20.797446,12,06:15
commissioning,Tuesday,1,375,right,62.744259,70.989290,14.597935,42.493821,83.998038,89.694023,12,06:15
commissioning,Tuesday,1,390,left,13.998819,12.999897,5.299914,10.249243,18.499084,20.896488,12,06:30
commissioning,Tuesday,1,390,right,66.160292,76.493281,16.799060,37.499648,83.244206,93.291023,12,06:30
commissioning,Tuesday,1,405,left,13.913499,6.999184,2.999542,2.999963,19.497747,35.396574,12,06:45
commissioning,Tuesday,1,405,right,93.234436,87.485830,40.398143,67.997466,115.730978,139.284920,12,06:45
commissioning,Tuesday,1,420,left,17.997469,12.499083,6.099909,8.499733,25.496435,35.393681,12,07:00
commissioning,Tuesday,1,420,right,97.989378,72.493325,47.097771,48.748026,155.488327,161.776862,12,07:00
commissioning,Tuesday,1,435,left,30.661744,30.497528,11.098176,17.247097,38.244587,43.793317,12,07:15
commissioning,Tuesday,1,435,right,103.062539,94.987985,68.389717,77.239707,135.727828,143.697092,12,07:15
commissioning,Tuesday,1,450,left,26.664520,26.497570,10.098344,12.499446,41.248894,44.692735,12,07:30
commissioning,Tuesday,1,450,right,81.493030,70.492447,51.698201,60.997399,95.484048,136.298628,12,07:30
commissioning,Tuesday,1,465,left,25.247519,17.998360,7.999169,8.000436,39.995075,51.691672,12,07:45
commissioning,Tuesday,1,465,right,81.577163,76.492646,54.093290,63.992614,90.495057,119.310102,12,07:45
commissioning,Tuesday,1,480,left,33.994585,42.997215,8.301823,13.249735,50.244656,57.289802,12,08:00
commissioning,Tuesday,1,480,right,118.562039,115.998637,57.300172,82.496661,137.705167,201.165556,12,08:00
commissioning,Tuesday,1,495,left,45.243332,47.491872,26.798141,34.745268,58.990185,59.889960,12,08:15
commissioning,Tuesday,1,495,right,130.731523,125.978847,90.295838,113.980605,158.725393,172.672765,12,08:15
commissioning,Tuesday,1,510,left,53.076371,54.997671,37.499422,47.248312,60.240084,61.892753,12,08:30
commissioning,Tuesday,1,510,right,129.566898,128.985786,113.080583,121.496212,137.240929,143.678420,12,08:30
commissioning,Tuesday,1,525,left,50.575122,48.996608,35.095443,37.490578,52.494566,81.885157,12,08:45
commissioning,Tuesday,1,525,right,131.061622,130.987247,109.890659,126.929324,144.736784,152.374543,12,08:45
commissioning,Tuesday,1,540,left,46.829921,48.494468,31.297057,35.499258,57.244116,58.898581,12,09:00
commissioning,Tuesday,1,540,right,114.742108,116.996339,90.394717,105.983503,123.240742,135.091117,12,09:00
commissioning,Tuesday,1,555,left,40.246887,37.997731,22.097156,28.247121,51.243255,52.892476,12,09:15
commissioning,Tuesday,1,555,right,107.408728,113.993726,68.490975,87.996874,121.495060,139.786923,12,09:15
commissioning,Tuesday,1,570,left,45.245632,48.492354,31.097242,34.987053,53.999909,57.890760,12,09:30
commissioning,Tuesday,1,570,right,109.572220,113.994956,67.489300,97.499006,126.732819,135.575636,12,09:30
commissioning,Tuesday,1,585,left,41.912713,38.497227,27.295633,29.998308,48.997950,54.692288,12,09:45
commissioning,Tuesday,1,585,right,103.823834,113.491291,67.195727,86.245842,126.482800,130.692221,12,09:45
commissioning,Tuesday,1,600,left,37.414465,36.499461,23.496900,30.248616,41.493195,53.797041,12,10:00
commissioning,Tuesday,1,600,right,95.078913,107.980286,59.590975,74.739663,114.002163,121.203413,12,10:00
commissioning,Tuesday,1,615,left,39.411047,41.994231,24.498835,37.233280,45.747559,51.892573,12,10:15
commissioning,Tuesday,1,615,right,115.567287,112.496428,96.197340,104.731404,129.976915,133.892634,12,10:15
commissioning,Tuesday,1,630,left,54.994568,50.996896,35.993915,41.994345,64.990781,73.988298,12,10:30
commissioning,Tuesday,1,630,right,116.322778,118.992867,70.388671,99.485773,132.990600,140.791428,12,10:30
commissioning,Tuesday,1,645,left,37.581016,32.495108,26.995937,27.746616,44.500616,58.593016,12,10:45
commissioning,Tuesday,1,645,right,114.658606,121.523294,68.088120,101.983437,134.990842,140.380418,12,10:45
commissioning,Tuesday,1,660,left,46.661200,49.491565,25.298303,37.744781,57.240292,61.896325,12,11:00
commissioning,Tuesday,1,660,right,126.985106,126.975789,92.191547,114.236187,150.487645,161.873605,12,11:00
commissioning,Tuesday,1,675,left,41.245343,36.495683,27.195704,31.245566,44.740700,65.595022,12,11:15
commissioning,Tuesday,1,675,right,111.235599,106.982109,89.897183,100.232873,119.985669,138.589875,12,11:15
commissioning,Tuesday,1,690,left,40.912257,39.495328,28.994974,28.996907,45.245980,64.889377,12,11:30
commissioning,Tuesday,1,690,right,110.570665,108.485558,82.286745,99.984604,133.489260,135.880799,12,11:30
commissioning,Tuesday,1,705,left,46.827512,45.995912,29.395559,34.498551,52.990852,62.296343,12,11:45
commissioning,Tuesday,1,705,right,105.320497,96.483413,88.085048,89.741148,119.738344,136.696222,12,11:45
commissioning,Tuesday,1,720,left,46.494657,45.494396,27.495419,31.997933,56.742944,74.894139,12,12:00
commissioning,Tuesday,1,720,right,92.905015,91.981758,60.191865,87.487607,111.485761,124.380486,12,12:00
commissioning,Tuesday,1,735,left,40.493954,39.995492,29.297655,32.747169,46.742017,50.791526,12,12:15
commissioning,Tuesday,1,735,right,81.571262,75.486515,66.195288,68.740359,98.482869,99.984050,12,12:15
commissioning,Tuesday,1,750,left,35.830181,31.998254,28.095689,30.497043,36.498835,40.700113,12,12:30
commissioning,Tuesday,1,750,right,87.576000,88.501542,71.192137,75.246788,96.733500,103.490026,12,12:30
commissioning,Tuesday,1,765,left,38.078275,37.995945,22.596652,29.495981,40.993234,44.592326,12,12:45
commissioning,Tuesday,1,765,right,84.738962,83.985799,70.088677,70.995114,98.738529,104.887337,12,12:45
commissioning,Tuesday,1,780,left,35.995511,32.995336,26.995036,29.245343,41.246398,50.993381,12,13:00
commissioning,Tuesday,1,780,right,75.740433,76.489350,61.990046,62.739991,89.237448,90.884924,12,13:00
commissioning,Tuesday,1,795,left,30.578777,30.496659,18.997174,24.246266,37.244281,39.793033,12,13:15
commissioning,Tuesday,1,795,right,78.238392,77.486380,62.289355,68.739002,85.737259,94.892616,12,13:15
commissioning,Tuesday,1,810,left,37.163336,38.995136,19.399346,24.496245,46.248304,50.597068,12,13:30
commissioning,Tuesday,1,810,right,77.326536,75.990502,58.990738,61.997857,88.488031,101.693576,12,13:30
commissioning,Tuesday,1,825,left,36.412262,35.495903,25.496148,30.747929,42.241775,42.998065,12,13:45
commissioning,Tuesday,1,825,right,82.823444,79.493345,70.497456,74.996988,89.738650,96.784739,12,13:45
commissioning,Tuesday,1,840,left,36.829641,38.997637,22.198422,23.997000,43.244326,49.392226,12,14:00
commissioning,Tuesday,1,840,right,78.992090,76.490225,61.989934,71.741688,84.995471,91.886097,12,14:00
commissioning,Tuesday,1,855,left,36.158233,34.994481,19.696615,27.495639,45.961556,53.197918,12,14:15
commissioning,Tuesday,1,855,right,79.482790,73.987228,65.090688,68.238708,91.245335,97.683289,12,14:15
commissioning,Tuesday,1,870,left,37.162806,38.493403,26.796085,34.745883,43.498369,47.695667,12,14:30
commissioning,Tuesday,1,870,right,76.158450,75.990673,62.193494,66.988698,86.997196,87.886735,12,14:30
commissioning,Tuesday,1,885,left,35.328782,35.994994,23.098969,29.244934,41.498828,43.893223,12,14:45
commissioning,Tuesday,1,885,right,78.907020,74.987724,60.193008,71.737801,86.745338,93.485292,12,14:45
commissioning,Tuesday,1,900,left,37.497471,34.499758,30.995902,32.498004,39.248004,41.798544,12,15:00
commissioning,Tuesday,1,900,right,71.579153,72.996151,54.498990,60.491651,79.250178,86.287142,12,15:00
commissioning,Tuesday,1,915,left,34.830301,30.497902,20.199499,24.246754,40.994731,51.796450,12,15:15
commissioning,Tuesday,1,915,right,79.408593,78.492678,66.289589,71.247064,84.241009,89.484781,12,15:15
commissioning,Tuesday,1,930,left,27.745578,26.996445,17.597289,23.746135,30.744725,39.292904,12,15:30
commissioning,Tuesday,1,930,right,79.571214,78.487058,67.389573,73.990318,86.486580,93.383716,12,15:30
commissioning,Tuesday,1,945,left,28.496768,25.995281,19.196818,20.998569,31.998412,41.895939,12,15:45
commissioning,Tuesday,1,945,right,66.825966,66.991077,57.295711,62.990212,73.496548,74.995813,12,15:45
commissioning,Tuesday,1,960,left,30.246284,30.995588,18.199393,23.747396,33.996227,39.397731,12,16:00
commissioning,Tuesday,1,960,right,73.824557,72.489959,49.598453,60.992605,81.236962,109.882266,12,16:00
commissioning,Tuesday,1,975,left,36.996737,36.497010,21.196585,28.248566,39.994672,49.598520,12,16:15
commissioning,Tuesday,1,975,right,97.907571,92.992868,80.295212,87.487054,104.243811,112.497939,12,16:15
commissioning,Tuesday,1,990,left,31.083142,31.495023,20.996776,22.498280,34.494454,48.638546,12,16:30
commissioning,Tuesday,1,990,right,84.327682,83.490542,57.598670,74.256763,92.235334,123.287749,12,16:30
commissioning,Tuesday,1,1005,left,32.912849,33.495823,8.099524,23.248743,46.994307,53.896780,12,16:45
commissioning,Tuesday,1,1005,right,76.324621,87.987341,30.396935,53.492053,101.986214,111.887573,12,16:45
commissioning,Tuesday,1,1020,left,36.244506,34.496015,21.196332,28.235917,41.496528,49.297975,12,17:00
commissioning,Tuesday,1,1020,right,72.571866,78.971223,36.193935,61.240606,84.240176,106.891802,12,17:00
commissioning,Tuesday,1,1035,left,40.496665,41.497033,29.195374,31.746378,47.747917,53.598579,12,17:15
commissioning,Tuesday,1,1035,right,78.243342,92.985336,17.097956,63.747415,103.985729,106.696610,12,17:15
commissioning,Tuesday,1,1050,left,37.740326,40.500847,19.097034,29.745900,45.246928,56.191424,12,17:30
commissioning,Tuesday,1,1050,right,69.567250,77.419812,11.299382,46.997491,94.237608,102.208711,12,17:30
commissioning,Tuesday,1,1065,left,35.079022,37.994884,9.297249,26.998682,42.242624,54.691349,12,17:45
commissioning,Tuesday,1,1065,right,67.492103,74.987034,18.298945,47.241608,94.991731,106.994004,12,17:45
commissioning,Tuesday,1,1080,left,31.829765,37.494177,4.299552,15.249121,47.492351,50.797745,12,18:00
commissioning,Tuesday,1,1080,right,60.409805,62.493835,10.098422,40.244714,87.736029,102.895523,12,18:00
commissioning,Tuesday,1,1095,left,30.576704,32.983290,10.298305,15.247530,43.993673,48.793994,12,18:15
commissioning,Tuesday,1,1095,right,56.570573,50.492819,9.297633,32.242697,80.238466,96.287044,12,18:15
commissioning,Tuesday,1,1110,left,24.330247,22.996647,8.198567,12.998387,34.996821,36.794467,12,18:30
commissioning,Tuesday,1,1110,right,56.243104,52.492365,5.998951,23.997558,82.739978,107.184875,12,18:30
commissioning,Tuesday,1,1125,left,25.746569,25.497363,10.098235,16.997278,34.994740,42.792633,12,18:45
commissioning,Tuesday,1,1125,right,42.910766,40.997359,7.598677,21.248868,72.487217,76.687245,12,18:45
commissioning,Tuesday,1,1140,left,25.996124,22.497177,7.198837,9.748547,37.994100,54.491298,12,19:00
commissioning,Tuesday,1,1140,right,41.410415,40.494027,5.299531,22.996045,61.741461,81.088517,12,19:00
commissioning,Tuesday,1,1155,left,22.582048,22.500321,5.199214,9.999513,33.994997,41.197350,12,19:15
commissioning,Tuesday,1,1155,right,34.248183,36.499420,4.099372,20.748977,52.995344,61.396527,12,19:15
commissioning,Tuesday,1,1170,left,13.414842,10.998442,5.999069,6.749003,15.994325,27.098405,12,19:30
commissioning,Tuesday,1,1170,right,24.579010,16.498096,4.399289,11.748719,34.996732,53.296398,12,19:30
commissioning,Tuesday,1,1185,left,10.664746,10.495329,7.098900,8.749305,13.249204,15.797444,12,19:45
commissioning,Tuesday,1,1185,right,18.330167,18.997713,6.099055,14.489868,23.997286,27.895519,12,19:45
commissioning,Tuesday,1,1200,left,10.415573,9.998781,5.099734,6.749885,12.999157,16.897351,12,20:00
commissioning,Tuesday,1,1200,right,19.914680,17.997713,2.099740,7.499557,23.998595,44.398719,12,20:00
commissioning,Tuesday,1,1215,left,17.495296,8.498925,2.299763,4.999265,16.747641,26.495325,12,20:15
commissioning,Tuesday,1,1215,right,34.742992,40.993620,1.499926,15.748815,41.245992,55.489735,12,20:15
commissioning,Tuesday,1,1230,left,9.832664,9.499130,4.199609,5.999684,13.248231,16.699313,12,20:30
commissioning,Tuesday,1,1230,right,19.497958,17.000358,3.299921,8.998914,33.747387,38.693306,12,20:30
commissioning,Tuesday,1,1245,left,9.581868,8.999843,3.198963,7.997268,13.248931,14.897550,12,20:45
commissioning,Tuesday,1,1245,right,12.248286,13.498132,3.099087,9.998559,16.499057,18.897026,12,20:45
commissioning,Tuesday,1,1260,left,36.825720,9.499040,2.999721,6.749507,10.749272,14.799609,12,21:00
commissioning,Tuesday,1,1260,right,31.494251,15.498464,2.399828,8.999762,18.998831,23.497674,12,21:00
commissioning,Tuesday,1,1275,left,10.415261,6.999345,3.999558,4.749257,8.749490,12.797788,12,21:15
commissioning,Tuesday,1,1275,right,18.997571,15.498977,4.299300,10.748268,24.498694,25.995817,12,21:15
commissioning,Tuesday,1,1290,left,7.916132,8.499713,1.999648,3.499606,10.499539,11.999828,12,21:30
commissioning,Tuesday,1,1290,right,14.998849,16.499099,1.099871,10.998415,21.248907,21.997999,12,21:30
commissioning,Tuesday,1,1305,left,24.079581,5.499367,2.099878,4.499253,6.998360,73.590296,12,21:45
commissioning,Tuesday,1,1305,right,30.995334,16.498670,1.299896,9.249350,18.497386,72.190608,12,21:45
commissioning,Tuesday,1,1320,left,20.331490,9.998716,5.299104,8.748422,12.249323,15.698282,12,22:00
commissioning,Tuesday,1,1320,right,19.331193,14.498337,2.099911,5.249167,23.247308,27.895360,12,22:00
commissioning,Tuesday,1,1335,left,7.999108,5.499346,3.999370,3.999859,6.999844,11.798950,12,22:15
commissioning,Tuesday,1,1335,right,16.414922,14.499049,3.999625,10.748301,20.747928,28.698628,12,22:15
commissioning,Tuesday,1,1350,left,31.165332,9.499086,1.099903,5.749724,22.499876,44.694886,12,22:30
commissioning,Tuesday,1,1350,right,27.081974,13.997684,5.999476,6.749641,24.249634,37.295840,12,22:30
commissioning,Tuesday,1,1365,left,45.542123,7.999862,2.000667,3.499693,77.993787,100.991759,11,22:45
commissioning,Tuesday,1,1365,right,30.725180,26.999534,3.999654,8.000856,54.493822,67.994451,11,22:45
commissioning,Tuesday,1,1380,left,12.496310,4.500021,2.099829,2.999531,7.499204,16.199734,12,23:00
commissioning,Tuesday,1,1380,right,17.828916,14.498490,1.099935,6.499677,18.249196,22.596143,12,23:00
commissioning,Tuesday,1,1395,left,6.999295,5.999362,0.199996,2.749804,9.999201,15.698327,12,23:15
commissioning,Tuesday,1,1395,right,11.082348,9.999230,1.099955,1.999820,18.998553,20.798893,12,23:15
commissioning,Tuesday,1,1410,left,6.249268,3.999678,0.000000,1.499871,7.499551,8.999323,12,23:30
commissioning,Tuesday,1,1410,right,7.749310,4.999686,0.299976,3.749670,9.999671,18.996887,12,23:30
commissioning,Tuesday,1,1425,left,8.165725,3.500148,0.000000,1.499904,7.749409,12.699151,12,23:45
commissioning,Tuesday,1,1425,right,12.248870,10.499074,0.000000,3.749375,12.249199,16.598968,12,23:45
commissioning,Wednesday,2,0,left,6.916316,4.999393,0.000000,0.749986,11.500295,17.498499,12,00:00
commissioning,Wednesday,2,0,right,8.249339,4.499747,0.000000,1.499897,11.000114,24.498072,12,00:00
commissioning,Wednesday,2,15,left,6.166314,6.999313,0.000000,1.499761,9.499795,11.899625,12,00:15
commissioning,Wednesday,2,15,right,5.333063,4.999407,0.000000,2.249641,7.499649,9.899769,12,00:15
commissioning,Wednesday,2,30,left,5.916250,5.999251,0.000000,3.749900,7.249284,9.799655,12,00:30
commissioning,Wednesday,2,30,right,7.166035,4.999695,0.099992,0.999946,9.499192,12.798106,12,00:30
commissioning,Wednesday,2,45,left,10.331682,10.998714,0.000000,1.499880,16.497825,21.896627,12,00:45
commissioning,Wednesday,2,45,right,6.498916,6.499643,0.199963,1.999666,8.497672,13.599028,12,00:45
commissioning,Wednesday,2,60,left,18.248133,10.998704,0.099982,1.749705,21.247801,42.693203,12,01:00
commissioning,Wednesday,2,60,right,21.081255,8.998849,0.999849,1.749803,18.248250,48.095474,12,01:00
commissioning,Wednesday,2,75,left,5.332394,4.499505,1.099808,2.749557,5.749588,10.698153,12,01:15
commissioning,Wednesday,2,75,right,6.082452,3.999577,0.000000,0.749869,9.499246,10.999134,12,01:15
commissioning,Wednesday,2,90,left,3.832897,2.499619,0.999832,1.749745,4.249536,6.798870,12,01:30
commissioning,Wednesday,2,90,right,4.166198,4.499245,0.199967,2.749503,5.249799,5.999836,12,01:30
commissioning,Wednesday,2,105,left,3.082941,0.999928,0.000000,0.000000,4.499617,5.999161,12,01:45
commissioning,Wednesday,2,105,right,6.249418,2.499818,0.999866,0.999995,8.248810,14.397830,12,01:45
commissioning,Wednesday,2,120,left,3.666197,2.499845,0.099982,0.999857,3.999665,6.698894,12,02:00
commissioning,Wednesday,2,120,right,7.165779,5.499221,0.999874,1.749919,11.998941,15.597432,12,02:00
commissioning,Wednesday,2,135,left,6.332684,4.499393,0.000000,1.499802,8.498906,12.699559,12,02:15
commissioning,Wednesday,2,135,right,9.665568,4.999500,0.999827,0.999932,11.498089,18.397565,12,02:15
commissioning,Wednesday,2,150,left,5.582676,2.999618,0.999823,0.999922,7.249114,10.698547,12,02:30
commissioning,Wednesday,2,150,right,8.332356,5.999192,1.999672,3.499428,13.248494,13.998487,12,02:30
commissioning,Wednesday,2,165,left,6.416145,4.499294,0.000000,0.000000,10.748891,16.597587,12,02:45
commissioning,Wednesday,2,165,right,10.165644,7.000174,0.999829,0.999837,11.998584,20.096843,12,02:45
commissioning,Wednesday,2,180,left,19.997840,5.499270,0.099926,1.749555,12.498086,21.799826,12,03:00
commissioning,Wednesday,2,180,right,16.664462,5.499655,2.099546,2.999098,11.748851,26.895392,12,03:00
commissioning,Wednesday,2,195,left,7.332319,7.998906,1.099806,2.749522,10.249191,14.597589,12,03:15
commissioning,Wednesday,2,195,right,11.165116,11.999109,0.099982,6.248970,15.247364,20.499199,12,03:15
commissioning,Wednesday,2,210,left,6.726734,2.999508,0.000000,1.499802,10.499425,18.996995,11,03:30
commissioning,Wednesday,2,210,right,13.453314,11.998102,3.999426,7.999011,18.998665,23.998396,11,03:30
commissioning,Wednesday,2,225,left,5.582461,2.999527,0.000000,0.000000,4.999166,6.798918,12,03:45
commissioning,Wednesday,2,225,right,17.497503,18.996869,0.000000,7.498810,24.245811,34.294894,12,03:45
commissioning,Wednesday,2,240,left,6.165768,6.998826,0.000000,0.749872,8.998721,12.898973,12,04:00
commissioning,Wednesday,2,240,right,16.747745,15.497443,2.099683,5.999128,26.995489,32.397441,12,04:00
commissioning,Wednesday,2,255,left,3.749467,2.499549,0.099946,0.999740,6.249251,6.999719,12,04:15
commissioning,Wednesday,2,255,right,22.829087,16.997166,3.299842,7.499196,43.992294,46.991392,12,04:15
commissioning,Wednesday,2,270,left,9.165538,10.499047,2.099702,3.749497,13.248066,13.997580,12,04:30
commissioning,Wednesday,2,270,right,32.746483,28.996414,10.598247,21.246301,40.493638,59.999295,12,04:30
commissioning,Wednesday,2,285,left,24.079911,13.498080,7.098746,8.748545,17.747415,20.898764,12,04:45
commissioning,Wednesday,2,285,right,47.910528,51.492694,14.197637,30.998036,63.990577,71.790284,12,04:45
commissioning,Wednesday,2,300,left,9.749032,7.998933,1.199864,4.499764,12.249349,18.396784,12,05:00
commissioning,Wednesday,2,300,right,48.411029,54.492205,13.097723,34.243946,62.245068,71.691417,12,05:00
commissioning,Wednesday,2,315,left,10.998804,6.998163,2.199638,4.749497,14.498709,25.298528,12,05:15
commissioning,Wednesday,2,315,right,53.326737,62.996567,11.598067,28.999457,74.993018,83.392496,12,05:15
commissioning,Wednesday,2,330,left,16.913778,13.997127,1.999719,6.498891,17.498993,24.698586,12,05:30
commissioning,Wednesday,2,330,right,63.158611,55.489334,13.197946,35.996684,95.992568,111.893581,12,05:30
commissioning,Wednesday,2,345,left,12.415151,12.499542,3.199613,5.000218,19.246759,19.996613,12,05:45
commissioning,Wednesday,2,345,right,59.494570,59.489969,18.301529,40.493151,79.496724,96.292134,12,05:45
commissioning,Wednesday,2,360,left,15.581849,11.498511,4.100553,6.499202,15.999572,33.095639,12,06:00
commissioning,Wednesday,2,360,right,61.412224,58.993475,14.197480,28.753150,86.987786,103.797501,12,06:00
commissioning,Wednesday,2,375,left,15.331349,13.498538,7.299625,10.748211,20.497518,24.696138,12,06:15
commissioning,Wednesday,2,375,right,57.909259,63.493167,14.499015,45.243061,75.238459,90.689562,12,06:15
commissioning,Wednesday,2,390,left,14.665095,15.999376,6.098711,6.998435,21.246954,24.699184,12,06:30
commissioning,Wednesday,2,390,right,72.406573,75.491399,21.797462,42.498350,90.485470,102.184536,12,06:30
commissioning,Wednesday,2,405,left,18.664449,12.998602,7.099792,8.749043,24.996880,36.391651,12,06:45
commissioning,Wednesday,2,405,right,96.406942,90.984521,19.696974,61.996192,149.979126,164.389767,12,06:45
commissioning,Wednesday,2,420,left,19.498527,18.497786,11.199623,13.749299,21.500685,27.796745,12,07:00
commissioning,Wednesday,2,420,right,113.071590,133.980320,57.195077,66.493695,156.224722,158.772404,12,07:00
commissioning,Wednesday,2,435,left,34.994821,29.496656,17.097226,17.997530,54.992507,57.695813,12,07:15
commissioning,Wednesday,2,435,right,112.899264,121.485556,39.593685,56.996135,158.478121,172.884850,12,07:15
commissioning,Wednesday,2,450,left,15.332099,10.998726,7.998450,7.999869,18.250166,36.094548,12,07:30
commissioning,Wednesday,2,450,right,60.077907,48.496698,40.094146,40.999409,68.995276,89.692412,12,07:30
commissioning,Wednesday,2,465,left,22.665198,20.501711,7.098888,13.249549,30.746118,38.393649,12,07:45
commissioning,Wednesday,2,465,right,81.660625,73.487533,49.512103,61.492621,92.487178,132.098975,12,07:45
commissioning,Wednesday,2,480,left,26.413439,19.996941,8.498639,13.749184,41.994152,52.792324,12,08:00
commissioning,Wednesday,2,480,right,91.904831,84.490914,39.793728,64.989061,121.235393,153.474738,12,08:00
commissioning,Wednesday,2,495,left,39.662201,39.494424,9.199777,24.495804,58.491050,65.394322,12,08:15
commissioning,Wednesday,2,495,right,95.073108,78.493503,44.495101,58.739926,130.745645,142.883937,12,08:15
commissioning,Wednesday,2,510,left,43.163069,45.498226,21.799151,31.994650,53.999463,62.396897,12,08:30
commissioning,Wednesday,2,510,right,101.991055,93.992369,72.298408,84.744022,121.734189,136.577881,12,08:30
commissioning,Wednesday,2,525,left,39.912705,38.993446,27.595212,33.003890,46.746604,58.590188,12,08:45
commissioning,Wednesday,2,525,right,111.323385,118.501891,81.087218,87.237738,131.236730,133.780988,12,08:45
commissioning,Wednesday,2,540,left,36.664045,36.996242,22.796159,32.997367,43.747906,46.897594,12,09:00
commissioning,Wednesday,2,540,right,114.325576,121.987367,70.988029,100.992543,129.491598,148.091692,12,09:00
commissioning,Wednesday,2,555,left,38.330569,36.498901,22.397492,28.995419,46.995261,53.898803,12,09:15
commissioning,Wednesday,2,555,right,101.992554,114.496248,56.790174,90.238829,118.246336,126.187629,12,09:15
commissioning,Wednesday,2,570,left,37.996724,31.499075,18.198608,21.499158,46.994464,64.398175,12,09:30
commissioning,Wednesday,2,570,right,102.825364,109.490835,41.497616,90.256525,127.993560,147.175555,12,09:30
commissioning,Wednesday,2,585,left,33.746284,31.996430,18.497097,26.745693,45.244718,49.599224,12,09:45
commissioning,Wednesday,2,585,right,102.987448,112.983571,52.493145,94.496660,125.729034,127.987568,12,09:45
commissioning,Wednesday,2,600,left,33.913306,35.498135,14.999289,29.247532,41.746629,45.798150,12,10:00
commissioning,Wednesday,2,600,right,104.240351,111.491925,66.294295,84.743435,118.492445,133.479523,12,10:00
commissioning,Wednesday,2,615,left,33.908976,31.999272,22.297991,27.246853,35.497064,46.839536,12,10:15
commissioning,Wednesday,2,615,right,100.977752,108.987993,61.297753,82.746487,124.864970,125.888883,12,10:15
commissioning,Wednesday,2,630,left,34.414497,28.004754,17.597309,23.748087,47.246945,56.998050,12,10:30
commissioning,Wednesday,2,630,right,100.577962,105.483753,58.595928,75.994936,124.987362,128.896614,12,10:30
commissioning,Wednesday,2,645,left,35.996088,31.496733,28.096635,28.994043,42.499507,55.995085,12,10:45
commissioning,Wednesday,2,645,right,103.488830,114.996720,58.896257,78.993141,130.984725,134.578295,12,10:45
commissioning,Wednesday,2,660,left,41.992830,38.496021,21.996445,27.245884,57.722184,66.294003,12,11:00
commissioning,Wednesday,2,660,right,100.320361,102.486687,54.288415,65.982805,132.732008,144.895380,12,11:00
commissioning,Wednesday,2,675,left,36.163864,35.502099,22.098495,26.745885,42.246145,51.698806,12,11:15
commissioning,Wednesday,2,675,right,95.910961,106.987670,42.997632,61.739594,116.238114,140.381967,12,11:15
commissioning,Wednesday,2,690,left,36.412308,34.996411,20.397850,28.495881,41.747086,49.391367,12,11:30
commissioning,Wednesday,2,690,right,91.572334,88.991425,70.088084,76.992794,99.743046,124.179497,12,11:30
commissioning,Wednesday,2,705,left,37.996318,35.999675,29.093750,29.994886,42.495706,52.398390,12,11:45
commissioning,Wednesday,2,705,right,98.239549,98.990804,71.386340,78.745756,116.239325,133.486672,12,11:45
commissioning,Wednesday,2,720,left,39.163796,39.996175,29.495552,34.746904,43.743678,45.997647,12,12:00
commissioning,Wednesday,2,720,right,92.909735,93.493257,73.392744,82.238044,103.488578,107.689175,12,12:00
commissioning,Wednesday,2,735,left,34.912636,29.996264,17.699266,25.498833,38.248226,50.690830,12,12:15
commissioning,Wednesday,2,735,right,84.657777,83.498273,67.995883,70.246082,93.732492,105.896095,12,12:15
commissioning,Wednesday,2,750,left,31.163465,31.495600,19.097885,24.496172,36.248199,45.398077,12,12:30
commissioning,Wednesday,2,750,right,81.240491,76.487315,66.396900,71.492032,92.740601,100.684050,12,12:30
commissioning,Wednesday,2,765,left,28.414784,26.996689,21.197257,23.747883,33.497915,35.893630,12,12:45
commissioning,Wednesday,2,765,right,84.575037,80.985645,60.197654,66.502491,94.487032,106.485525,12,12:45
commissioning,Wednesday,2,780,left,37.164041,30.997615,17.599201,25.250648,49.243780,63.189405,12,13:00
commissioning,Wednesday,2,780,right,84.829802,81.986181,75.195747,77.737062,90.294352,107.488492,12,13:00
commissioning,Wednesday,2,795,left,32.579611,28.995244,20.099020,23.999432,38.251424,44.692537,12,13:15
commissioning,Wednesday,2,795,right,74.658147,75.489328,60.304359,63.739325,81.989724,88.585965,12,13:15
commissioning,Wednesday,2,810,left,30.413917,27.498484,20.993008,21.746507,36.747429,45.597973,12,13:30
commissioning,Wednesday,2,810,right,77.825313,77.479909,66.096514,70.739236,84.747515,89.698466,12,13:30
commissioning,Wednesday,2,825,left,29.996217,28.998331,20.997020,22.496551,36.494667,40.697274,12,13:45
commissioning,Wednesday,2,825,right,80.656433,79.991475,65.396198,69.741261,89.235229,90.886052,12,13:45
commissioning,Wednesday,2,840,left,41.745565,42.992765,28.699031,34.996820,48.493810,54.799356,12,14:00
commissioning,Wednesday,2,840,right,72.075141,70.988082,61.090219,64.240900,83.985674,85.785065,12,14:00
commissioning,Wednesday,2,855,left,36.329071,38.993818,29.994553,29.995117,41.494280,46.602024,12,14:15
commissioning,Wednesday,2,855,right,75.157250,73.487292,61.894279,70.001722,81.738418,83.994019,12,14:15
commissioning,Wednesday,2,870,left,36.495382,36.493809,18.896987,28.497292,41.745889,58.390360,12,14:30
commissioning,Wednesday,2,870,right,80.906239,75.987177,58.593746,71.488382,93.241178,108.391143,12,14:30
commissioning,Wednesday,2,885,left,41.244211,43.492610,28.097573,34.994175,49.741589,53.791138,12,14:45
commissioning,Wednesday,2,885,right,82.405582,76.489963,61.090354,62.739618,100.745172,108.682120,12,14:45
commissioning,Wednesday,2,900,left,36.827735,36.496416,22.096308,25.245930,43.743669,51.398880,12,15:00
commissioning,Wednesday,2,900,right,66.155585,70.468902,30.794745,53.747233,85.989221,89.592939,12,15:00
commissioning,Wednesday,2,915,left,42.495157,41.998362,29.095485,32.245232,50.495357,56.496500,12,15:15
commissioning,Wednesday,2,915,right,71.324941,59.989529,49.097782,52.992531,80.245950,115.481511,12,15:15
commissioning,Wednesday,2,930,left,36.328592,34.494305,22.296096,26.495649,42.745882,49.498349,12,15:30
commissioning,Wednesday,2,930,right,73.990294,85.487830,30.794431,52.997170,94.491432,107.087038,12,15:30
commissioning,Wednesday,2,945,left,30.745603,27.497066,21.198268,24.496127,36.244079,43.293042,12,15:45
commissioning,Wednesday,2,945,right,64.824254,58.992072,40.193149,50.245019,79.487512,99.883968,12,15:45
commissioning,Wednesday,2,960,left,29.829407,28.496109,21.196503,22.998451,30.995233,44.494737,12,16:00
commissioning,Wednesday,2,960,right,78.324636,78.493039,29.395079,38.244597,107.236558,126.884694,12,16:00
commissioning,Wednesday,2,975,left,36.910996,33.494531,22.499528,30.744807,37.993696,45.493066,12,16:15
commissioning,Wednesday,2,975,right,78.571701,79.495457,46.792121,56.990618,95.484310,116.778379,12,16:15
commissioning,Wednesday,2,990,left,34.489394,35.491337,18.497077,26.745602,38.996325,49.193139,12,16:30
commissioning,Wednesday,2,990,right,87.222029,106.385988,28.595932,65.489317,112.238939,121.082644,12,16:30
commissioning,Wednesday,2,1005,left,37.743746,35.497116,25.296580,30.248368,43.492853,52.190813,12,16:45
commissioning,Wednesday,2,1005,right,80.402902,79.992742,38.293452,49.997676,114.714224,122.677007,12,16:45
commissioning,Wednesday,2,1020,left,35.496228,34.498461,23.697525,29.998522,38.243390,51.891236,12,17:00
commissioning,Wednesday,2,1020,right,82.741116,83.988831,43.298556,63.989109,104.993890,112.481610,12,17:00
commissioning,Wednesday,2,1035,left,32.413105,32.997575,19.198392,24.745567,35.246961,44.092418,12,17:15
commissioning,Wednesday,2,1035,right,80.157514,85.486050,36.197625,64.997767,102.481926,110.580204,12,17:15
commissioning,Wednesday,2,1050,left,31.329241,32.995024,20.097066,25.498026,36.501791,41.890782,12,17:30
commissioning,Wednesday,2,1050,right,58.326049,63.488339,27.795057,40.246790,71.504775,81.987186,12,17:30
commissioning,Wednesday,2,1065,left,25.580362,20.495303,9.199018,11.748310,36.748668,47.997371,12,17:45
commissioning,Wednesday,2,1065,right,63.158896,63.992624,22.396332,30.495689,96.737131,100.775028,12,17:45
commissioning,Wednesday,2,1080,left,39.403061,46.499123,3.198847,33.497280,53.990415,60.198606,12,18:00
commissioning,Wednesday,2,1080,right,63.896657,73.914175,12.099196,22.746054,93.984531,108.992109,12,18:00
commissioning,Wednesday,2,1095,left,35.746140,42.995824,5.399421,20.999177,44.992837,62.393764,12,18:15
commissioning,Wednesday,2,1095,right,57.327292,63.991637,10.098412,31.248770,89.495601,91.890095,12,18:15
commissioning,Wednesday,2,1110,left,29.662925,20.492004,10.998291,12.498354,46.993726,57.494439,12,18:30
commissioning,Wednesday,2,1110,right,56.739936,52.499176,13.298242,20.496992,87.975911,100.582931,12,18:30
commissioning,Wednesday,2,1125,left,28.996496,23.492038,5.199791,12.247840,40.234400,61.085576,12,18:45
commissioning,Wednesday,2,1125,right,42.824289,51.008342,9.998530,13.747118,61.742259,79.831944,12,18:45
commissioning,Wednesday,2,1140,left,27.997234,24.997367,9.199959,11.748667,45.246113,51.692059,12,19:00
commissioning,Wednesday,2,1140,right,33.663567,35.998097,6.199005,18.500105,50.996128,55.493907,12,19:00
commissioning,Wednesday,2,1155,left,30.164810,28.496098,5.099242,10.499176,47.248788,57.893479,12,19:15
commissioning,Wednesday,2,1155,right,30.914504,25.497094,6.098987,15.998692,47.749145,57.493575,12,19:15
commissioning,Wednesday,2,1170,left,17.164499,14.499174,4.099725,5.749954,21.246484,31.296315,12,19:30
commissioning,Wednesday,2,1170,right,29.330306,19.998418,11.399017,15.747331,47.993957,52.793941,12,19:30
commissioning,Wednesday,2,1185,left,12.665575,10.999569,6.998951,9.998523,14.249452,18.897212,12,19:45
commissioning,Wednesday,2,1185,right,19.164905,18.996899,7.299793,11.499576,26.496191,30.697832,12,19:45
commissioning,Wednesday,2,1200,left,14.831813,11.998972,7.999587,8.750667,15.997646,22.299570,12,20:00
commissioning,Wednesday,2,1200,right,18.914281,14.997558,6.199805,9.499630,22.497679,25.795900,12,20:00
commissioning,Wednesday,2,1215,left,15.664827,9.499079,3.299618,7.499287,20.748398,23.897365,12,20:15
commissioning,Wednesday,2,1215,right,22.164119,17.998203,9.099084,10.749187,26.247129,40.197702,12,20:15
commissioning,Wednesday,2,1230,left,14.580879,11.999338,7.098553,9.495151,16.748260,24.396653,12,20:30
commissioning,Wednesday,2,1230,right,24.078113,22.997614,3.499736,8.749262,28.973204,33.495405,12,20:30
commissioning,Wednesday,2,1245,left,15.414955,10.999767,4.199757,7.499576,15.247920,15.998580,12,20:45
commissioning,Wednesday,2,1245,right,18.331427,17.498409,5.199830,12.249771,23.248077,33.294735,12,20:45
commissioning,Wednesday,2,1260,left,16.250168,14.497592,4.299820,7.748901,21.248786,30.413734,12,21:00
commissioning,Wednesday,2,1260,right,21.833111,17.498309,4.199695,8.249730,32.752775,41.600285,12,21:00
commissioning,Wednesday,2,1275,left,10.165542,6.499802,2.100076,3.749975,9.249776,13.598123,12,21:15
commissioning,Wednesday,2,1275,right,20.830970,15.499544,5.299652,9.499134,24.246480,26.799530,12,21:15
commissioning,Wednesday,2,1290,left,9.416127,9.498979,2.299825,5.000818,13.249620,17.598666,12,21:30
commissioning,Wednesday,2,1290,right,18.081525,15.498699,4.099953,7.999436,25.999158,36.194226,12,21:30
commissioning,Wednesday,2,1305,left,8.332705,7.999485,4.099624,5.748988,11.248384,12.897948,12,21:45
commissioning,Wednesday,2,1305,right,16.415478,16.496946,2.199918,9.998473,22.998087,27.495636,12,21:45
commissioning,Wednesday,2,1320,left,37.411499,12.498132,1.999849,2.749974,17.249065,161.986909,12,22:00
commissioning,Wednesday,2,1320,right,34.662112,19.998368,3.099761,9.999244,32.497596,99.991596,12,22:00
commissioning,Wednesday,2,1335,left,39.328056,7.999532,3.999640,3.999699,31.246631,133.082953,12,22:15
commissioning,Wednesday,2,1335,right,38.911557,13.998173,3.199716,6.499468,46.743864,128.478656,12,22:15
commissioning,Wednesday,2,1350,left,31.746207,8.999662,3.099929,3.999955,19.254542,97.086344,12,22:30
commissioning,Wednesday,2,1350,right,36.245475,13.499466,3.999547,6.252306,44.995860,100.185733,12,22:30
commissioning,Wednesday,2,1365,left,17.164515,8.499072,2.199877,6.249498,16.248797,32.297658,12,22:45
commissioning,Wednesday,2,1365,right,20.997474,13.498392,2.199874,7.749507,28.245858,38.597168,12,22:45
commissioning,Wednesday,2,1380,left,9.665599,5.997452,1.999859,2.749902,13.249215,23.297196,12,23:00
commissioning,Wednesday,2,1380,right,15.331477,12.999498,3.299770,5.999856,21.248105,28.898925,12,23:00
commissioning,Wednesday,2,1395,left,18.667057,6.999443,3.099876,5.498448,13.247926,27.497745,12,23:15
commissioning,Wednesday,2,1395,right,19.083182,10.497417,2.999899,7.499485,15.997836,29.495844,12,23:15
commissioning,Wednesday,2,1410,left,6.249372,2.499893,0.099992,1.749793,5.999600,7.799792,12,23:30
commissioning,Wednesday,2,1410,right,9.082499,8.497728,1.099891,1.999778,12.499978,21.198309,12,23:30
commissioning,Wednesday,2,1425,left,12.165117,6.000003,1.199875,2.999675,10.999500,35.594330,12,23:45
commissioning,Wednesday,2,1425,right,14.081569,6.500020,1.199844,3.749680,13.998137,35.594317,12,23:45
commissioning,Thursday,3,0,left,27.798620,4.999390,0.000000,0.999524,22.499774,104.192708,15,00:00
commissioning,Thursday,3,0,right,30.598454,7.999392,0.000000,1.999047,35.499745,99.393026,15,00:00
commissioning,Thursday,3,15,left,7.465634,3.999604,0.000000,1.999874,8.997152,14.398682,15,00:15
commissioning,Thursday,3,15,right,9.131874,8.999431,0.000000,1.999794,12.499324,19.592622,15,00:15
commissioning,Thursday,3,30,left,12.532154,5.998964,0.000000,1.499910,10.499189,43.995185,15,00:30
commissioning,Thursday,3,30,right,10.998929,4.999137,0.000000,0.499951,11.999269,23.596864,15,00:30
commissioning,Thursday,3,45,left,6.866339,5.999010,0.000000,2.999711,10.498738,16.600351,15,00:45
commissioning,Thursday,3,45,right,6.666279,5.999515,0.000000,0.999835,9.998344,15.198492,15,00:45
commissioning,Thursday,3,60,left,14.664629,4.999850,0.000000,2.999601,10.499656,42.793740,15,01:00
commissioning,Thursday,3,60,right,13.798165,3.999641,0.000000,0.000000,18.499484,44.992931,15,01:00
commissioning,Thursday,3,75,left,8.599338,5.999693,0.000000,2.499828,8.999001,14.998285,15,01:15
commissioning,Thursday,3,75,right,7.865957,1.999898,0.000000,0.999959,11.998610,16.597533,15,01:15
commissioning,Thursday,3,90,left,3.399638,2.999663,0.000000,0.000000,4.499809,7.999407,15,01:30
commissioning,Thursday,3,90,right,4.866147,3.999421,0.000000,0.999835,6.999866,11.998408,15,01:30
commissioning,Thursday,3,105,left,5.932619,2.999764,0.000000,0.999823,9.499758,11.598297,15,01:45
commissioning,Thursday,3,105,right,5.532734,3.999805,0.000000,0.999847,6.499305,10.799804,15,01:45
commissioning,Thursday,3,120,left,10.865784,2.999582,0.000000,0.999901,6.500398,18.797052,15,02:00
commissioning,Thursday,3,120,right,8.865833,4.999150,0.000000,0.999976,10.498287,17.998238,15,02:00
commissioning,Thursday,3,135,left,3.932969,3.999554,0.000000,0.000000,6.499205,7.599366,15,02:15
commissioning,Thursday,3,135,right,6.532585,3.999554,0.000000,0.999906,10.998905,11.998754,15,02:15
commissioning,Thursday,3,150,left,5.465946,4.999431,0.000000,0.999873,6.999215,12.398355,15,02:30
commissioning,Thursday,3,150,right,4.799421,2.999740,0.000000,0.999863,7.498901,10.998298,15,02:30
commissioning,Thursday,3,165,left,17.529964,3.999325,0.000000,0.499955,12.498428,60.789806,15,02:45
commissioning,Thursday,3,165,right,23.062413,5.998954,0.000000,2.000358,19.496703,78.581313,15,02:45
commissioning,Thursday,3,180,left,19.797406,1.999764,0.000000,0.000000,8.498628,46.198861,15,03:00
commissioning,Thursday,3,180,right,18.531091,3.999527,0.000000,0.000000,12.998332,48.998875,15,03:00
commissioning,Thursday,3,195,left,25.329195,0.999938,0.000000,0.000000,13.498769,47.392229,15,03:15
commissioning,Thursday,3,195,right,23.063119,9.999379,0.000000,0.000000,22.996123,53.791147,15,03:15
commissioning,Thursday,3,210,left,31.261516,3.999744,0.000000,0.000000,11.998579,41.393963,15,03:30
commissioning,Thursday,3,210,right,23.729779,6.998844,0.000000,0.000000,14.499183,42.194824,15,03:30
commissioning,Thursday,3,225,left,5.132914,2.999752,0.000000,0.000000,4.999415,11.199009,15,03:45
commissioning,Thursday,3,225,right,15.465269,10.998742,0.000000,0.000000,17.997978,30.796527,15,03:45
commissioning,Thursday,3,240,left,3.932780,0.999839,0.000000,0.000000,5.999768,12.397915,15,04:00
commissioning,Thursday,3,240,right,10.398493,11.999722,0.000000,0.000000,16.498196,23.795952,15,04:00
commissioning,Thursday,3,255,left,19.597040,1.000003,0.000000,0.000000,9.498385,19.797865,15,04:15
commissioning,Thursday,3,255,right,24.063382,10.999035,0.000000,0.000000,20.999325,43.393006,15,04:15
commissioning,Thursday,3,270,left,7.132235,1.999676,0.000000,0.000000,11.497985,22.795314,15,04:30
commissioning,Thursday,3,270,right,25.929389,33.993826,0.000000,0.000000,45.990994,52.391447,15,04:30
commissioning,Thursday,3,285,left,5.599396,2.999872,0.000000,0.000000,10.999019,13.997663,15,04:45
commissioning,Thursday,3,285,right,22.264418,23.995220,0.000000,0.000000,37.995820,46.392352,15,04:45
commissioning,Thursday,3,300,left,13.931673,4.999157,0.000000,0.000000,16.497484,42.992844,15,05:00
commissioning,Thursday,3,300,right,30.995766,29.994944,0.000000,0.000000,54.491282,64.589578,15,05:00
commissioning,Thursday,3,315,left,17.530953,7.999028,0.000000,0.000000,27.495412,43.397078,15,05:15
commissioning,Thursday,3,315,right,42.260885,47.991852,0.000000,0.000000,66.493506,85.787042,15,05:15
commissioning,Thursday,3,330,left,22.463613,6.000821,0.000000,0.000000,10.499072,66.192078,15,05:30
commissioning,Thursday,3,330,right,43.196067,46.992228,0.000000,0.000000,61.003149,79.593042,15,05:30
commissioning,Thursday,3,345,left,9.798336,6.998832,0.000000,0.000000,10.498242,13.997191,15,05:45
commissioning,Thursday,3,345,right,38.193700,48.991826,0.000000,0.000000,59.981495,64.592806,15,05:45
commissioning,Thursday,3,360,left,20.728511,5.999284,0.000000,0.000000,16.498089,42.790938,15,06:00
commissioning,Thursday,3,360,right,56.256885,55.990333,0.000000,0.000000,85.978114,128.792137,15,06:00
commissioning,Thursday,3,375,left,42.461058,17.996879,0.000000,0.000000,30.998169,103.791116,15,06:15
commissioning,Thursday,3,375,right,72.659556,46.996637,0.000000,0.000000,140.488453,162.791846,15,06:15
commissioning,Thursday,3,390,left,18.530507,7.998776,0.000000,0.000000,32.494221,49.191870,15,06:30
commissioning,Thursday,3,390,right,50.725405,53.991736,0.000000,0.000000,88.488534,116.179729,15,06:30
commissioning,Thursday,3,405,left,7.599189,5.998959,0.000000,0.000000,9.498764,18.599613,15,06:45
commissioning,Thursday,3,405,right,56.460857,12.997695,0.000000,0.000000,111.487070,145.789873,15,06:45
commissioning,Thursday,3,420,left,15.198944,14.999354,0.000000,0.000000,25.996071,34.598855,15,07:00
commissioning,Thursday,3,420,right,75.793348,61.999001,0.000000,0.000000,145.983663,163.374875,15,07:00
commissioning,Thursday,3,435,left,21.659293,27.995065,0.000000,0.000000,35.496328,39.593580,15,07:15
commissioning,Thursday,3,435,right,68.510820,92.788697,0.000000,0.000000,116.987547,152.375095,15,07:15
commissioning,Thursday,3,450,left,9.332417,5.999431,0.000000,0.000000,17.997342,22.598549,15,07:30
commissioning,Thursday,3,450,right,34.463068,41.995209,0.000000,0.000000,54.991268,67.590108,15,07:30
commissioning,Thursday,3,465,left,8.999033,9.998289,0.000000,0.000000,15.498136,20.797168,15,07:45
commissioning,Thursday,3,465,right,33.996329,51.991289,0.000000,0.000000,55.993628,68.793423,15,07:45
commissioning,Thursday,3,480,left,12.732377,7.999778,0.000000,0.000000,23.498309,32.397798,15,08:00
commissioning,Thursday,3,480,right,39.730134,44.992790,0.000000,0.000000,61.995215,84.594160,15,08:00
commissioning,Thursday,3,495,left,26.996846,30.994010,0.000000,0.000000,45.993816,48.595723,15,08:15
commissioning,Thursday,3,495,right,68.858654,67.988673,0.000000,0.000000,118.986045,149.380842,15,08:15
commissioning,Thursday,3,510,left,28.862892,40.992638,0.000000,0.000000,48.492006,53.191066,15,08:30
commissioning,Thursday,3,510,right,75.457148,112.979602,0.000000,0.000000,129.993501,134.988690,15,08:30
commissioning,Thursday,3,525,left,33.326608,42.992641,0.000000,0.000000,58.493575,69.589510,15,08:45
commissioning,Thursday,3,525,right,70.920693,110.946167,0.000000,0.000000,119.981960,126.984183,15,08:45
commissioning,Thursday,3,540,left,27.997325,34.996150,0.000000,0.000000,43.993991,57.592907,15,09:00
commissioning,Thursday,3,540,right,70.393112,100.997813,0.000000,0.000000,116.484955,130.780054,15,09:00
commissioning,Thursday,3,555,left,24.397371,30.994495,0.000000,0.000000,37.995857,51.396803,15,09:15
commissioning,Thursday,3,555,right,72.125112,100.982456,0.000000,0.000000,126.487398,134.186583,15,09:15
commissioning,Thursday,3,570,left,20.464528,24.996480,0.000000,0.000000,35.996784,39.998738,15,09:30
commissioning,Thursday,3,570,right,71.858738,93.977824,0.000000,0.000000,118.488152,131.595418,15,09:30
commissioning,Thursday,3,585,left,21.266946,27.999555,0.000000,0.000000,33.496463,45.011184,15,09:45
commissioning,Thursday,3,585,right,70.999492,104.000513,0.000000,0.000000,117.487272,131.634540,15,09:45
commissioning,Thursday,3,600,left,22.663033,19.998477,0.000000,0.000000,41.993017,54.590951,15,10:00
commissioning,Thursday,3,600,right,75.855592,117.991015,0.000000,0.000000,124.483431,134.986287,15,10:00
commissioning,Thursday,3,615,left,17.798129,17.997216,0.000000,0.000000,33.997963,37.795079,15,10:15
commissioning,Thursday,3,615,right,68.192092,105.000399,0.000000,0.000000,108.985245,119.989550,15,10:15
commissioning,Thursday,3,630,left,22.330436,25.000268,0.000000,0.000000,32.496222,49.392749,15,10:30
commissioning,Thursday,3,630,right,68.392123,96.000903,0.000000,0.000000,116.486824,122.194163,15,10:30
commissioning,Thursday,3,645,left,22.063455,24.998519,0.000000,3.499681,31.496178,44.193856,15,10:45
commissioning,Thursday,3,645,right,67.523893,86.982635,0.000000,5.999037,113.981274,126.783600,15,10:45
commissioning,Thursday,3,660,left,27.596833,26.995567,0.000000,15.997030,37.994518,51.397044,15,11:00
commissioning,Thursday,3,660,right,82.657307,113.997629,0.000000,31.994780,125.486340,134.583763,15,11:00
commissioning,Thursday,3,675,left,33.263112,35.997390,0.000000,11.000420,45.492168,59.398284,15,11:15
commissioning,Thursday,3,675,right,85.326587,98.982861,0.000000,50.499246,126.993002,146.385904,15,11:15
commissioning,Thursday,3,690,left,32.197960,36.997202,0.000000,26.498556,41.001586,52.594498,15,11:30
commissioning,Thursday,3,690,right,64.662637,72.989765,0.000000,47.001735,83.995464,110.393815,15,11:30
commissioning,Thursday,3,705,left,31.927366,34.997737,0.000000,27.996889,41.995370,49.590315,15,11:45
commissioning,Thursday,3,705,right,76.185923,89.997100,0.000000,55.994807,107.489881,119.186450,15,11:45
commissioning,Thursday,3,720,left,32.463089,34.994073,0.000000,27.497157,44.994366,52.992367,15,12:00
commissioning,Thursday,3,720,right,78.790706,95.983382,0.000000,59.997487,110.988393,116.181803,15,12:00
commissioning,Thursday,3,735,left,31.930866,31.994584,0.000000,20.498468,42.996086,57.995157,15,12:15
commissioning,Thursday,3,735,right,65.727677,82.993694,0.000000,55.999223,87.988819,89.197629,15,12:15
commissioning,Thursday,3,750,left,24.662953,25.998132,0.000000,14.997312,35.994326,46.991968,15,12:30
commissioning,Thursday,3,750,right,57.591336,67.988677,0.000000,39.494634,80.485504,94.982772,15,12:30
commissioning,Thursday,3,765,left,28.396954,31.994300,0.000000,19.997293,42.494618,50.193766,15,12:45
commissioning,Thursday,3,765,right,68.858875,80.992795,0.000000,58.493737,87.491432,105.588446,15,12:45
commissioning,Thursday,3,780,left,28.663181,29.994633,0.000000,18.997279,37.997925,51.792693,15,13:00
commissioning,Thursday,3,780,right,80.523372,77.991743,0.000000,64.992113,100.991537,157.772699,15,13:00
commissioning,Thursday,3,795,left,30.795206,28.995559,0.000000,19.497392,47.491870,54.586847,15,13:15
commissioning,Thursday,3,795,right,74.722336,83.998012,0.000000,58.490441,106.491146,123.565163,15,13:15
commissioning,Thursday,3,810,left,27.863617,30.994850,0.000000,23.497458,31.997887,42.993558,15,13:30
commissioning,Thursday,3,810,right,86.056901,91.999351,0.000000,68.990403,111.986878,148.583467,15,13:30
commissioning,Thursday,3,825,left,30.196954,27.996660,0.000000,22.996031,43.496470,55.203726,15,13:45
commissioning,Thursday,3,825,right,65.391630,72.987404,0.000000,56.491009,80.986881,105.586865,15,13:45
commissioning,Thursday,3,840,left,29.396952,31.998629,0.000000,23.496870,37.996661,49.792715,15,14:00
commissioning,Thursday,3,840,right,70.126013,65.998063,0.000000,56.990450,95.993205,119.781856,15,14:00
commissioning,Thursday,3,855,left,29.527724,36.995422,0.000000,19.496895,41.984382,43.592346,15,14:15
commissioning,Thursday,3,855,right,84.252392,69.958446,0.000000,50.488710,103.980112,187.573445,15,14:15
commissioning,Thursday,3,870,left,28.463037,30.998782,0.000000,22.499641,37.995706,44.792352,15,14:30
commissioning,Thursday,3,870,right,101.056720,92.996347,0.000000,73.486797,120.488389,215.793515,15,14:30
commissioning,Thursday,3,885,left,31.196331,34.995050,0.000000,24.496597,44.492565,48.395418,15,14:45
commissioning,Thursday,3,885,right,99.588168,92.009703,0.000000,68.491744,106.983215,221.363274,15,14:45
commissioning,Thursday,3,900,left,27.529288,30.996917,0.000000,23.496679,37.484253,39.597211,15,15:00
commissioning,Thursday,3,900,right,79.189105,84.943551,0.000000,60.491544,100.494037,127.993975,15,15:00
commissioning,Thursday,3,915,left,29.863625,31.994841,0.000000,25.996322,42.495378,47.794944,15,15:15
commissioning,Thursday,3,915,right,77.458886,81.999256,0.000000,65.997547,104.985576,128.384673,15,15:15
commissioning,Thursday,3,930,left,27.197442,29.994978,0.000000,20.996430,38.995153,44.199656,15,15:30
commissioning,Thursday,3,930,right,83.190833,82.985960,0.000000,69.494639,108.492198,152.577618,15,15:30
commissioning,Thursday,3,945,left,26.062754,27.995557,0.000000,24.496449,36.495648,39.991263,15,15:45
commissioning,Thursday,3,945,right,73.122164,75.989902,0.000000,48.493414,99.987184,114.170702,15,15:45
commissioning,Thursday,3,960,left,27.261858,27.992181,0.000000,16.498972,39.495720,44.594410,15,16:00
commissioning,Thursday,3,960,right,59.388655,75.999905,0.000000,29.994778,87.460027,97.784238,15,16:00
commissioning,Thursday,3,975,left,26.863279,32.999929,0.000000,22.494411,36.995742,39.597024,15,16:15
commissioning,Thursday,3,975,right,63.457986,80.989919,0.000000,38.996140,85.492789,97.586790,15,16:15
commissioning,Thursday,3,990,left,26.334651,29.997742,0.000000,18.498090,39.993348,40.620657,15,16:30
commissioning,Thursday,3,990,right,68.336771,84.985633,0.000000,50.494287,95.488938,104.260096,15,16:30
commissioning,Thursday,3,1005,left,28.660866,28.998544,0.000000,21.496958,38.994618,54.192168,15,16:45
commissioning,Thursday,3,1005,right,69.117756,74.990862,0.000000,44.496512,96.486889,111.978688,15,16:45
commissioning,Thursday,3,1020,left,30.795685,31.999233,0.000000,23.496744,42.493914,50.397525,15,17:00
commissioning,Thursday,3,1020,right,68.857597,84.997580,0.000000,30.496586,106.491047,120.987935,15,17:00
commissioning,Thursday,3,1035,left,27.329282,30.995073,0.000000,15.997339,35.998028,54.193056,15,17:15
commissioning,Thursday,3,1035,right,59.589146,58.993734,0.000000,24.496129,90.486080,120.395911,15,17:15
commissioning,Thursday,3,1050,left,26.128192,25.995865,0.000000,14.998122,38.485820,48.195091,15,17:30
commissioning,Thursday,3,1050,right,51.719854,42.998975,0.000000,24.496725,81.491358,99.944105,15,17:30
commissioning,Thursday,3,1065,left,32.395533,43.992299,0.000000,13.498684,49.492415,55.993680,15,17:45
commissioning,Thursday,3,1065,right,58.458768,71.995962,0.000000,12.997922,95.484382,106.786493,15,17:45
commissioning,Thursday,3,1080,left,29.127656,32.994119,0.000000,7.498881,48.996042,54.978616,15,18:00
commissioning,Thursday,3,1080,right,48.658207,50.991099,0.000000,14.998587,82.985397,93.186887,15,18:00
commissioning,Thursday,3,1095,left,23.464412,28.999731,0.000000,5.499322,39.496765,45.594761,15,18:15
commissioning,Thursday,3,1095,right,39.129491,31.999320,0.000000,8.499164,70.492851,80.789723,15,18:15
commissioning,Thursday,3,1110,left,25.398570,18.999834,0.000000,8.998845,40.993263,49.997951,15,18:30
commissioning,Thursday,3,1110,right,38.001098,23.999791,0.000000,8.998811,61.989876,91.191738,15,18:30
commissioning,Thursday,3,1125,left,23.397078,18.998684,0.000000,7.999058,34.496288,48.591583,15,18:45
commissioning,Thursday,3,1125,right,33.329531,28.999530,0.000000,6.999176,51.993453,73.594599,15,18:45
commissioning,Thursday,3,1140,left,21.997574,17.997025,0.000000,7.999432,39.995687,47.191601,15,19:00
commissioning,Thursday,3,1140,right,35.662577,27.995237,0.000000,8.499410,55.992463,81.585601,15,19:00
commissioning,Thursday,3,1155,left,25.064438,16.997968,0.000000,11.498690,42.494289,49.598079,15,19:15
commissioning,Thursday,3,1155,right,35.663503,23.997131,0.000000,4.499612,66.491024,79.390489,15,19:15
commissioning,Thursday,3,1170,left,15.864218,15.987440,0.000000,4.499098,25.497075,33.395192,15,19:30
commissioning,Thursday,3,1170,right,21.862690,14.996288,0.000000,7.499294,31.986397,50.397114,15,19:30
commissioning,Thursday,3,1185,left,9.065956,8.999571,0.000000,6.999004,11.998407,16.599346,15,19:45
commissioning,Thursday,3,1185,right,16.798545,14.997383,0.000000,4.499557,26.997515,36.594830,15,19:45
commissioning,Thursday,3,1200,left,31.793759,10.998281,0.000000,6.999586,40.998404,80.964497,15,20:00
commissioning,Thursday,3,1200,right,36.993227,23.994883,0.000000,5.999524,48.998242,82.964820,15,20:00
commissioning,Thursday,3,1215,left,15.198333,7.999560,0.000000,4.498923,15.498649,22.396894,15,20:15
commissioning,Thursday,3,1215,right,24.530554,16.997196,0.000000,3.999698,36.995964,44.195814,15,20:15
commissioning,Thursday,3,1230,left,19.797683,16.997264,0.000000,3.499774,27.498438,44.392588,15,20:30
commissioning,Thursday,3,1230,right,30.863252,29.004041,0.000000,4.999317,45.495999,49.991614,15,20:30
commissioning,Thursday,3,1245,left,26.596323,11.998466,0.000000,6.499725,15.998816,54.192366,15,20:45
commissioning,Thursday,3,1245,right,28.796129,14.997964,0.000000,5.999705,36.494295,68.590884,15,20:45
commissioning,Thursday,3,1260,left,11.662018,11.999179,0.000000,7.499196,15.997902,20.779818,15,21:00
commissioning,Thursday,3,1260,right,16.592023,16.997139,0.000000,7.499639,26.996794,30.996987,15,21:00
commissioning,Thursday,3,1275,left,7.465999,7.999665,1.999921,5.499430,10.498367,10.999537,15,21:15
commissioning,Thursday,3,1275,right,18.131532,12.999720,1.599939,7.499694,27.997231,38.796573,15,21:15
commissioning,Thursday,3,1290,left,20.403279,9.998288,5.399648,7.999093,13.999536,55.427547,15,21:30
commissioning,Thursday,3,1290,right,30.667380,23.999582,8.799403,10.499378,39.495864,44.195751,15,21:30
commissioning,Thursday,3,1305,left,21.397473,8.999815,4.999647,5.499969,12.498163,63.191685,15,21:45
commissioning,Thursday,3,1305,right,29.463277,17.999445,4.599882,7.499700,29.495673,77.190904,15,21:45
commissioning,Thursday,3,1320,left,8.332717,9.000008,2.799871,5.999723,10.998324,12.599256,15,22:00
commissioning,Thursday,3,1320,right,14.865498,14.999515,4.399903,7.999526,19.497059,27.199071,15,22:00
commissioning,Thursday,3,1335,left,17.598624,7.999759,4.199637,6.499657,11.499064,22.198974,15,22:15
commissioning,Thursday,3,1335,right,31.597447,13.999570,7.999507,9.999300,20.998485,32.798674,15,22:15
commissioning,Thursday,3,1350,left,20.720841,11.999251,4.399470,6.999650,14.498862,30.596159,15,22:30
commissioning,Thursday,3,1350,right,27.586721,14.996754,4.399690,8.499372,24.998753,65.194789,15,22:30
commissioning,Thursday,3,1365,left,15.731982,12.997862,3.400201,6.999165,15.999108,23.598718,15,22:45
commissioning,Thursday,3,1365,right,15.065584,10.999619,4.399600,9.499109,15.499654,18.601568,15,22:45
commissioning,Thursday,3,1380,left,19.057989,7.999756,2.199735,4.999349,14.499350,52.753067,15,23:00
commissioning,Thursday,3,1380,right,20.591426,11.999298,3.199580,6.999722,18.497464,42.156015,15,23:00
commissioning,Thursday,3,1395,left,33.462768,10.999599,3.799734,5.499347,18.497752,67.995386,15,23:15
commissioning,Thursday,3,1395,right,29.729659,8.999253,2.399828,3.999747,27.997249,45.794260,15,23:15
commissioning,Thursday,3,1410,left,15.798791,5.996646,2.000190,2.999281,8.999145,11.197328,15,23:30
commissioning,Thursday,3,1410,right,14.598492,7.998926,3.999762,4.499849,10.001280,16.994474,15,23:30
commissioning,Thursday,3,1425,left,5.865961,2.999714,0.999968,1.999889,8.999201,14.998340,15,23:45
commissioning,Thursday,3,1425,right,8.932208,7.999795,1.399890,4.999244,13.499611,16.595980,15,23:45
commissioning,Friday,4,0,left,10.832694,4.999574,0.099996,1.749912,11.998897,30.896929,12,00:00
commissioning,Friday,4,0,right,14.248840,7.498398,1.099958,2.749687,10.749641,37.299308,12,00:00
commissioning,Friday,4,15,left,16.247461,5.499481,2.999719,3.749328,8.249251,15.597836,12,00:15
commissioning,Friday,4,15,right,13.498118,6.499574,1.999677,2.749754,9.249512,23.497865,12,00:15
commissioning,Friday,4,30,left,5.249492,4.999555,1.099966,3.499820,5.998968,8.699680,12,00:30
commissioning,Friday,4,30,right,4.666192,3.499877,1.099834,1.999911,7.248927,10.698217,12,00:30
commissioning,Friday,4,45,left,9.665820,8.999534,5.999056,7.498751,12.999337,13.898823,12,00:45
commissioning,Friday,4,45,right,7.749296,6.499240,2.099629,4.499746,9.248624,14.498856,12,00:45
commissioning,Friday,4,60,left,13.832502,6.999109,1.299876,4.749265,9.749300,18.596929,12,01:00
commissioning,Friday,4,60,right,8.749437,4.999403,1.099870,1.999791,8.249603,10.798230,12,01:00
commissioning,Friday,4,75,left,3.999578,2.499729,0.099990,0.999915,5.999529,10.499267,12,01:15
commissioning,Friday,4,75,right,5.414686,2.999222,1.099897,1.999773,5.999650,9.883091,12,01:15
commissioning,Friday,4,90,left,14.999219,6.499378,0.999872,1.749938,11.998287,16.499387,12,01:30
commissioning,Friday,4,90,right,15.082665,5.499064,2.999491,2.999786,8.249860,32.099235,12,01:30
commissioning,Friday,4,105,left,6.166364,5.499392,0.099982,2.499925,7.000203,10.600254,12,01:45
commissioning,Friday,4,105,right,7.999459,7.498493,0.000000,2.249604,9.248687,13.599466,12,01:45
commissioning,Friday,4,120,left,6.249393,7.999280,0.099993,0.999965,8.249601,12.597971,12,02:00
commissioning,Friday,4,120,right,6.082674,5.999414,1.999732,2.749775,9.997654,10.899127,12,02:00
commissioning,Friday,4,135,left,8.748952,3.999102,0.099992,1.749716,6.499201,17.899116,12,02:15
commissioning,Friday,4,135,right,11.081784,2.999638,1.099954,1.999856,9.750025,23.992398,12,02:15
commissioning,Friday,4,150,left,4.999128,3.999281,0.999849,1.749853,6.498972,9.796963,12,02:30
commissioning,Friday,4,150,right,6.665728,5.998555,2.099685,3.749424,8.997717,10.798419,12,02:30
commissioning,Friday,4,165,left,36.247339,5.499459,1.099962,1.999894,9.996212,15.397423,12,02:45
commissioning,Friday,4,165,right,36.997522,7.999062,3.099663,4.748285,11.999405,13.797798,12,02:45
commissioning,Friday,4,180,left,6.332365,4.999159,1.099951,1.999863,8.249380,12.593634,12,03:00
commissioning,Friday,4,180,right,7.832094,5.999391,1.999676,1.999953,10.748178,17.796609,12,03:00
commissioning,Friday,4,195,left,22.082462,4.499491,0.199987,2.749766,7.249531,9.798687,12,03:15
commissioning,Friday,4,195,right,28.498858,10.499028,2.199966,5.499707,17.249521,19.798331,12,03:15
commissioning,Friday,4,210,left,37.498832,7.999846,2.200018,5.499018,15.748402,21.898741,12,03:30
commissioning,Friday,4,210,right,20.832481,8.998800,3.999867,5.498507,11.250313,37.498263,12,03:30
commissioning,Friday,4,225,left,11.165569,4.999566,1.999733,2.749662,9.999684,27.097674,12,03:45
commissioning,Friday,4,225,right,18.415313,20.498153,4.199469,9.748790,26.247997,30.598255,12,03:45
commissioning,Friday,4,240,left,7.749290,8.498545,5.100266,6.749459,8.999577,10.798911,12,04:00
commissioning,Friday,4,240,right,12.665465,10.499873,3.999374,7.749206,16.750589,22.596142,12,04:00
commissioning,Friday,4,255,left,5.832736,3.999508,1.999672,1.999823,7.999826,10.699578,12,04:15
commissioning,Friday,4,255,right,17.165179,15.997349,7.099661,7.999078,25.995803,29.598842,12,04:15
commissioning,Friday,4,270,left,14.915544,8.999168,1.099935,3.499572,12.998257,33.697845,12,04:30
commissioning,Friday,4,270,right,28.914232,28.997113,14.099455,17.999398,34.245106,39.497050,12,04:30
commissioning,Friday,4,285,left,17.660688,9.998364,3.099797,6.249011,15.236754,27.995150,12,04:45
commissioning,Friday,4,285,right,42.399582,38.996469,17.097633,23.996449,52.958109,71.576643,12,04:45
commissioning,Friday,4,300,left,10.665051,9.998821,4.199853,8.248609,13.497910,14.997233,12,05:00
commissioning,Friday,4,300,right,40.410357,46.490094,14.298875,18.498349,52.991051,58.392381,12,05:00
commissioning,Friday,4,315,left,14.664380,10.999185,2.199919,6.248971,21.496388,24.796851,12,05:15
commissioning,Friday,4,315,right,46.076052,47.991942,12.699244,33.246573,66.247352,67.874531,12,05:15
commissioning,Friday,4,330,left,11.081196,10.499407,2.399326,7.497326,16.246215,16.997047,12,05:30
commissioning,Friday,4,330,right,51.072005,55.465781,14.999295,37.498051,67.738568,73.894734,12,05:30
commissioning,Friday,4,345,left,23.414608,12.998268,5.999060,8.248781,18.747458,62.396370,12,05:45
commissioning,Friday,4,345,right,57.160254,61.492797,19.096817,40.994049,71.990710,91.494271,12,05:45
commissioning,Friday,4,360,left,9.582289,9.498859,3.099477,4.749666,14.997640,16.797183,12,06:00
commissioning,Friday,4,360,right,67.825763,66.990542,19.398956,39.493040,79.247224,124.680192,12,06:00
commissioning,Friday,4,375,left,10.912688,9.998273,3.298890,6.748791,15.249184,17.770978,12,06:15
commissioning,Friday,4,375,right,89.472733,78.986263,56.189047,60.990247,106.112112,140.876969,12,06:15
commissioning,Friday,4,390,left,18.914763,21.497518,7.099622,10.999704,25.746603,27.999428,12,06:30
commissioning,Friday,4,390,right,84.908436,77.488133,52.994449,66.495834,109.235461,122.598203,12,06:30
commissioning,Friday,4,405,left,16.914636,15.999044,5.199674,8.499382,22.996773,33.196823,12,06:45
commissioning,Friday,4,405,right,60.576579,58.494946,22.496953,38.243790,74.739302,95.583436,12,06:45
commissioning,Friday,4,420,left,8.998560,5.499567,0.199965,2.749538,8.999500,18.599644,12,07:00
commissioning,Friday,4,420,right,67.234403,35.997142,13.298608,22.746671,112.710648,138.370796,12,07:00
commissioning,Friday,4,435,left,21.664555,16.498236,6.399834,10.749791,27.997147,44.798062,12,07:15
commissioning,Friday,4,435,right,91.658684,73.495118,55.299591,67.745972,131.990022,142.790768,12,07:15
commissioning,Friday,4,450,left,21.080468,15.999460,4.499626,11.249096,30.245574,33.692986,12,07:30
commissioning,Friday,4,450,right,77.240755,77.496181,22.899136,49.744694,101.736857,126.172889,12,07:30
commissioning,Friday,4,465,left,28.660574,30.496044,10.099111,21.499091,32.964212,46.496976,12,07:45
commissioning,Friday,4,465,right,77.566542,75.996778,42.699978,64.744781,92.740889,105.791774,12,07:45
commissioning,Friday,4,480,left,40.246066,37.497264,15.092765,18.248558,56.493006,74.788999,12,08:00
commissioning,Friday,4,480,right,92.320554,90.492208,62.098416,71.246018,113.452135,124.579652,12,08:00
commissioning,Friday,4,495,left,48.328637,43.497817,29.497896,39.993265,59.995356,64.797586,12,08:15
commissioning,Friday,4,495,right,102.989704,116.985657,48.200284,83.736839,124.738821,140.485893,12,08:15
commissioning,Friday,4,510,left,49.897462,39.408651,35.995810,36.747560,56.246053,73.491786,12,08:30
commissioning,Friday,4,510,right,110.273117,126.481365,49.297217,99.245961,136.298448,142.583714,12,08:30
commissioning,Friday,4,525,left,55.245552,49.498391,34.198934,37.499402,69.245473,71.789617,12,08:45
commissioning,Friday,4,525,right,120.158248,117.493904,100.091783,108.496234,128.239403,140.079553,12,08:45
commissioning,Friday,4,540,left,54.576828,46.494248,40.096598,40.994540,59.490967,84.091710,12,09:00
commissioning,Friday,4,540,right,142.067786,127.483028,110.586713,125.736578,145.483042,201.881382,12,09:00
commissioning,Friday,4,555,left,50.913023,46.996956,32.099031,35.247527,59.740520,78.196052,12,09:15
commissioning,Friday,4,555,right,141.740402,121.991547,93.284954,107.992457,155.240578,218.090141,12,09:15
commissioning,Friday,4,570,left,56.579440,51.497174,32.894955,44.744193,68.993403,86.089075,12,09:30
commissioning,Friday,4,570,right,130.406195,130.982499,96.695150,109.746342,146.978200,174.283084,12,09:30
commissioning,Friday,4,585,left,41.995752,42.494945,26.299111,29.748427,49.242994,53.590690,12,09:45
commissioning,Friday,4,585,right,117.739629,113.497200,74.889282,91.996410,139.987580,169.390391,12,09:45
commissioning,Friday,4,600,left,45.828120,41.496004,14.799255,33.994289,53.242143,88.188728,12,10:00
commissioning,Friday,4,600,right,105.154513,116.980250,59.298683,80.743219,134.241336,150.884369,12,10:00
commissioning,Friday,4,615,left,50.576173,47.998558,35.195156,37.744504,63.493051,73.962002,12,10:15
commissioning,Friday,4,615,right,103.570451,103.982517,72.290139,86.241266,117.743169,133.432564,12,10:15
commissioning,Friday,4,630,left,42.495638,39.994961,27.099103,30.996563,54.997081,56.790964,12,10:30
commissioning,Friday,4,630,right,90.908126,97.490614,54.195283,69.494717,110.735424,117.481140,12,10:30
commissioning,Friday,4,645,left,41.660988,41.495221,25.198180,34.495086,51.985346,53.790215,12,10:45
commissioning,Friday,4,645,right,97.738222,99.487495,58.492171,81.734495,112.990020,135.782187,12,10:45
commissioning,Friday,4,660,left,47.663469,48.496583,29.996273,32.997631,57.989894,59.793729,12,11:00
commissioning,Friday,4,660,right,97.658793,93.988860,67.191476,79.487530,121.239793,123.795185,12,11:00
commissioning,Friday,4,675,left,37.163238,33.998831,24.598855,30.747953,46.993007,50.592593,12,11:15
commissioning,Friday,4,675,right,81.243148,84.495282,47.198010,55.743139,103.484608,113.993574,12,11:15
commissioning,Friday,4,690,left,43.901709,41.994399,36.997446,40.496790,46.494347,49.963437,11,11:30
commissioning,Friday,4,690,right,92.985339,89.987997,75.993052,81.490684,105.988212,112.999915,11,11:30
commissioning,Friday,4,705,left,41.496967,42.497470,29.195801,33.247992,49.248241,53.893288,12,11:45
commissioning,Friday,4,705,right,96.992971,95.491033,72.293790,89.237026,109.248243,122.890045,12,11:45
commissioning,Friday,4,720,left,39.246047,33.499870,24.397918,30.244977,49.992463,54.495459,12,12:00
commissioning,Friday,4,720,right,86.824213,87.488520,70.298949,76.740162,95.240983,102.891317,12,12:00
commissioning,Friday,4,735,left,58.495605,52.994832,37.195491,40.498950,61.245020,89.898055,12,12:15
commissioning,Friday,4,735,right,77.660269,74.493309,64.295861,67.749119,83.990669,102.892970,12,12:15
commissioning,Friday,4,750,left,40.663088,39.496501,31.201753,35.996356,42.494282,53.891241,12,12:30
commissioning,Friday,4,750,right,81.242976,77.987335,58.503622,64.498630,92.489366,102.687330,12,12:30
commissioning,Friday,4,765,left,42.160975,39.995037,30.097619,36.995969,45.246449,49.598272,12,12:45
commissioning,Friday,4,765,right,76.073821,78.492680,52.098979,63.496449,93.215867,94.882890,12,12:45
commissioning,Friday,4,780,left,48.828357,45.496807,38.198263,40.734804,54.497272,64.997714,12,13:00
commissioning,Friday,4,780,right,83.325400,78.495931,65.195041,66.983509,103.239834,111.494129,12,13:00
commissioning,Friday,4,795,left,44.410556,42.493625,30.794786,40.248778,49.991548,58.691230,12,13:15
commissioning,Friday,4,795,right,80.740165,83.982743,41.693905,53.993942,89.235659,109.784000,12,13:15
commissioning,Friday,4,810,left,49.911873,50.493036,27.499219,34.995848,57.994751,76.893181,12,13:30
commissioning,Friday,4,810,right,65.827273,64.990929,36.996754,42.993856,84.998492,108.383376,12,13:30
commissioning,Friday,4,825,left,49.743414,50.495318,35.097713,37.497193,60.991156,65.795705,12,13:45
commissioning,Friday,4,825,right,77.823674,75.480799,51.691848,59.494397,96.985379,106.899882,12,13:45
commissioning,Friday,4,840,left,49.494780,48.996066,35.194601,40.743141,54.745866,64.796374,12,14:00
commissioning,Friday,4,840,right,70.492026,77.994637,32.995195,54.745253,88.736948,93.693147,12,14:00
commissioning,Friday,4,855,left,48.912327,51.995675,26.097627,42.748674,56.746368,63.497005,12,14:15
commissioning,Friday,4,855,right,80.409684,84.989778,41.197888,67.744588,96.746150,109.194196,12,14:15
commissioning,Friday,4,870,left,50.239046,48.497584,35.093781,35.994394,55.248359,65.289210,12,14:30
commissioning,Friday,4,870,right,84.317840,94.990231,37.196727,59.242138,109.213864,125.272882,12,14:30
commissioning,Friday,4,885,left,45.328132,49.492028,25.596736,33.244665,54.994037,64.891556,12,14:45
commissioning,Friday,4,885,right,69.242142,66.497605,38.294314,49.993886,84.988584,93.987248,12,14:45
commissioning,Friday,4,900,left,47.579214,49.997522,22.198662,35.248414,60.245298,68.189867,12,15:00
commissioning,Friday,4,900,right,76.827023,73.995767,34.195760,59.991931,92.238541,124.191469,12,15:00
commissioning,Friday,4,915,left,47.328294,52.482530,24.627219,32.997711,63.489903,65.889416,12,15:15
commissioning,Friday,4,915,right,86.243988,84.956209,55.800673,64.516304,108.250113,112.891016,12,15:15
commissioning,Friday,4,930,left,42.328676,39.995552,22.288774,25.747654,58.247636,61.695419,12,15:30
commissioning,Friday,4,930,right,91.573298,104.990546,38.997187,80.243145,110.238989,117.290006,12,15:30
commissioning,Friday,4,945,left,42.628003,42.998372,28.997521,37.996520,48.474478,60.997403,11,15:45
commissioning,Friday,4,945,right,85.167192,79.928074,49.991687,67.988490,107.496828,119.994892,11,15:45
commissioning,Friday,4,960,left,37.579714,38.499381,27.391246,32.496244,45.996603,46.901316,12,16:00
commissioning,Friday,4,960,right,74.826232,66.494943,29.590588,48.500804,89.994709,124.479957,12,16:00
commissioning,Friday,4,975,left,36.660648,39.486892,17.197377,21.248669,48.995044,52.891219,12,16:15
commissioning,Friday,4,975,right,72.905389,78.987941,31.495484,66.741565,86.992312,95.383688,12,16:15
commissioning,Friday,4,990,left,36.163116,34.994689,22.198939,26.246614,43.493822,48.593570,12,16:30
commissioning,Friday,4,990,right,76.661970,81.487575,29.096755,51.740784,103.246302,117.793624,12,16:30
commissioning,Friday,4,1005,left,42.578835,44.994033,21.596603,36.749471,52.997433,57.491296,12,16:45
commissioning,Friday,4,1005,right,81.242164,78.491913,34.098846,55.243952,109.244318,116.887645,12,16:45
commissioning,Friday,4,1020,left,39.661550,43.492200,27.195491,29.748325,45.996042,50.494634,12,17:00
commissioning,Friday,4,1020,right,70.241183,82.991182,15.997715,49.745358,90.988333,100.281770,12,17:00
commissioning,Friday,4,1035,left,42.573321,39.493661,31.294950,36.246000,49.746195,60.090788,12,17:15
commissioning,Friday,4,1035,right,77.733758,86.451000,35.896862,55.990395,100.987954,106.696820,12,17:15
commissioning,Friday,4,1050,left,38.157957,36.496333,21.798375,30.498818,43.997420,53.291290,12,17:30
commissioning,Friday,4,1050,right,59.407231,58.991189,16.798675,32.995285,88.245035,95.896432,12,17:30
commissioning,Friday,4,1065,left,38.744739,43.493848,12.198843,28.245053,53.995648,54.891383,12,17:45
commissioning,Friday,4,1065,right,56.075236,62.993218,16.298452,44.495325,71.988988,83.985208,12,17:45
commissioning,Friday,4,1080,left,35.245574,32.996577,4.399355,10.248280,55.496605,64.192705,12,18:00
commissioning,Friday,4,1080,right,58.242763,66.490346,4.799244,31.494343,88.987449,94.694721,12,18:00
commissioning,Friday,4,1095,left,22.823613,22.498134,6.199062,9.498673,33.927516,41.496183,12,18:15
commissioning,Friday,4,1095,right,45.820398,39.939517,10.098273,27.498579,59.993455,91.797014,12,18:15
commissioning,Friday,4,1110,left,17.164381,13.997486,6.999567,7.746672,20.246542,35.396145,12,18:30
commissioning,Friday,4,1110,right,41.495174,31.994634,8.696035,22.497913,51.746996,64.191455,12,18:30
commissioning,Friday,4,1125,left,18.580884,17.997951,8.299839,12.499329,22.500116,31.498446,12,18:45
commissioning,Friday,4,1125,right,43.577119,44.497497,6.099817,24.995887,62.963046,81.305574,12,18:45
commissioning,Friday,4,1140,left,17.081754,12.998918,7.099817,7.999497,19.498255,35.997133,12,19:00
commissioning,Friday,4,1140,right,41.746176,39.496158,9.099851,19.748313,55.494057,77.689775,12,19:00
commissioning,Friday,4,1155,left,20.908037,14.000076,4.999887,8.499198,31.498030,39.007259,11,19:15
commissioning,Friday,4,1155,right,37.544726,42.996530,4.999143,15.498103,52.495842,59.990365,11,19:15
commissioning,Friday,4,1170,left,15.831676,15.498495,4.999141,10.248901,21.498304,28.395561,12,19:30
commissioning,Friday,4,1170,right,30.663524,24.998195,9.998454,14.498760,43.995081,51.793862,12,19:30
commissioning,Friday,4,1185,left,22.413446,11.999102,8.099855,9.748720,20.245622,60.590435,12,19:45
commissioning,Friday,4,1185,right,32.912137,21.497757,6.998979,12.249261,47.993955,68.988792,12,19:45
commissioning,Friday,4,1200,left,14.665418,11.498587,7.099535,7.998970,14.249129,17.695402,12,20:00
commissioning,Friday,4,1200,right,22.164271,23.998610,8.099687,8.999342,31.491315,39.298916,12,20:00
commissioning,Friday,4,1215,left,21.998394,12.999476,5.299569,8.749128,21.498097,40.697223,12,20:15
commissioning,Friday,4,1215,right,28.248000,25.498474,6.099480,15.249037,30.747525,35.697051,12,20:15
commissioning,Friday,4,1230,left,13.748049,10.497846,6.099632,6.999590,15.248905,18.700462,12,20:30
commissioning,Friday,4,1230,right,26.246337,29.995035,6.298040,20.248613,33.499959,39.493997,12,20:30
commissioning,Friday,4,1245,left,16.330439,7.490438,4.999188,4.999636,14.998270,14.999803,12,20:45
commissioning,Friday,4,1245,right,26.827990,26.998760,5.399815,14.224811,31.747593,42.093114,12,20:45
commissioning,Friday,4,1260,left,10.165894,9.998861,4.399363,7.999709,12.999009,15.999292,12,21:00
commissioning,Friday,4,1260,right,23.914526,22.997595,4.199468,13.499512,37.246805,40.698517,12,21:00
commissioning,Friday,4,1275,left,14.081321,9.499849,5.299879,7.999446,13.998654,21.498129,12,21:15
commissioning,Friday,4,1275,right,21.747701,19.498572,9.099725,11.498420,28.748878,33.999485,12,21:15
commissioning,Friday,4,1290,left,9.832215,8.498478,5.099469,6.749035,10.998738,13.997681,12,21:30
commissioning,Friday,4,1290,right,23.414545,26.496869,3.099553,12.247940,34.999071,39.797742,12,21:30
commissioning,Friday,4,1305,left,7.582676,7.499370,2.999531,3.749747,10.499609,12.897884,12,21:45
commissioning,Friday,4,1305,right,19.498743,13.998282,4.199663,9.749869,24.747769,40.799395,12,21:45
commissioning,Friday,4,1320,left,22.327055,8.499574,5.099785,6.749593,13.249259,21.496380,12,22:00
commissioning,Friday,4,1320,right,29.401333,24.499898,4.299608,14.497555,33.498120,43.093689,12,22:00
commissioning,Friday,4,1335,left,27.414849,8.999283,1.099965,6.499904,10.999714,17.298730,12,22:15
commissioning,Friday,4,1335,right,37.997283,17.999295,6.099433,8.499366,26.748451,40.693346,12,22:15
commissioning,Friday,4,1350,left,16.415631,7.999549,5.099519,6.749790,16.998529,22.998198,12,22:30
commissioning,Friday,4,1350,right,20.915143,16.996238,4.099593,7.249418,22.748340,30.697453,12,22:30
commissioning,Friday,4,1365,left,10.992417,10.499557,3.999633,6.249764,13.998860,13.999108,12,22:45
commissioning,Friday,4,1365,right,12.819617,14.422150,4.299602,10.749270,16.498684,18.898423,12,22:45
commissioning,Friday,4,1380,left,11.166075,6.999840,3.199910,5.749560,10.499329,15.599539,12,23:00
commissioning,Friday,4,1380,right,15.749207,13.999695,5.099605,5.999803,20.248546,29.099413,12,23:00
commissioning,Friday,4,1395,left,8.082646,6.999502,4.199556,5.998555,10.249189,12.799244,12,23:15
commissioning,Friday,4,1395,right,15.915469,12.997816,5.198931,7.749526,22.498328,32.098083,12,23:15
commissioning,Friday,4,1410,left,12.915966,5.999732,2.199924,4.749768,10.499924,35.398859,12,23:30
commissioning,Friday,4,1410,right,19.915643,13.999362,3.999914,5.499742,36.248212,41.498391,12,23:30
commissioning,Friday,4,1425,left,25.417589,6.999666,3.999900,4.749981,12.260969,58.000820,12,23:45
commissioning,Friday,4,1425,right,26.584420,16.498541,2.099992,3.001539,27.248473,80.199665,12,23:45
commissioning,Saturday,5,0,left,6.916133,6.499553,2.099864,3.749763,9.498795,12.799691,12,00:00
commissioning,Saturday,5,0,right,9.416077,7.998938,4.099338,6.499581,14.499388,15.999553,12,00:00
commissioning,Saturday,5,15,left,8.249172,5.999260,3.999392,4.749326,9.498433,17.299160,12,00:15
commissioning,Saturday,5,15,right,8.249070,7.998683,2.099932,3.749456,12.497821,14.899219,12,00:15
commissioning,Saturday,5,30,left,28.745544,6.999732,4.999133,5.749008,8.998514,11.998015,12,00:30
commissioning,Saturday,5,30,right,19.247249,6.999313,2.099653,5.249156,16.248974,18.796803,12,00:30
commissioning,Saturday,5,45,left,6.915934,6.499141,2.999491,4.499216,8.998822,11.699060,12,00:45
commissioning,Saturday,5,45,right,8.665761,8.498932,2.099636,5.249697,13.248701,13.998752,12,00:45
commissioning,Saturday,5,60,left,5.582753,4.000141,2.999522,2.999929,6.249656,7.898571,12,01:00
commissioning,Saturday,5,60,right,8.249389,7.500224,1.999894,2.749602,11.248390,13.797949,12,01:00
commissioning,Saturday,5,75,left,18.329331,5.000333,0.199919,1.999731,6.499787,38.573984,12,01:15
commissioning,Saturday,5,75,right,20.660836,8.499521,2.999464,4.498359,19.996672,66.755172,12,01:15
commissioning,Saturday,5,90,left,5.999268,6.499488,1.199805,4.499435,8.248590,8.999488,12,01:30
commissioning,Saturday,5,90,right,6.082575,5.499167,1.999672,2.749610,6.998927,9.699392,12,01:30
commissioning,Saturday,5,105,left,8.915537,5.498919,2.999470,2.999767,7.249395,8.899598,12,01:45
commissioning,Saturday,5,105,right,7.665627,4.999067,2.099860,3.749740,7.499273,11.697990,12,01:45
commissioning,Saturday,5,120,left,5.331975,3.999298,0.999884,1.749723,7.497081,12.897390,12,02:00
commissioning,Saturday,5,120,right,8.998318,6.999319,1.999653,4.249399,10.248182,11.899062,12,02:00
commissioning,Saturday,5,135,left,5.082666,3.999604,0.999830,1.749706,6.249504,9.699162,12,02:15
commissioning,Saturday,5,135,right,7.415531,4.499563,1.199838,2.999581,10.498179,12.897711,12,02:15
commissioning,Saturday,5,150,left,5.999340,4.999427,3.099453,3.999307,6.749548,10.798342,12,02:30
commissioning,Saturday,5,150,right,7.415783,6.999391,1.999654,2.749760,10.998520,11.899418,12,02:30
commissioning,Saturday,5,165,left,6.166220,5.998986,2.099634,3.001016,8.250044,9.898624,12,02:45
commissioning,Saturday,5,165,right,9.249085,7.999156,3.299851,6.749891,11.748646,16.697145,12,02:45
commissioning,Saturday,5,180,left,13.832095,6.998814,2.099916,3.749702,9.998634,10.899207,12,03:00
commissioning,Saturday,5,180,right,13.082207,7.499811,2.099724,3.749414,10.499291,15.597497,12,03:00
commissioning,Saturday,5,195,left,4.249553,2.999779,0.000000,1.499749,4.999411,7.999702,12,03:15
commissioning,Saturday,5,195,right,7.749112,6.999574,0.099991,2.499618,12.248131,14.798158,12,03:15
commissioning,Saturday,5,210,left,3.749842,1.999937,0.099990,0.999970,3.999454,6.699803,12,03:30
commissioning,Saturday,5,210,right,6.416314,6.499872,2.099760,2.999671,8.249492,8.999480,12,03:30
commissioning,Saturday,5,225,left,6.416451,5.499423,0.099982,1.749695,10.752337,12.998797,12,03:45
commissioning,Saturday,5,225,right,10.332439,7.500645,1.999682,2.749610,12.748930,17.696885,12,03:45
commissioning,Saturday,5,240,left,4.499582,1.999801,0.999838,0.999893,4.999149,13.099623,12,04:00
commissioning,Saturday,5,240,right,8.998918,9.998305,2.299862,4.999161,11.749157,15.797532,12,04:00
commissioning,Saturday,5,255,left,5.416006,4.999341,2.999520,3.749436,6.999675,8.798753,12,04:15
commissioning,Saturday,5,255,right,13.498552,15.498035,1.399778,4.999407,17.996994,21.899294,12,04:15
commissioning,Saturday,5,270,left,3.832816,3.998623,0.999943,1.749745,4.249803,7.699618,12,04:30
commissioning,Saturday,5,270,right,14.081454,14.998709,5.199273,7.749383,19.494838,23.697524,12,04:30
commissioning,Saturday,5,285,left,8.748887,6.498956,2.099812,3.749596,9.248479,18.099212,12,04:45
commissioning,Saturday,5,285,right,17.581436,15.997985,4.499278,10.498662,21.496529,31.397713,12,04:45
commissioning,Saturday,5,300,left,7.082641,5.999361,1.300068,3.999843,10.748864,12.999709,12,05:00
commissioning,Saturday,5,300,right,11.998874,11.498450,3.199849,7.999299,15.997490,19.596842,12,05:00
commissioning,Saturday,5,315,left,16.414345,7.999188,1.299769,4.749207,12.998512,13.899149,12,05:15
commissioning,Saturday,5,315,right,22.997008,22.998596,6.195027,12.499067,29.246107,36.899206,12,05:15
commissioning,Saturday,5,330,left,20.998485,6.998928,0.199971,1.999849,13.997897,39.199348,12,05:30
commissioning,Saturday,5,330,right,22.414796,23.997321,3.999660,11.499656,27.997495,32.498891,12,05:30
commissioning,Saturday,5,345,left,5.582756,5.999471,1.099828,2.749684,8.249541,8.998704,12,05:45
commissioning,Saturday,5,345,right,24.247721,25.997969,8.098741,8.999515,35.247335,36.894060,12,05:45
commissioning,Saturday,5,360,left,22.744088,3.999358,1.099964,1.999893,5.499546,8.799521,12,06:00
commissioning,Saturday,5,360,right,32.494741,23.997483,5.299500,16.247417,41.747134,57.491388,12,06:00
commissioning,Saturday,5,375,left,9.332728,6.499092,1.199801,2.999601,14.249468,15.899659,12,06:15
commissioning,Saturday,5,375,right,32.496947,31.998413,20.098127,20.997236,45.247765,47.791660,12,06:15
commissioning,Saturday,5,390,left,11.915461,10.999165,2.999526,4.499438,16.749010,24.397600,12,06:30
commissioning,Saturday,5,390,right,57.660814,65.495722,36.795862,46.246827,67.496532,71.990259,12,06:30
commissioning,Saturday,5,405,left,9.248956,4.499247,0.999823,1.749836,12.999567,22.898154,12,06:45
commissioning,Saturday,5,405,right,49.076717,54.490881,7.898939,39.998470,64.243266,70.694303,12,06:45
commissioning,Saturday,5,420,left,18.331307,12.997987,2.099656,4.499232,23.245937,50.996149,12,07:00
commissioning,Saturday,5,420,right,53.659376,53.991063,17.897078,47.745623,61.993847,89.585357,12,07:00
commissioning,Saturday,5,435,left,24.080164,23.997881,1.399814,14.748284,29.744836,47.291763,12,07:15
commissioning,Saturday,5,435,right,66.075300,62.992681,43.192451,45.745486,76.237828,96.483625,12,07:15
commissioning,Saturday,5,450,left,18.164230,13.997610,4.999168,7.998677,23.746671,34.097519,12,07:30
commissioning,Saturday,5,450,right,70.407328,64.993125,43.292685,54.240604,88.734526,97.297304,12,07:30
commissioning,Saturday,5,465,left,22.664092,20.497029,8.399466,15.748009,28.745747,34.594306,12,07:45
commissioning,Saturday,5,465,right,68.075309,64.991558,55.397061,60.492798,71.740270,85.993239,12,07:45
commissioning,Saturday,5,480,left,24.580702,23.997412,10.499015,17.249677,35.244538,37.795305,12,08:00
commissioning,Saturday,5,480,right,70.326307,70.490485,50.491028,55.747389,78.246412,89.786674,12,08:00
commissioning,Saturday,5,495,left,37.913394,31.498820,14.499137,21.998637,58.744704,65.488882,12,08:15
commissioning,Saturday,5,495,right,76.660851,79.998044,52.297790,62.497091,92.484775,93.991900,12,08:15
commissioning,Saturday,5,510,left,41.412917,36.997553,31.198280,35.236226,43.742587,53.192692,12,08:30
commissioning,Saturday,5,510,right,86.574192,87.499421,66.091740,70.747273,97.741301,115.844946,12,08:30
commissioning,Saturday,5,525,left,46.661196,45.997016,33.292763,35.998672,55.490724,57.890469,12,08:45
commissioning,Saturday,5,525,right,115.488191,100.483313,82.082933,89.742012,107.986392,169.797944,12,08:45
commissioning,Saturday,5,540,left,47.242992,46.492022,31.195218,33.748158,61.491984,69.569324,12,09:00
commissioning,Saturday,5,540,right,121.652634,102.495715,81.364025,87.238946,138.996704,197.783535,12,09:00
commissioning,Saturday,5,555,left,39.991251,36.970643,29.095174,32.247694,48.491551,54.490584,12,09:15
commissioning,Saturday,5,555,right,114.144561,92.998040,70.588031,80.485610,148.228762,196.393760,12,09:15
commissioning,Saturday,5,570,left,40.162261,42.996050,23.195769,27.248056,47.246383,53.396657,12,09:30
commissioning,Saturday,5,570,right,128.237297,101.489378,81.692546,93.234185,142.236129,228.180271,12,09:30
commissioning,Saturday,5,585,left,44.330294,42.995210,24.299062,31.498259,52.747640,70.298972,12,09:45
commissioning,Saturday,5,585,right,101.826787,102.993914,60.996198,70.744789,128.741805,131.893597,12,09:45
commissioning,Saturday,5,600,left,43.913315,39.994040,28.194073,30.748916,57.994858,61.011684,12,10:00
commissioning,Saturday,5,600,right,117.323715,112.983185,70.291789,93.982208,128.999265,178.499050,12,10:00
commissioning,Saturday,5,615,left,38.828690,34.997766,23.395558,30.743720,48.246954,50.797401,12,10:15
commissioning,Saturday,5,615,right,127.398285,110.993017,77.086845,101.243752,128.242077,194.639220,12,10:15
commissioning,Saturday,5,630,left,41.580259,38.495510,18.396134,30.249312,51.245954,67.294919,12,10:30
commissioning,Saturday,5,630,right,108.740428,113.485224,70.894184,94.745701,132.738524,142.195751,12,10:30
commissioning,Saturday,5,645,left,36.408630,36.995302,20.396975,26.246704,44.495523,53.790669,12,10:45
commissioning,Saturday,5,645,right,91.731399,94.495543,43.397052,77.737871,119.417402,123.679838,12,10:45
commissioning,Saturday,5,660,left,35.081521,37.997943,18.998494,28.747268,43.249321,46.697925,12,11:00
commissioning,Saturday,5,660,right,81.744656,82.994934,47.398559,62.999154,104.241976,106.794928,12,11:00
commissioning,Saturday,5,675,left,35.500945,37.995166,25.099149,25.998970,42.257639,44.799443,12,11:15
commissioning,Saturday,5,675,right,82.920303,85.994947,38.998128,60.745375,104.014917,123.202070,12,11:15
commissioning,Saturday,5,690,left,33.489824,32.444480,14.599137,26.748247,39.248995,52.598721,12,11:30
commissioning,Saturday,5,690,right,85.802668,84.496899,51.296843,66.747708,104.250344,120.690856,12,11:30
commissioning,Saturday,5,705,left,35.581374,35.995928,26.496762,31.748425,37.499653,47.101570,12,11:45
commissioning,Saturday,5,705,right,86.412406,86.489551,40.598835,59.492681,120.002676,123.899038,12,11:45
commissioning,Saturday,5,720,left,34.162287,33.998713,28.097695,32.738922,36.494389,39.795319,12,12:00
commissioning,Saturday,5,720,right,75.406378,78.490507,37.495747,62.989560,89.997825,103.188751,12,12:00
commissioning,Saturday,5,735,left,33.745803,35.495044,21.498712,30.494305,36.997606,41.793311,12,12:15
commissioning,Saturday,5,735,right,68.992531,63.489310,49.290642,55.740833,74.994015,97.196838,12,12:15
commissioning,Saturday,5,750,left,35.996986,36.996703,26.099783,27.748150,41.244492,50.391949,12,12:30
commissioning,Saturday,5,750,right,85.243774,87.999816,52.996848,57.492486,106.235697,127.392003,12,12:30
commissioning,Saturday,5,765,left,32.495438,28.506219,25.095851,26.738780,37.247246,45.493437,12,12:45
commissioning,Saturday,5,765,right,73.409729,76.019376,36.397388,43.746694,92.484786,111.390252,12,12:45
commissioning,Saturday,5,780,left,34.745741,34.997871,26.096142,28.498008,39.994813,42.997823,12,13:00
commissioning,Saturday,5,780,right,79.989571,72.493720,52.393142,67.243520,88.231720,121.674456,12,13:00
commissioning,Saturday,5,795,left,33.320724,32.446621,26.095621,27.745358,35.247166,41.694252,12,13:15
commissioning,Saturday,5,795,right,72.060743,72.993505,48.657932,58.245777,81.486396,97.385487,12,13:15
commissioning,Saturday,5,810,left,34.413521,35.000025,25.699338,32.745611,37.994540,41.893933,12,13:30
commissioning,Saturday,5,810,right,73.158983,75.994245,52.399108,59.748151,83.239079,93.300488,12,13:30
commissioning,Saturday,5,825,left,28.996534,28.496704,20.098543,20.993642,38.997866,39.899315,12,13:45
commissioning,Saturday,5,825,right,69.574793,63.994767,51.191764,57.468250,79.239957,100.098441,12,13:45
commissioning,Saturday,5,840,left,36.913696,33.999115,27.099080,28.746216,45.497199,49.998677,12,14:00
commissioning,Saturday,5,840,right,74.911338,71.990206,44.292137,50.746820,100.746520,110.193995,12,14:00
commissioning,Saturday,5,855,left,36.413136,35.997648,23.399233,29.245432,38.999258,49.789968,12,14:15
commissioning,Saturday,5,855,right,82.909262,80.993364,51.291495,62.998754,95.984934,116.392063,12,14:15
commissioning,Saturday,5,870,left,44.244599,43.984342,32.994697,38.249682,52.747785,59.790306,12,14:30
commissioning,Saturday,5,870,right,84.740950,76.996148,72.084750,73.735542,99.741793,101.982818,12,14:30
commissioning,Saturday,5,885,left,40.742539,39.495456,25.299011,33.996463,50.211441,53.697636,12,14:45
commissioning,Saturday,5,885,right,79.653719,86.490116,41.193327,66.991500,98.993825,108.595621,12,14:45
commissioning,Saturday,5,900,left,33.995939,38.496830,20.996519,23.246358,41.244122,41.998200,12,15:00
commissioning,Saturday,5,900,right,92.822537,92.990262,54.890632,84.740024,106.741322,123.692126,12,15:00
commissioning,Saturday,5,915,left,34.330851,38.501155,10.198307,15.747982,45.242437,52.906276,12,15:15
commissioning,Saturday,5,915,right,89.992089,93.983594,60.592915,84.005882,99.982437,113.483077,12,15:15
commissioning,Saturday,5,930,left,28.657020,26.960659,12.097824,17.496899,36.748754,48.891784,12,15:30
commissioning,Saturday,5,930,right,83.474647,84.991602,40.092975,70.856887,102.735639,105.889555,12,15:30
commissioning,Saturday,5,945,left,38.162284,32.998935,23.195845,25.746932,45.744596,61.194880,12,15:45
commissioning,Saturday,5,945,right,90.489561,95.988688,46.693540,70.996658,114.241050,121.588450,12,15:45
commissioning,Saturday,5,960,left,32.662311,30.995240,16.397266,25.996828,39.994026,49.899090,12,16:00
commissioning,Saturday,5,960,right,83.405163,89.484237,40.893087,72.244582,102.491088,108.482705,12,16:00
commissioning,Saturday,5,975,left,31.913815,33.501831,16.098688,19.245937,38.998731,47.698288,12,16:15
commissioning,Saturday,5,975,right,81.408832,78.490126,49.892618,68.497309,91.235153,115.089132,12,16:15
commissioning,Saturday,5,990,left,35.079772,30.996526,21.099977,24.248025,45.237129,52.298179,12,16:30
commissioning,Saturday,5,990,right,72.409906,71.997110,35.699363,52.494662,100.468199,101.995166,12,16:30
commissioning,Saturday,5,1005,left,37.830647,37.496572,16.498486,23.248078,53.497511,56.799557,12,16:45
commissioning,Saturday,5,1005,right,79.077608,89.496664,43.397043,49.245479,100.745357,109.597918,12,16:45
commissioning,Saturday,5,1020,left,42.911649,39.996789,17.298517,26.745853,55.990348,59.596493,12,17:00
commissioning,Saturday,5,1020,right,80.657512,83.499277,37.597227,57.241138,101.483734,108.993720,12,17:00
commissioning,Saturday,5,1035,left,35.079055,32.498627,18.097132,21.249021,42.493124,58.094150,12,17:15
commissioning,Saturday,5,1035,right,76.574315,88.488042,32.895390,51.492872,94.988787,106.698153,12,17:15
commissioning,Saturday,5,1050,left,36.662515,38.496103,24.595847,30.739402,41.245596,49.496426,12,17:30
commissioning,Saturday,5,1050,right,80.573883,86.991524,39.298324,57.730394,100.242421,119.880619,12,17:30
commissioning,Saturday,5,1065,left,37.243982,33.496873,18.299446,21.748086,47.997357,65.389195,12,17:45
commissioning,Saturday,5,1065,right,78.073748,83.493944,29.897313,60.490396,98.958572,120.597747,12,17:45
commissioning,Saturday,5,1080,left,28.245887,31.496208,3.299574,14.997419,41.242582,48.891154,12,18:00
commissioning,Saturday,5,1080,right,71.906188,70.988151,12.398290,24.996578,108.730363,123.888469,12,18:00
commissioning,Saturday,5,1095,left,19.830997,16.998469,5.998788,8.998634,29.745473,36.798055,12,18:15
commissioning,Saturday,5,1095,right,53.410069,47.995658,8.098892,19.501129,91.236325,102.483085,12,18:15
commissioning,Saturday,5,1110,left,19.497515,12.498910,6.099497,7.749685,21.748059,44.391468,12,18:30
commissioning,Saturday,5,1110,right,45.327474,30.495255,4.499181,18.749636,56.744716,105.183021,12,18:30
commissioning,Saturday,5,1125,left,16.830972,12.498004,7.199782,10.498999,20.496499,33.694625,12,18:45
commissioning,Saturday,5,1125,right,38.995409,39.495886,10.099116,15.497378,58.247813,68.888704,12,18:45
commissioning,Saturday,5,1140,left,13.414730,9.498912,5.999282,6.748878,16.747845,25.597301,12,19:00
commissioning,Saturday,5,1140,right,47.243807,47.491978,8.999517,20.997636,70.497022,89.075817,12,19:00
commissioning,Saturday,5,1155,left,17.832017,13.498441,5.099262,8.249002,22.999205,35.897750,12,19:15
commissioning,Saturday,5,1155,right,47.830218,40.495365,8.698799,21.746705,65.747637,96.200721,12,19:15
commissioning,Saturday,5,1170,left,12.248566,13.498219,5.299731,8.748553,16.997522,17.897035,12,19:30
commissioning,Saturday,5,1170,right,35.412847,34.995440,11.998043,16.497268,50.241606,61.799434,12,19:30
commissioning,Saturday,5,1185,left,15.998285,9.998896,4.099560,4.999196,18.497498,33.197387,12,19:45
commissioning,Saturday,5,1185,right,38.660720,43.995443,8.499773,21.249057,58.235353,58.992346,12,19:45
commissioning,Saturday,5,1200,left,16.581660,12.499123,4.099701,7.998980,15.997768,27.997251,12,20:00
commissioning,Saturday,5,1200,right,31.580255,26.996476,8.099345,20.246559,51.496063,55.695825,12,20:00
commissioning,Saturday,5,1215,left,25.497520,12.998347,4.199408,8.248623,15.499379,17.897076,12,20:15
commissioning,Saturday,5,1215,right,45.911887,30.495284,8.998643,18.746990,44.245468,54.891199,12,20:15
commissioning,Saturday,5,1230,left,9.915798,7.998867,4.199409,5.999580,11.999495,18.599173,12,20:30
commissioning,Saturday,5,1230,right,27.414073,27.498189,7.099116,16.997310,36.997931,48.395301,12,20:30
commissioning,Saturday,5,1245,left,30.164857,9.998845,6.999303,8.499500,13.498945,15.898494,12,20:45
commissioning,Saturday,5,1245,right,37.746737,26.997561,8.999093,20.249093,45.742743,54.294393,12,20:45
commissioning,Saturday,5,1260,left,10.081904,9.998992,4.295106,7.749137,11.998970,13.799572,12,21:00
commissioning,Saturday,5,1260,right,24.159176,20.997458,9.199148,17.748193,33.495981,40.394621,12,21:00
commissioning,Saturday,5,1275,left,22.332086,7.499087,2.999560,5.999047,13.499467,15.897570,12,21:15
commissioning,Saturday,5,1275,right,34.663927,26.498442,10.198563,20.246885,34.994170,41.597516,12,21:15
commissioning,Saturday,5,1290,left,14.582405,9.499829,6.200001,7.999601,13.499556,15.899458,12,21:30
commissioning,Saturday,5,1290,right,31.414908,25.999643,5.500008,15.249266,49.996464,59.595857,12,21:30
commissioning,Saturday,5,1305,left,22.498803,10.499518,4.996345,7.248831,11.499064,14.799614,12,21:45
commissioning,Saturday,5,1305,right,30.328024,23.997858,5.299972,17.748574,35.495860,51.361033,12,21:45
commissioning,Saturday,5,1320,left,26.664610,9.999318,5.099968,6.749776,15.748591,24.298011,12,22:00
commissioning,Saturday,5,1320,right,28.997823,19.498794,5.999758,5.999951,33.248421,34.895430,12,22:00
commissioning,Saturday,5,1335,left,12.249203,9.498871,4.199515,7.498954,12.999424,19.599202,12,22:15
commissioning,Saturday,5,1335,right,26.331153,25.998894,5.299151,15.497931,34.997179,49.691652,12,22:15
commissioning,Saturday,5,1350,left,6.832891,6.499545,4.099649,4.999531,8.249761,9.899415,12,22:30
commissioning,Saturday,5,1350,right,20.665376,16.499363,6.199458,8.749161,31.747941,42.396757,12,22:30
commissioning,Saturday,5,1365,left,6.749631,5.999724,3.999597,3.999947,9.249551,10.899396,12,22:45
commissioning,Saturday,5,1365,right,19.332080,18.498943,6.099686,9.249976,26.498331,39.096247,12,22:45
commissioning,Saturday,5,1380,left,9.665784,6.999594,4.099600,4.999463,10.249056,11.899472,12,23:00
commissioning,Saturday,5,1380,right,16.165116,15.499381,1.999824,7.999350,21.247981,25.896085,12,23:00
commissioning,Saturday,5,1395,left,8.414711,6.999422,2.199909,5.499544,11.499251,13.899275,12,23:15
commissioning,Saturday,5,1395,right,16.659127,15.999056,4.299645,6.999406,21.749442,27.598996,12,23:15
commissioning,Saturday,5,1410,left,27.247774,7.499992,1.099941,4.999617,12.998328,37.297898,12,23:30
commissioning,Saturday,5,1410,right,25.164738,14.999401,1.999875,5.750083,20.498497,41.197329,12,23:30
commissioning,Saturday,5,1425,left,15.831386,7.999808,1.299906,5.499354,10.498533,14.699712,12,23:45
commissioning,Saturday,5,1425,right,17.664686,9.499545,2.299838,5.749678,17.999367,25.197898,12,23:45
commissioning,Sunday,6,0,left,8.416113,6.499499,2.100442,3.749437,12.498233,13.999347,12,00:00
commissioning,Sunday,6,0,right,12.082318,7.999438,1.200048,3.749700,14.998675,29.095328,12,00:00
commissioning,Sunday,6,15,left,28.245957,7.499364,2.199873,3.999689,13.498702,117.884394,12,00:15
commissioning,Sunday,6,15,right,23.913194,13.998277,2.099891,3.749712,19.997534,50.293362,12,00:15
commissioning,Sunday,6,30,left,34.163159,7.499782,1.999834,4.249332,11.749205,49.092251,12,00:30
commissioning,Sunday,6,30,right,28.247096,15.999169,1.999844,4.249747,22.747046,56.491185,12,00:30
commissioning,Sunday,6,45,left,4.747751,4.499494,0.199965,1.999663,6.249540,8.781367,12,00:45
commissioning,Sunday,6,45,right,9.495661,7.498867,2.999521,5.999010,16.238197,17.895571,12,00:45
commissioning,Sunday,6,60,left,5.666044,5.001639,1.099819,1.999661,6.999092,9.696318,12,01:00
commissioning,Sunday,6,60,right,6.249333,5.999013,2.099655,4.499235,7.999028,8.896634,12,01:00
commissioning,Sunday,6,75,left,24.914459,2.999732,0.199962,1.999631,5.999263,68.388324,12,01:15
commissioning,Sunday,6,75,right,24.997280,11.498107,1.199762,2.999591,23.498007,57.390081,12,01:15
commissioning,Sunday,6,90,left,4.666087,4.499231,1.099831,1.999917,5.999211,6.898930,12,01:30
commissioning,Sunday,6,90,right,4.416164,3.999540,0.099982,1.749675,7.249466,7.998678,12,01:30
commissioning,Sunday,6,105,left,8.832179,5.999407,0.999834,1.749930,9.748555,12.899016,12,01:45
commissioning,Sunday,6,105,right,7.832379,4.499764,1.099809,2.749845,10.499262,11.999120,12,01:45
commissioning,Sunday,6,120,left,4.999199,3.999227,0.999888,0.999927,8.998553,9.598723,8,02:00
commissioning,Sunday,6,120,right,4.499352,3.499385,0.699860,0.999817,6.249349,9.098874,8,02:00
commissioning,Sunday,6,135,left,8.665391,4.999125,1.999933,2.999811,9.999621,17.196997,9,02:15
commissioning,Sunday,6,135,right,5.776938,2.999510,0.999915,1.999650,6.998775,10.798883,9,02:15
commissioning,Sunday,6,150,left,5.666220,4.999173,1.599722,1.999715,7.998706,10.198639,9,02:30
commissioning,Sunday,6,150,right,5.110722,4.999130,0.999867,1.999676,6.998784,9.001257,9,02:30
commissioning,Sunday,6,165,left,4.110464,2.999492,0.999859,1.999665,4.999155,9.198540,9,02:45
commissioning,Sunday,6,165,right,6.332317,4.999220,1.999875,3.999462,7.998645,10.398244,9,02:45
commissioning,Sunday,6,180,left,15.747589,3.999839,0.099990,1.749831,5.999220,10.499277,12,03:00
commissioning,Sunday,6,180,right,15.831133,4.999401,1.199880,2.999851,8.749220,14.599811,12,03:00
commissioning,Sunday,6,195,left,3.416430,1.499743,0.000000,0.000000,5.499790,9.999652,12,03:15
commissioning,Sunday,6,195,right,7.665846,6.499338,0.099983,2.499797,11.749204,14.898171,12,03:15
commissioning,Sunday,6,210,left,5.249545,4.499493,0.999839,1.749734,9.249620,10.898691,12,03:30
commissioning,Sunday,6,210,right,9.665764,6.499156,1.099932,2.749520,15.249432,21.698495,12,03:30
commissioning,Sunday,6,225,left,11.914732,2.499796,0.999814,0.999826,5.749468,8.899491,12,03:45
commissioning,Sunday,6,225,right,16.997585,9.498312,0.099972,3.249501,13.748202,23.198952,12,03:45
commissioning,Sunday,6,240,left,3.999239,1.999665,0.999823,0.999887,4.249319,11.297982,12,04:00
commissioning,Sunday,6,240,right,8.998452,6.498837,1.199862,2.999466,9.749143,23.096547,12,04:00
commissioning,Sunday,6,255,left,1.916446,0.999971,0.999822,0.999847,2.499554,4.000062,12,04:15
commissioning,Sunday,6,255,right,6.748995,5.999077,1.199973,4.499967,9.997993,9.998201,12,04:15
commissioning,Sunday,6,270,left,2.666192,1.499802,0.000000,0.000000,3.999322,6.998746,12,04:30
commissioning,Sunday,6,270,right,8.748534,6.499227,0.199965,4.999138,12.247880,20.196571,12,04:30
commissioning,Sunday,6,285,left,4.416042,2.499578,0.099984,0.999954,4.249632,6.799309,12,04:45
commissioning,Sunday,6,285,right,14.248140,13.497300,3.199455,7.999106,19.248499,27.198525,12,04:45
commissioning,Sunday,6,300,left,4.582814,2.499683,0.999828,0.999940,7.499661,10.798163,12,05:00
commissioning,Sunday,6,300,right,10.081879,5.499453,1.999646,4.249706,13.498062,26.096313,12,05:00
commissioning,Sunday,6,315,left,25.912195,2.499562,0.000000,0.000000,4.749174,100.582679,12,05:15
commissioning,Sunday,6,315,right,26.745902,13.497678,4.099293,7.248753,20.999716,65.388730,12,05:15
commissioning,Sunday,6,330,left,15.580955,2.999656,0.099983,0.999900,5.999604,20.696432,12,05:30
commissioning,Sunday,6,330,right,17.414449,12.997798,2.099638,2.999788,25.247751,30.796476,12,05:30
commissioning,Sunday,6,345,left,3.499434,2.499662,0.099982,0.999827,5.998224,6.898852,12,05:45
commissioning,Sunday,6,345,right,13.997997,16.495561,4.199321,5.998983,17.998477,25.197898,12,05:45
commissioning,Sunday,6,360,left,29.912437,4.999128,1.999650,1.999659,8.498955,48.698754,12,06:00
commissioning,Sunday,6,360,right,19.830656,7.498764,2.999491,5.249123,19.246628,47.298585,12,06:00
commissioning,Sunday,6,375,left,4.416053,3.999517,0.999914,1.749732,7.248799,7.998699,12,06:15
commissioning,Sunday,6,375,right,18.747620,19.496683,6.999832,12.249804,24.495602,29.895150,12,06:15
commissioning,Sunday,6,390,left,4.749377,3.999544,0.999831,0.999968,6.248931,6.998981,12,06:30
commissioning,Sunday,6,390,right,26.413355,27.997962,8.399047,14.247577,36.244266,40.895486,12,06:30
commissioning,Sunday,6,405,left,8.998871,4.500949,1.099910,2.749778,5.249385,15.897318,12,06:45
commissioning,Sunday,6,405,right,40.497493,42.994732,17.998895,21.746786,51.743976,65.089021,12,06:45
commissioning,Sunday,6,420,left,6.748837,4.998307,0.999832,2.499609,9.248564,18.096789,12,07:00
commissioning,Sunday,6,420,right,43.659699,43.494896,38.195659,39.987456,46.250667,48.793253,12,07:00
commissioning,Sunday,6,435,left,14.914526,13.498277,2.999515,4.499271,20.746519,29.896863,12,07:15
commissioning,Sunday,6,435,right,43.493386,45.993034,36.194149,42.493093,47.995374,49.790244,12,07:15
commissioning,Sunday,6,450,left,13.831844,10.998375,7.099820,9.498421,14.999346,24.296168,12,07:30
commissioning,Sunday,6,450,right,44.077193,41.993799,20.399371,34.494411,50.742547,55.698152,12,07:30
commissioning,Sunday,6,465,left,10.581860,6.999140,3.099866,4.749147,11.748978,24.795881,12,07:45
commissioning,Sunday,6,465,right,51.826997,50.494169,42.296531,45.742561,55.992347,62.298143,12,07:45
commissioning,Sunday,6,480,left,15.581122,11.498062,5.099547,5.999673,19.997734,32.294936,12,08:00
commissioning,Sunday,6,480,right,46.827505,46.493303,39.393179,42.997636,49.992495,55.695568,12,08:00
commissioning,Sunday,6,495,left,26.830895,28.998898,9.298677,14.248573,32.749554,44.593173,12,08:15
commissioning,Sunday,6,495,right,54.911697,54.493931,30.794980,49.247938,68.994106,77.988477,12,08:15
commissioning,Sunday,6,510,left,36.246904,36.998256,10.198530,12.749505,49.991529,60.497195,12,08:30
commissioning,Sunday,6,510,right,70.661011,68.489596,55.396680,61.998799,78.247615,86.496760,12,08:30
commissioning,Sunday,6,525,left,29.087648,25.995796,14.997502,19.996546,37.495885,50.997445,11,08:45
commissioning,Sunday,6,525,right,76.262599,64.989937,57.990622,62.494893,86.486717,94.984179,11,08:45
commissioning,Sunday,6,540,left,23.580891,17.998641,12.198092,13.999696,28.994754,37.097328,12,09:00
commissioning,Sunday,6,540,right,74.326053,70.991801,51.095625,64.748715,89.248418,94.479248,12,09:00
commissioning,Sunday,6,555,left,24.997109,22.999123,16.097254,17.747032,34.245349,36.795594,12,09:15
commissioning,Sunday,6,555,right,76.406509,69.992070,55.191646,58.491641,84.242891,102.982496,12,09:15
commissioning,Sunday,6,570,left,23.829863,24.498786,10.198293,15.744572,30.744856,36.594229,12,09:30
commissioning,Sunday,6,570,right,96.652234,77.488148,65.176093,67.738672,92.740496,154.076975,12,09:30
commissioning,Sunday,6,585,left,31.080123,30.996496,13.198691,19.497499,43.495143,51.595236,12,09:45
commissioning,Sunday,6,585,right,120.903269,99.986243,69.895962,80.988709,127.238893,208.966818,12,09:45
commissioning,Sunday,6,600,left,29.913671,32.494408,12.098251,24.246447,39.494942,41.893623,12,10:00
commissioning,Sunday,6,600,right,98.159754,94.026586,77.087080,81.736410,115.734544,124.280048,12,10:00
commissioning,Sunday,6,615,left,28.829907,27.996568,13.399914,18.498345,31.498282,38.393489,12,10:15
commissioning,Sunday,6,615,right,126.320595,94.998856,82.093241,83.737024,134.486339,219.972625,12,10:15
commissioning,Sunday,6,630,left,31.664576,36.498014,16.098674,16.998737,39.998892,44.793082,12,10:30
commissioning,Sunday,6,630,right,132.491228,101.497012,83.393499,89.242430,132.491041,271.081216,12,10:30
commissioning,Sunday,6,645,left,32.412971,28.999240,23.098147,24.748245,35.744984,47.891886,12,10:45
commissioning,Sunday,6,645,right,126.487869,119.482088,87.393763,96.991838,133.476531,190.784301,12,10:45
commissioning,Sunday,6,660,left,35.453100,35.004522,20.998179,28.498076,40.997939,48.998639,11,11:00
commissioning,Sunday,6,660,right,114.266983,109.994592,71.996222,81.996614,139.494575,177.990338,11,11:00
commissioning,Sunday,6,675,left,28.663470,26.996616,18.398320,22.748566,35.744258,42.492478,12,11:15
commissioning,Sunday,6,675,right,87.824411,86.996682,58.395076,73.247547,107.981221,115.187786,12,11:15
commissioning,Sunday,6,690,left,30.078695,27.998980,21.198382,24.498234,35.993764,40.792854,12,11:30
commissioning,Sunday,6,690,right,88.316439,94.492190,40.497658,59.996030,117.979349,130.577955,12,11:30
commissioning,Sunday,6,705,left,28.996658,28.499420,21.199452,24.496254,34.494395,39.593508,12,11:45
commissioning,Sunday,6,705,right,79.491359,76.492365,45.695251,68.496402,101.983205,107.681952,12,11:45
commissioning,Sunday,6,720,left,30.411320,29.496829,20.196636,22.746450,35.244594,42.293230,12,12:00
commissioning,Sunday,6,720,right,71.486312,70.988065,28.499026,36.746032,105.479475,112.380915,12,12:00
commissioning,Sunday,6,735,left,30.496339,26.496640,17.998449,21.748505,33.997510,56.190387,12,12:15
commissioning,Sunday,6,735,right,66.909469,57.498315,23.696160,32.247605,107.481651,116.789444,12,12:15
commissioning,Sunday,6,750,left,29.663641,27.996771,18.596564,23.997052,31.745507,38.798923,12,12:30
commissioning,Sunday,6,750,right,97.739321,96.989964,52.291345,70.732790,133.247575,142.387970,12,12:30
commissioning,Sunday,6,765,left,31.747342,28.997462,20.398654,24.745824,37.496803,47.095430,12,12:45
commissioning,Sunday,6,765,right,92.409047,100.498800,50.192268,82.741611,109.240882,116.289412,12,12:45
commissioning,Sunday,6,780,left,34.663659,37.993416,20.997222,23.248584,42.247977,43.897250,12,13:00
commissioning,Sunday,6,780,right,81.159385,81.993995,56.495822,72.991211,92.991595,97.791309,12,13:00
commissioning,Sunday,6,795,left,28.414336,26.501420,7.899495,18.997933,37.993518,47.895030,12,13:15
commissioning,Sunday,6,795,right,96.577687,90.984477,53.392626,80.993246,112.997191,141.492976,12,13:15
commissioning,Sunday,6,810,left,22.997969,26.498199,3.699871,11.498562,32.748046,35.895019,12,13:30
commissioning,Sunday,6,810,right,108.240680,94.996282,62.896063,76.245666,127.997373,171.476922,12,13:30
commissioning,Sunday,6,825,left,29.747111,28.997192,18.197168,19.998956,33.998352,45.994321,12,13:45
commissioning,Sunday,6,825,right,116.739264,102.985096,68.089582,80.240911,123.245561,195.991458,12,13:45
commissioning,Sunday,6,840,left,32.496295,31.496420,20.099537,22.496521,42.494057,48.495121,12,14:00
commissioning,Sunday,6,840,right,82.990255,82.488370,44.598171,69.487744,105.741724,110.687284,12,14:00
commissioning,Sunday,6,855,left,28.247105,28.999022,16.499496,22.499005,38.243675,38.993442,12,14:15
commissioning,Sunday,6,855,right,91.075166,88.995134,34.794176,71.238653,104.735289,141.193885,12,14:15
commissioning,Sunday,6,870,left,26.663849,24.997032,13.297792,16.749563,37.246391,42.492860,12,14:30
commissioning,Sunday,6,870,right,74.907575,70.993897,31.897987,42.243615,105.485504,116.281831,12,14:30
commissioning,Sunday,6,885,left,31.328962,26.496603,15.499597,20.749015,43.742226,52.891105,12,14:45
commissioning,Sunday,6,885,right,81.156072,74.987719,32.497696,63.240717,100.238022,130.086310,12,14:45
commissioning,Sunday,6,900,left,28.829519,25.495980,12.198922,13.999598,40.995480,49.392265,12,15:00
commissioning,Sunday,6,900,right,89.905328,84.985636,40.294411,53.496799,118.487067,140.087528,12,15:00
commissioning,Sunday,6,915,left,31.662055,30.996247,13.999145,16.996181,39.494962,52.391149,12,15:15
commissioning,Sunday,6,915,right,67.074760,72.487872,24.697891,50.507200,82.237081,108.184175,12,15:15
commissioning,Sunday,6,930,left,31.663057,27.495494,16.197324,18.746915,37.997443,60.189436,12,15:30
commissioning,Sunday,6,930,right,69.242243,61.489467,41.993568,44.994049,89.497964,104.196559,12,15:30
commissioning,Sunday,6,945,left,28.329466,27.497322,13.497767,19.497482,34.994774,38.896641,12,15:45
commissioning,Sunday,6,945,right,63.074348,55.494464,43.494321,49.493326,80.987105,94.184819,12,15:45
commissioning,Sunday,6,960,left,26.412933,27.995859,13.399631,19.248444,35.243422,37.793345,12,16:00
commissioning,Sunday,6,960,right,63.574011,61.995129,37.194336,48.745071,75.237376,93.683932,12,16:00
commissioning,Sunday,6,975,left,30.746812,25.495166,17.997097,18.747236,42.248259,48.698558,12,16:15
commissioning,Sunday,6,975,right,63.742668,70.497543,29.097146,35.998399,79.982311,88.995431,12,16:15
commissioning,Sunday,6,990,left,30.079269,29.994776,17.199317,23.496413,36.494008,43.684985,12,16:30
commissioning,Sunday,6,990,right,79.740208,77.483179,42.296325,62.995954,102.731484,109.790221,12,16:30
commissioning,Sunday,6,1005,left,25.829740,23.496638,14.299353,17.747305,34.495510,36.894253,12,16:45
commissioning,Sunday,6,1005,right,70.155473,64.496053,37.293218,48.994279,95.226546,106.494654,12,16:45
commissioning,Sunday,6,1020,left,32.912269,31.996971,23.096106,25.496202,37.243615,41.592824,12,17:00
commissioning,Sunday,6,1020,right,77.823171,70.488815,48.191704,59.742575,97.743777,114.980319,12,17:00
commissioning,Sunday,6,1035,left,34.995359,33.494961,17.597463,23.746148,39.746867,45.599082,12,17:15
commissioning,Sunday,6,1035,right,75.990170,82.986273,46.293315,54.241194,94.746473,102.684127,12,17:15
commissioning,Sunday,6,1050,left,32.162592,31.497172,13.097915,15.497784,45.485282,55.994096,12,17:30
commissioning,Sunday,6,1050,right,74.156958,75.992867,53.090866,54.001467,86.472322,95.794497,12,17:30
commissioning,Sunday,6,1065,left,29.079125,23.996920,8.498595,12.998693,45.741537,52.496753,12,17:45
commissioning,Sunday,6,1065,right,76.821272,80.486632,45.096105,54.990858,101.741236,104.881721,12,17:45
commissioning,Sunday,6,1080,left,28.247281,32.497512,4.099912,4.999778,47.493611,50.798043,12,18:00
commissioning,Sunday,6,1080,right,71.909923,75.491526,25.499374,31.497985,103.991529,131.295850,12,18:00
commissioning,Sunday,6,1095,left,25.247605,18.998327,1.199943,3.749364,45.494080,52.391456,12,18:15
commissioning,Sunday,6,1095,right,52.078530,50.996755,4.499405,11.999532,86.247073,101.692799,12,18:15
commissioning,Sunday,6,1110,left,22.579334,22.496208,3.099603,6.249492,33.241286,45.992359,12,18:30
commissioning,Sunday,6,1110,right,53.656334,37.494208,4.199825,6.749265,95.234183,122.379203,12,18:30
commissioning,Sunday,6,1125,left,22.080731,21.996393,3.999459,6.249270,36.998219,40.893337,12,18:45
commissioning,Sunday,6,1125,right,42.828245,40.497126,4.199501,6.749176,75.746177,86.087089,12,18:45
commissioning,Sunday,6,1140,left,22.663978,21.499784,2.099648,5.249108,38.243230,40.794836,12,19:00
commissioning,Sunday,6,1140,right,35.078819,29.998888,8.299136,10.998260,56.493766,63.388818,12,19:00
commissioning,Sunday,6,1155,left,18.748735,18.997875,5.099757,6.748919,26.749878,36.195135,12,19:15
commissioning,Sunday,6,1155,right,42.247151,40.495532,5.999696,10.498349,72.741477,78.892975,12,19:15
commissioning,Sunday,6,1170,left,8.665516,8.998989,2.099826,3.749605,12.497904,14.897725,12,19:30
commissioning,Sunday,6,1170,right,19.247479,13.998236,6.999591,8.499130,29.747513,38.293621,12,19:30
commissioning,Sunday,6,1185,left,11.497381,6.998431,3.999677,3.999833,16.999554,21.796730,12,19:45
commissioning,Sunday,6,1185,right,21.579698,14.998861,8.199649,9.999288,27.996658,39.376979,12,19:45
commissioning,Sunday,6,1200,left,19.833773,6.499271,2.099938,5.249513,9.249458,15.399266,12,20:00
commissioning,Sunday,6,1200,right,23.415812,14.997827,5.999832,6.749454,25.245826,38.898084,12,20:00
commissioning,Sunday,6,1215,left,46.825375,6.999843,4.099223,4.998323,17.997218,75.887076,12,20:15
commissioning,Sunday,6,1215,right,51.906619,20.484595,4.199700,6.749652,55.744369,120.379298,12,20:15
commissioning,Sunday,6,1230,left,7.332561,6.499403,3.099737,4.749626,9.998241,9.998988,12,20:30
commissioning,Sunday,6,1230,right,22.913923,16.997400,5.999495,7.499381,37.996427,46.391384,12,20:30
commissioning,Sunday,6,1245,left,48.408634,4.999312,0.999827,1.749815,56.490435,177.061491,12,20:45
commissioning,Sunday,6,1245,right,46.575439,15.997264,6.099019,7.749448,70.739378,138.077464,12,20:45
commissioning,Sunday,6,1260,left,11.248801,7.499651,3.999348,3.999720,13.747762,17.799481,12,21:00
commissioning,Sunday,6,1260,right,15.665002,12.498046,7.099360,8.749139,17.999079,29.695242,12,21:00
commissioning,Sunday,6,1275,left,21.746582,7.499047,2.199803,4.749524,9.498029,19.996733,12,21:15
commissioning,Sunday,6,1275,right,33.494806,15.498416,7.099595,8.749687,33.996568,74.786811,12,21:15
commissioning,Sunday,6,1290,left,36.245753,9.498911,1.199925,2.999825,30.498112,123.482160,12,21:30
commissioning,Sunday,6,1290,right,38.245984,18.997640,5.299699,8.749452,52.747663,110.783872,12,21:30
commissioning,Sunday,6,1305,left,23.248592,7.499858,3.099931,4.749632,9.499050,11.899086,12,21:45
commissioning,Sunday,6,1305,right,27.080258,14.992003,3.499938,8.749287,31.246808,44.896578,12,21:45
commissioning,Sunday,6,1320,left,43.247495,8.998943,2.999678,3.749665,35.997002,132.886695,12,22:00
commissioning,Sunday,6,1320,right,42.663692,10.498817,5.999585,6.749401,72.739080,122.096500,12,22:00
commissioning,Sunday,6,1335,left,58.324978,5.998921,2.999499,4.499428,30.996516,223.571363,12,22:15
commissioning,Sunday,6,1335,right,49.576070,9.998687,4.099621,4.999666,37.244326,129.783400,12,22:15
commissioning,Sunday,6,1350,left,13.748090,7.499669,4.099809,5.749305,11.998258,14.697506,12,22:30
commissioning,Sunday,6,1350,right,14.831356,7.499775,3.099876,4.749796,15.498420,22.396729,12,22:30
commissioning,Sunday,6,1365,left,7.082722,5.999624,3.999636,4.749684,8.998676,11.698241,12,22:45
commissioning,Sunday,6,1365,right,12.665648,9.498851,3.099764,4.749632,17.497818,28.598620,12,22:45
commissioning,Sunday,6,1380,left,26.001694,4.999634,0.999922,3.249714,8.998937,37.793574,12,23:00
commissioning,Sunday,6,1380,right,21.582661,7.999297,1.199966,3.749889,27.495965,45.792046,12,23:00
commissioning,Sunday,6,1395,left,7.165741,7.498882,1.999841,2.749598,8.999330,13.497862,12,23:15
commissioning,Sunday,6,1395,right,7.748867,5.499257,0.999921,1.749731,10.748549,12.997804,12,23:15
commissioning,Sunday,6,1410,left,24.829457,3.999828,0.199967,1.999827,8.998848,22.796346,12,23:30
commissioning,Sunday,6,1410,right,23.663196,7.498929,1.099973,2.750051,20.748323,26.595655,12,23:30
commissioning,Sunday,6,1425,left,10.332695,4.499371,1.999688,2.000045,8.248915,12.598874,12,23:45
commissioning,Sunday,6,1425,right,10.582482,7.498226,2.999529,2.999710,9.999936,16.597536,12,23:45
illuminated,Monday,0,0,left,25.852671,6.999574,0.699887,2.749664,17.749348,100.492129,48,00:00
illuminated,Monday,0,0,right,23.082109,11.499825,1.999972,6.999837,17.749494,56.896601,48,00:00
illuminated,Monday,0,15,left,16.894642,6.999941,0.999916,4.998521,13.998910,22.798143,48,00:15
illuminated,Monday,0,15,right,16.061297,8.999681,3.999519,4.749339,16.997581,22.498704,48,00:15
illuminated,Monday,0,30,left,17.143835,9.999034,1.999848,4.999130,13.999134,39.997028,48,00:30
illuminated,Monday,0,30,right,16.831141,9.499374,1.999664,5.749186,17.233706,33.295772,48,00:30
illuminated,Monday,0,45,left,19.976885,8.499477,0.699878,3.999358,19.250098,66.492668,48,00:45
illuminated,Monday,0,45,right,17.372964,7.998830,2.699548,3.999320,17.499549,46.296538,48,00:45
illuminated,Monday,0,60,left,16.267248,6.499249,0.699860,2.999535,11.498890,44.593378,48,01:00
illuminated,Monday,0,60,right,17.141974,9.000409,1.999807,3.999504,16.747716,30.997489,48,01:00
illuminated,Monday,0,75,left,22.247168,6.999198,0.699878,2.749270,16.747399,62.692170,48,01:15
illuminated,Monday,0,75,right,21.788587,9.499012,1.999723,3.999754,20.988966,53.295657,48,01:15
illuminated,Monday,0,90,left,19.955412,6.998888,1.699894,3.999324,14.249626,35.197877,48,01:30
illuminated,Monday,0,90,right,18.122325,8.999252,0.999828,4.999326,18.996786,32.995501,48,01:30
illuminated,Monday,0,105,left,20.497390,6.998886,0.699874,2.749619,19.746675,67.891842,48,01:45
illuminated,Monday,0,105,right,22.372213,8.999054,2.699556,4.999152,25.995572,61.389981,48,01:45
illuminated,Monday,0,120,left,13.851897,2.999854,0.000000,1.999650,9.998266,30.095077,48,02:00
illuminated,Monday,0,120,right,17.059840,7.500163,1.699713,3.999369,12.249527,45.392587,48,02:00
illuminated,Monday,0,135,left,4.666158,2.999504,0.000000,0.999835,5.999103,8.899019,48,02:15
illuminated,Monday,0,135,right,7.977964,6.998822,0.999841,4.999171,10.998148,14.298989,48,02:15
illuminated,Monday,0,150,left,7.645376,2.999799,0.000000,0.999987,6.998744,14.997611,48,02:30
illuminated,Monday,0,150,right,10.144894,6.999743,0.999944,3.999719,10.499655,18.296461,48,02:30
illuminated,Monday,0,165,left,4.728654,2.999504,0.000000,0.999888,5.249683,10.998499,48,02:45
illuminated,Monday,0,165,right,11.248654,7.999843,1.699709,3.999661,13.249337,23.995951,48,02:45
illuminated,Monday,0,180,left,8.873959,3.499562,0.699783,1.749705,7.248765,15.997312,48,03:00
illuminated,Monday,0,180,right,13.289777,9.498900,2.699533,5.749250,12.996413,23.795958,48,03:00
illuminated,Monday,0,195,left,18.581004,3.999784,0.000000,0.999830,8.998982,51.192772,48,03:15
illuminated,Monday,0,195,right,23.038582,11.996717,5.002434,7.998557,16.497918,54.194013,48,03:15
illuminated,Monday,0,210,left,9.873837,5.999783,0.000000,1.749718,9.998518,16.997870,48,03:30
illuminated,Monday,0,210,right,16.914549,13.997643,4.999611,7.998608,19.247348,24.296221,48,03:30
illuminated,Monday,0,225,left,5.269866,3.999385,0.000000,0.999955,7.249017,11.599186,48,03:45
illuminated,Monday,0,225,right,15.560094,15.498376,4.699212,10.998050,18.996708,22.998967,48,03:45
illuminated,Monday,0,240,left,8.061354,4.999534,0.000000,1.999934,8.249040,14.597464,48,04:00
illuminated,Monday,0,240,right,18.080559,17.497114,1.000055,9.998441,22.996962,26.996458,48,04:00
illuminated,Monday,0,255,left,18.621870,4.999379,0.000000,1.999675,9.998294,35.291120,48,04:15
illuminated,Monday,0,255,right,35.098503,26.995387,5.199589,16.997048,39.743362,59.295711,48,04:15
illuminated,Monday,0,270,left,9.269681,5.999594,0.000000,1.999792,11.248111,17.198795,48,04:30
illuminated,Monday,0,270,right,36.474119,35.493885,15.998653,27.745350,44.247522,56.888460,48,04:30
illuminated,Monday,0,285,left,15.519408,5.999115,1.399760,3.999541,11.998565,17.997698,48,04:45
illuminated,Monday,0,285,right,44.598980,41.495787,22.697069,30.998948,53.991846,68.291044,48,04:45
illuminated,Monday,0,300,left,15.643919,8.499577,1.999723,3.999594,11.998712,34.595941,48,05:00
illuminated,Monday,0,300,right,52.014943,45.995925,22.999459,34.995825,62.253903,83.490469,48,05:00
illuminated,Monday,0,315,left,22.392380,9.999651,0.000000,5.749046,16.999583,40.194855,48,05:15
illuminated,Monday,0,315,right,69.740935,66.991348,35.497608,50.496219,84.984964,93.992901,48,05:15
illuminated,Monday,0,330,left,26.246597,9.999031,2.699529,4.749450,28.245158,76.288329,48,05:30
illuminated,Monday,0,330,right,81.843117,76.987610,27.097218,53.990607,102.230494,142.676016,48,05:30
illuminated,Monday,0,345,left,17.414219,10.997556,0.699889,4.999737,22.496620,40.592921,48,05:45
illuminated,Monday,0,345,right,81.633986,77.997789,39.193335,66.488349,102.234660,124.189511,48,05:45
illuminated,Monday,0,360,left,20.705918,11.997919,3.699539,6.999683,21.246432,35.492495,48,06:00
illuminated,Monday,0,360,right,84.113677,75.485019,50.593366,60.739368,108.235547,140.176061,48,06:00
illuminated,Monday,0,375,left,23.476545,18.996650,7.998655,13.747640,22.997047,41.294884,48,06:15
illuminated,Monday,0,375,right,95.530505,87.989040,46.791932,66.249177,123.727262,160.774958,48,06:15
illuminated,Monday,0,390,left,19.955771,18.997141,7.999125,12.747915,24.995727,32.398835,48,06:30
illuminated,Monday,0,390,right,90.425388,77.492986,51.391751,61.739144,124.992742,147.577563,48,06:30
illuminated,Monday,0,405,left,21.976444,19.997575,10.001884,14.999020,29.247347,36.296371,48,06:45
illuminated,Monday,0,405,right,99.508934,99.485845,47.391067,63.238818,135.739598,154.080741,48,06:45
illuminated,Monday,0,420,left,23.663130,23.996054,9.698354,15.998777,29.994829,38.595486,48,07:00
illuminated,Monday,0,420,right,102.338701,108.981460,58.797274,75.736876,127.483479,155.979328,48,07:00
illuminated,Monday,0,435,left,24.871805,23.495895,6.398962,14.745195,34.995351,42.894206,48,07:15
illuminated,Monday,0,435,right,95.195820,94.490508,47.188673,70.239224,129.478055,141.475950,48,07:15
illuminated,Monday,0,450,left,28.142246,27.996982,13.097789,19.996860,35.493849,43.196566,48,07:30
illuminated,Monday,0,450,right,94.092423,97.483348,38.394746,65.739908,125.228014,145.284236,48,07:30
illuminated,Monday,0,465,left,25.934063,23.997075,2.999871,15.997786,37.993842,48.290233,48,07:45
illuminated,Monday,0,465,right,95.612020,103.972783,38.494889,65.741533,131.981875,142.286195,48,07:45
illuminated,Monday,0,480,left,26.099561,21.496422,8.498579,15.998997,30.995135,51.993339,48,08:00
illuminated,Monday,0,480,right,98.067821,99.483842,54.096829,80.987749,124.479198,143.475790,48,08:00
illuminated,Monday,0,495,left,26.580684,25.998760,9.698386,17.747771,37.248829,43.596995,48,08:15
illuminated,Monday,0,495,right,102.552110,111.981802,60.998877,76.746726,127.491749,148.197889,48,08:15
illuminated,Monday,0,510,left,31.464754,26.997865,8.199760,18.501284,44.989850,53.792204,47,08:30
illuminated,Monday,0,510,right,99.521684,104.981230,54.204613,78.491846,123.984945,150.992194,47,08:30
illuminated,Monday,0,525,left,27.600851,27.496345,10.399585,17.746845,39.244435,46.992914,48,08:45
illuminated,Monday,0,525,right,102.655477,101.488336,57.591339,78.737525,132.492590,157.778283,48,08:45
illuminated,Monday,0,540,left,26.788416,25.497144,12.699019,18.495282,35.247084,43.993846,48,09:00
illuminated,Monday,0,540,right,110.820888,100.487875,69.094219,77.744089,129.478073,161.885403,48,09:00
illuminated,Monday,0,555,left,27.019141,24.497648,13.700508,17.999385,34.261103,45.292246,48,09:15
illuminated,Monday,0,555,right,107.181938,98.489042,66.697674,77.741340,129.487738,145.414049,48,09:15
illuminated,Monday,0,570,left,29.893312,27.006569,15.697880,20.498126,40.496615,47.296686,48,09:30
illuminated,Monday,0,570,right,103.929611,103.975971,69.692117,80.747077,123.986229,147.897150,48,09:30
illuminated,Monday,0,585,left,33.850453,30.995412,16.396450,19.997920,41.497495,59.995520,48,09:45
illuminated,Monday,0,585,right,106.551690,104.995734,77.983195,85.993750,124.995520,142.890399,48,09:45
illuminated,Monday,0,600,left,26.872865,23.998377,14.398127,16.999068,30.997426,45.294103,48,10:00
illuminated,Monday,0,600,right,105.118181,107.993535,67.796323,78.991338,129.980071,146.992742,48,10:00
illuminated,Monday,0,615,left,27.828073,22.999136,10.999894,17.749369,33.994851,50.495422,48,10:15
illuminated,Monday,0,615,right,96.670784,91.984908,55.995865,69.999369,122.241458,140.275169,48,10:15
illuminated,Monday,0,630,left,27.705276,23.496566,11.999426,17.747270,36.490088,46.896062,48,10:30
illuminated,Monday,0,630,right,102.863513,101.497848,75.996935,88.733788,119.979834,134.277749,48,10:30
illuminated,Monday,0,645,left,29.205141,28.000875,12.398958,17.999155,36.254049,49.593478,48,10:45
illuminated,Monday,0,645,right,105.715582,99.988763,66.990530,79.494110,121.243213,154.700202,48,10:45
illuminated,Monday,0,660,left,33.414030,29.496067,16.697255,21.747037,42.995543,52.314016,48,11:00
illuminated,Monday,0,660,right,96.885250,86.990238,55.993468,69.997604,114.494513,134.088364,48,11:00
illuminated,Monday,0,675,left,31.475665,28.999742,14.998445,18.498995,38.245272,55.891378,48,11:15
illuminated,Monday,0,675,right,99.385023,86.494105,53.988607,70.734103,119.740125,141.185210,48,11:15
illuminated,Monday,0,690,left,29.767758,30.996964,10.999718,15.997893,39.494859,48.893317,48,11:30
illuminated,Monday,0,690,right,88.574319,79.998773,47.995294,61.744883,102.239766,137.876567,48,11:30
illuminated,Monday,0,705,left,30.767778,29.996619,13.698842,16.999008,41.994096,47.995958,48,11:45
illuminated,Monday,0,705,right,85.220789,76.490780,48.194741,59.995546,98.994290,139.176603,48,11:45
illuminated,Monday,0,720,left,29.934425,27.995736,13.398324,18.998375,39.997569,47.595139,48,12:00
illuminated,Monday,0,720,right,76.284610,68.489815,34.496964,52.499983,92.247131,105.082281,48,12:00
illuminated,Monday,0,735,left,30.371265,27.996822,15.697381,21.996264,37.747474,43.990945,48,12:15
illuminated,Monday,0,735,right,76.303478,70.989291,34.696079,56.990373,88.992108,110.381600,48,12:15
illuminated,Monday,0,750,left,36.182669,33.494345,23.997272,27.995135,43.501169,51.191457,48,12:30
illuminated,Monday,0,750,right,76.571850,77.489117,41.696570,57.742033,90.998270,101.889935,48,12:30
illuminated,Monday,0,765,left,36.870860,35.996067,19.698804,24.748204,42.243194,61.489694,48,12:45
illuminated,Monday,0,765,right,72.283362,70.489363,42.097739,58.741481,87.992870,102.182613,48,12:45
illuminated,Monday,0,780,left,40.848829,36.497761,21.697364,28.995045,55.001477,62.590928,48,13:00
illuminated,Monday,0,780,right,73.865281,71.495314,39.192861,58.744185,88.986417,105.593702,48,13:00
illuminated,Monday,0,795,left,39.202465,37.496175,20.696869,29.494987,47.237071,61.791374,48,13:15
illuminated,Monday,0,795,right,79.154682,74.986866,46.393421,59.996661,83.487843,100.882504,48,13:15
illuminated,Monday,0,810,left,42.055802,38.995581,20.497427,27.745693,52.241433,65.188411,48,13:30
illuminated,Monday,0,810,right,88.466100,81.983767,48.392099,64.490443,92.229797,139.482890,48,13:30
illuminated,Monday,0,825,left,42.202620,39.001175,22.096632,28.998592,52.992581,63.490125,48,13:45
illuminated,Monday,0,825,right,81.655381,81.998588,49.391056,67.988711,95.982861,105.181458,48,13:45
illuminated,Monday,0,840,left,41.515618,37.999943,22.796916,28.747456,49.494901,61.292714,48,14:00
illuminated,Monday,0,840,right,80.989141,72.987318,55.789995,64.992868,97.733232,115.080446,48,14:00
illuminated,Monday,0,855,left,39.682677,37.995954,23.698414,29.745401,46.991627,62.892683,48,14:15
illuminated,Monday,0,855,right,84.343701,75.989266,46.399712,65.989114,94.235553,153.175009,48,14:15
illuminated,Monday,0,870,left,41.287208,40.494900,24.699680,31.744530,50.491344,55.990947,48,14:30
illuminated,Monday,0,870,right,86.116771,79.991980,54.790285,65.994559,91.986466,113.080612,48,14:30
illuminated,Monday,0,885,left,40.308333,38.996032,22.497149,28.746188,49.494988,62.293129,48,14:45
illuminated,Monday,0,885,right,87.782473,78.495341,58.698908,68.489372,90.994022,116.986349,48,14:45
illuminated,Monday,0,900,left,39.141040,37.493670,17.398242,28.745817,53.990757,61.495058,48,15:00
illuminated,Monday,0,900,right,84.759549,77.492133,50.791609,59.989799,96.955031,128.680102,48,15:00
illuminated,Monday,0,915,left,34.370915,33.994723,16.798912,23.497179,44.992859,54.895677,48,15:15
illuminated,Monday,0,915,right,81.386746,77.989830,59.693409,71.737541,93.489204,103.789510,48,15:15
illuminated,Monday,0,930,left,37.245504,30.994557,19.997710,25.995982,48.497126,63.194059,48,15:30
illuminated,Monday,0,930,right,87.656810,84.996898,60.889156,77.743379,100.238548,115.991250,48,15:30
illuminated,Monday,0,945,left,35.224815,32.994311,18.697452,24.999652,42.494249,59.992325,48,15:45
illuminated,Monday,0,945,right,79.739670,79.986911,50.394601,64.995234,96.995600,111.580729,48,15:45
illuminated,Monday,0,960,left,36.161706,35.996801,17.482734,25.997367,45.994170,52.993871,48,16:00
illuminated,Monday,0,960,right,83.528910,81.992686,40.093810,64.997208,109.980679,124.279678,48,16:00
illuminated,Monday,0,975,left,40.766084,38.494718,24.396697,31.995678,49.245047,58.496204,48,16:15
illuminated,Monday,0,975,right,88.468719,91.984524,42.394349,70.490666,107.983152,121.587907,48,16:15
illuminated,Monday,0,990,left,40.350030,41.992698,23.395976,32.245327,50.245628,56.499020,48,16:30
illuminated,Monday,0,990,right,84.095975,81.011155,49.993290,62.496036,108.483509,117.894006,48,16:30
illuminated,Monday,0,1005,left,38.537106,39.996178,21.698754,29.745211,49.241526,54.895302,48,16:45
illuminated,Monday,0,1005,right,71.970789,71.988737,33.494919,55.248186,95.237345,108.489255,48,16:45
illuminated,Monday,0,1020,left,36.266133,35.993981,21.698866,25.746693,43.242432,53.290655,48,17:00
illuminated,Monday,0,1020,right,72.448889,73.993611,36.398708,57.740154,85.989760,99.979755,48,17:00
illuminated,Monday,0,1035,left,36.724923,35.495084,23.398514,29.998332,43.742529,53.591163,48,17:15
illuminated,Monday,0,1035,right,72.804239,70.493673,41.392995,58.741114,84.740945,109.894106,48,17:15
illuminated,Monday,0,1050,left,39.599028,36.997464,23.696704,30.744556,47.490492,56.292980,48,17:30
illuminated,Monday,0,1050,right,65.220612,64.497034,31.195475,41.243319,88.238247,103.783653,48,17:30
illuminated,Monday,0,1065,left,38.954294,37.997968,23.396766,29.996912,43.994453,54.794277,48,17:45
illuminated,Monday,0,1065,right,63.430406,58.493778,30.097939,43.997632,89.239339,101.283311,48,17:45
illuminated,Monday,0,1080,left,39.265794,36.996242,20.498986,27.999359,49.241501,57.591901,48,18:00
illuminated,Monday,0,1080,right,74.823722,71.994866,36.098346,52.490813,103.244145,112.280651,48,18:00
illuminated,Monday,0,1095,left,39.453677,38.494390,20.796665,27.746287,46.495216,59.189796,48,18:15
illuminated,Monday,0,1095,right,76.678865,78.994569,35.095128,53.997198,95.485545,108.581836,48,18:15
illuminated,Monday,0,1110,left,38.099944,36.495466,19.397879,28.995074,44.993253,57.603720,48,18:30
illuminated,Monday,0,1110,right,74.074257,72.487343,48.396636,56.740381,92.984961,102.198724,48,18:30
illuminated,Monday,0,1125,left,33.600469,29.497020,14.698916,22.749678,40.989761,54.796736,48,18:45
illuminated,Monday,0,1125,right,62.451771,60.489983,37.697958,46.743291,68.491675,82.194914,48,18:45
illuminated,Monday,0,1140,left,33.704426,30.996974,13.999338,24.746920,41.496704,54.997029,48,19:00
illuminated,Monday,0,1140,right,55.951654,57.496346,43.092426,47.745246,63.995624,68.988207,48,19:00
illuminated,Monday,0,1155,left,30.954383,28.994858,14.098399,23.746474,39.246425,47.291899,48,19:15
illuminated,Monday,0,1155,right,54.451357,54.495876,38.695083,47.742476,59.746244,79.590428,48,19:15
illuminated,Monday,0,1170,left,25.848872,25.995773,8.598939,14.999395,35.997835,48.793405,47,19:30
illuminated,Monday,0,1170,right,54.038738,55.995163,36.594975,49.982545,62.493729,74.790173,47,19:30
illuminated,Monday,0,1185,left,22.977083,18.997969,6.598326,12.998297,33.999336,44.994201,47,19:45
illuminated,Monday,0,1185,right,50.933757,52.995790,24.398265,45.497025,60.995872,73.798124,47,19:45
illuminated,Monday,0,1200,left,20.039957,13.999721,5.699645,8.749465,23.249419,39.593540,48,20:00
illuminated,Monday,0,1200,right,47.725521,50.494133,17.399034,36.495664,60.998415,70.298079,48,20:00
illuminated,Monday,0,1215,left,23.122915,14.998756,5.999492,8.748831,20.497142,36.086675,48,20:15
illuminated,Monday,0,1215,right,48.849371,47.493277,15.997516,25.748046,56.741772,69.594384,48,20:15
illuminated,Monday,0,1230,left,21.144021,12.498616,2.999877,6.999280,20.249641,32.998122,48,20:30
illuminated,Monday,0,1230,right,42.995719,37.997542,17.697602,19.999503,52.242498,60.195640,48,20:30
illuminated,Monday,0,1245,left,15.572735,8.999825,1.999889,4.999329,13.998951,24.995875,47,20:45
illuminated,Monday,0,1245,right,28.273692,23.997750,6.999675,13.499464,33.995940,51.991155,47,20:45
illuminated,Monday,0,1260,left,20.977546,10.999045,4.999193,6.999629,17.749297,34.197916,48,21:00
illuminated,Monday,0,1260,right,29.997512,20.498917,6.699637,11.999187,31.247244,58.397916,48,21:00
illuminated,Monday,0,1275,left,28.143484,8.999627,3.999506,5.749186,23.248739,73.489270,48,21:15
illuminated,Monday,0,1275,right,39.413134,28.496152,14.698938,19.002972,35.243016,65.692155,48,21:15
illuminated,Monday,0,1290,left,24.060261,10.999235,2.999901,5.999492,26.249124,75.984570,48,21:30
illuminated,Monday,0,1290,right,33.226298,21.997470,10.098943,13.748733,43.247503,69.789594,48,21:30
illuminated,Monday,0,1305,left,26.206164,12.998949,3.699453,5.749674,24.247918,57.992466,48,21:45
illuminated,Monday,0,1305,right,37.142824,23.996971,13.698269,14.999536,41.247631,77.089446,48,21:45
illuminated,Monday,0,1320,left,26.893329,12.999199,3.699367,6.748836,39.748595,77.697339,48,22:00
illuminated,Monday,0,1320,right,38.309098,23.497377,9.999186,15.497665,50.991074,92.199091,48,22:00
illuminated,Monday,0,1335,left,23.831588,8.499545,2.700005,4.999773,26.495578,65.897642,48,22:15
illuminated,Monday,0,1335,right,29.956281,17.998045,7.999819,11.499340,31.745375,79.294488,48,22:15
illuminated,Monday,0,1350,left,24.166331,9.499545,2.999938,6.749482,22.750119,55.698890,48,22:30
illuminated,Monday,0,1350,right,29.562081,18.999889,8.698819,14.499025,26.748187,60.496883,48,22:30
illuminated,Monday,0,1365,left,37.539806,11.499193,3.999634,5.999528,43.495846,100.494575,48,22:45
illuminated,Monday,0,1365,right,37.310888,14.999065,7.999367,10.749184,39.997578,102.292842,48,22:45
illuminated,Monday,0,1380,left,16.456584,8.999184,3.699731,5.998934,12.498947,41.398456,48,23:00
illuminated,Monday,0,1380,right,20.310756,13.499158,4.999757,7.999342,20.758211,47.297680,48,23:00
illuminated,Monday,0,1395,left,28.059855,11.998448,3.999715,6.748967,17.249463,78.995263,48,23:15
illuminated,Monday,0,1395,right,29.039363,11.999627,5.999924,8.002030,20.249431,79.093944,48,23:15
illuminated,Monday,0,1410,left,18.164217,10.999033,1.999958,3.999804,17.746265,36.997439,48,23:30
illuminated,Monday,0,1410,right,20.851782,14.499346,3.999696,7.999892,21.998090,39.197222,48,23:30
illuminated,Monday,0,1425,left,23.310360,8.999485,1.999737,4.999442,24.499155,58.191199,48,23:45
illuminated,Monday,0,1425,right,23.331243,12.998373,3.999807,6.749328,25.497298,47.498341,48,23:45
illuminated,Tuesday,1,0,left,25.350363,9.999189,0.999982,3.499793,36.994780,68.988109,51,00:00
illuminated,Tuesday,1,0,right,24.487850,10.998075,2.999940,6.499567,35.497827,57.995545,51,00:00
illuminated,Tuesday,1,15,left,29.585769,10.999083,1.999824,5.499320,26.501235,54.996371,51,00:15
illuminated,Tuesday,1,15,right,27.683812,12.999496,4.999238,9.498738,24.998733,60.996563,51,00:15
illuminated,Tuesday,1,30,left,25.310630,10.999155,0.999890,4.499258,18.999097,90.984496,51,00:30
illuminated,Tuesday,1,30,right,24.820308,7.998720,3.999651,4.999929,20.996459,49.991481,51,00:30
illuminated,Tuesday,1,45,left,21.214027,8.998619,1.999653,2.999855,16.498459,62.030733,51,00:45
illuminated,Tuesday,1,45,right,22.410701,9.999532,2.999968,3.999962,19.998253,56.997201,51,00:45
illuminated,Tuesday,1,60,left,20.289588,5.999743,1.999679,3.999307,10.497819,39.995047,51,01:00
illuminated,Tuesday,1,60,right,23.288918,6.999886,1.999678,3.999661,12.997685,48.993933,51,01:00
illuminated,Tuesday,1,75,left,23.016647,6.999637,0.999961,2.999549,17.498617,83.984827,51,01:15
illuminated,Tuesday,1,75,right,20.977716,11.997890,1.999950,4.499428,21.496361,59.989331,51,01:15
illuminated,Tuesday,1,90,left,24.859656,8.998437,0.999830,1.999924,20.996389,66.988010,51,01:30
illuminated,Tuesday,1,90,right,21.369610,9.995517,1.999821,4.999404,21.984342,56.990388,51,01:30
illuminated,Tuesday,1,105,left,44.679221,9.998312,1.999139,3.999188,64.492680,119.979294,51,01:45
illuminated,Tuesday,1,105,right,35.112101,11.998615,1.999893,5.499169,53.494934,90.992300,51,01:45
illuminated,Tuesday,1,120,left,18.272958,6.999769,1.999651,2.999767,11.998113,62.989241,51,02:00
illuminated,Tuesday,1,120,right,19.860889,8.998918,1.999654,4.999387,21.997705,41.999635,51,02:00
illuminated,Tuesday,1,135,left,13.449116,6.998830,0.000000,3.499929,11.497864,19.996080,51,02:15
illuminated,Tuesday,1,135,right,12.919810,7.996806,1.999826,3.999283,11.498213,17.997014,51,02:15
illuminated,Tuesday,1,150,left,19.643939,5.999557,0.999814,2.499721,7.998667,17.996836,51,02:30
illuminated,Tuesday,1,150,right,22.839652,8.998500,4.999126,6.998766,13.497895,21.996382,51,02:30
illuminated,Tuesday,1,165,left,13.097188,5.998983,0.999929,2.999519,10.002060,15.988234,51,02:45
illuminated,Tuesday,1,165,right,18.469184,9.998313,3.001523,6.499409,14.498612,23.991180,51,02:45
illuminated,Tuesday,1,180,left,16.781535,5.999090,0.999824,1.999844,8.999243,22.999772,51,03:00
illuminated,Tuesday,1,180,right,19.055674,9.997432,2.999970,5.999118,13.998202,19.998879,51,03:00
illuminated,Tuesday,1,195,left,8.479018,4.999337,0.999836,2.999430,7.748772,12.399271,50,03:15
illuminated,Tuesday,1,195,right,14.498314,9.998876,4.999671,7.249529,15.747432,27.298631,50,03:15
illuminated,Tuesday,1,210,left,19.742284,5.999680,0.999987,3.000528,11.998454,18.999969,51,03:30
illuminated,Tuesday,1,210,right,25.526331,15.997427,7.998568,11.999437,20.497858,42.992624,51,03:30
illuminated,Tuesday,1,225,left,6.567627,4.999142,0.999830,1.999654,8.999548,16.997108,51,03:45
illuminated,Tuesday,1,225,right,18.840014,16.997015,9.999691,13.498398,23.990766,28.995389,51,03:45
illuminated,Tuesday,1,240,left,8.782600,5.999033,1.999644,2.999514,7.998695,17.996857,51,04:00
illuminated,Tuesday,1,240,right,18.781369,16.997259,6.998829,9.998313,23.995982,34.993770,51,04:00
illuminated,Tuesday,1,255,left,14.389756,6.998777,1.000590,2.999473,10.498261,16.997585,51,04:15
illuminated,Tuesday,1,255,right,29.172545,24.995551,14.999540,19.996516,30.998287,36.993597,51,04:15
illuminated,Tuesday,1,270,left,10.959687,6.999421,0.999927,4.999163,11.498916,16.997010,51,04:30
illuminated,Tuesday,1,270,right,38.368012,38.997636,22.998635,28.996906,45.995358,50.990213,51,04:30
illuminated,Tuesday,1,285,left,15.252283,8.998448,1.999907,3.999480,14.997721,17.995871,51,04:45
illuminated,Tuesday,1,285,right,45.660214,40.995077,21.996510,30.999066,57.491644,68.989506,51,04:45
illuminated,Tuesday,1,300,left,26.466383,9.998367,2.999862,6.998860,15.997283,89.983881,51,05:00
illuminated,Tuesday,1,300,right,59.305283,52.990620,24.999825,37.497718,69.995751,100.969800,51,05:00
illuminated,Tuesday,1,315,left,21.899341,10.998343,0.999915,5.499461,17.497853,64.034635,51,05:15
illuminated,Tuesday,1,315,right,66.265604,64.988473,28.997542,41.994650,84.485386,93.984618,51,05:15
illuminated,Tuesday,1,330,left,20.115449,10.999365,4.999132,6.999059,18.996926,24.998766,51,05:30
illuminated,Tuesday,1,330,right,70.128611,68.987953,38.995711,52.490971,79.991995,111.989639,51,05:30
illuminated,Tuesday,1,345,left,20.252519,9.998801,2.999935,4.999580,18.996624,46.989288,51,05:45
illuminated,Tuesday,1,345,right,81.205565,74.986591,44.992534,58.990864,112.477132,128.977930,51,05:45
illuminated,Tuesday,1,360,left,17.802202,9.999530,3.999302,5.999793,16.498301,32.995581,51,06:00
illuminated,Tuesday,1,360,right,84.362255,72.998759,53.990344,62.991283,104.993304,132.977356,51,06:00
illuminated,Tuesday,1,375,left,22.800628,16.999687,7.999661,10.999032,24.496997,32.994270,51,06:15
illuminated,Tuesday,1,375,right,90.008021,77.991483,49.998018,61.497624,112.485471,136.989221,51,06:15
illuminated,Tuesday,1,390,left,24.800772,16.997727,5.999936,10.498787,31.994725,48.996338,51,06:30
illuminated,Tuesday,1,390,right,93.067520,89.984762,42.994644,62.488301,121.491000,150.975313,51,06:30
illuminated,Tuesday,1,405,left,24.703141,21.998629,9.998312,15.498185,31.496940,39.993730,51,06:45
illuminated,Tuesday,1,405,right,98.538349,95.992783,50.990895,66.993809,121.982234,152.995489,51,06:45
illuminated,Tuesday,1,420,left,26.172956,25.995543,6.999003,11.498159,35.496327,45.992293,51,07:00
illuminated,Tuesday,1,420,right,93.281147,88.985754,51.991459,65.497247,114.474074,148.974277,51,07:00
illuminated,Tuesday,1,435,left,28.271352,24.995773,7.998766,13.498613,40.494852,47.993765,51,07:15
illuminated,Tuesday,1,435,right,83.166828,80.986305,43.992512,60.490501,102.990740,131.988910,51,07:15
illuminated,Tuesday,1,450,left,24.878664,23.996912,8.999284,14.498221,28.995076,47.991663,51,07:30
illuminated,Tuesday,1,450,right,70.342587,61.995336,35.997378,46.996055,84.985573,113.992186,51,07:30
illuminated,Tuesday,1,465,left,24.428877,21.999532,6.998746,12.998769,34.494262,43.995558,51,07:45
illuminated,Tuesday,1,465,right,75.835986,75.997322,35.993694,51.995995,95.982736,122.982286,51,07:45
illuminated,Tuesday,1,480,left,23.801854,19.996815,10.003241,16.497228,26.996493,40.992725,51,08:00
illuminated,Tuesday,1,480,right,86.090937,83.028729,40.996891,65.990613,99.990076,131.992329,51,08:00
illuminated,Tuesday,1,495,left,28.075876,22.996270,10.999335,15.998684,33.996498,51.990939,51,08:15
illuminated,Tuesday,1,495,right,94.011451,88.987137,47.994107,59.489914,124.996961,132.988638,51,08:15
illuminated,Tuesday,1,510,left,27.859968,23.996684,11.998007,15.998581,37.998846,46.992166,51,08:30
illuminated,Tuesday,1,510,right,100.970517,98.983086,45.993673,76.492050,121.488911,146.988028,51,08:30
illuminated,Tuesday,1,525,left,30.897903,27.997804,13.997591,17.498626,39.494003,55.996438,51,08:45
illuminated,Tuesday,1,525,right,106.634260,105.997985,59.990341,81.985106,128.494988,145.992248,51,08:45
illuminated,Tuesday,1,540,left,30.329749,26.995350,10.999954,17.997718,43.497258,52.997467,51,09:00
illuminated,Tuesday,1,540,right,105.792469,108.980396,66.994850,83.492573,124.490212,147.991621,51,09:00
illuminated,Tuesday,1,555,left,27.821306,27.995311,11.999071,16.999508,33.496755,39.993281,51,09:15
illuminated,Tuesday,1,555,right,106.775588,105.984435,61.996632,83.492365,132.991055,147.992171,51,09:15
illuminated,Tuesday,1,570,left,26.682898,23.998149,11.997947,14.999196,35.496006,50.994368,51,09:30
illuminated,Tuesday,1,570,right,97.831828,92.983785,52.990932,66.987420,125.484890,151.996484,51,09:30
illuminated,Tuesday,1,585,left,29.349973,26.999389,12.997809,18.999024,39.495815,48.997189,51,09:45
illuminated,Tuesday,1,585,right,101.204797,91.996661,62.989501,77.990568,124.994488,143.992918,51,09:45
illuminated,Tuesday,1,600,left,31.271195,26.995321,11.999358,20.996441,36.998003,55.990749,51,10:00
illuminated,Tuesday,1,600,right,95.951196,95.994279,53.990595,68.988896,123.483896,135.989983,51,10:00
illuminated,Tuesday,1,615,left,34.231281,30.999492,11.999707,19.499311,43.997708,50.991614,51,10:15
illuminated,Tuesday,1,615,right,93.577963,94.994117,52.996998,66.492456,121.963648,137.989602,51,10:15
illuminated,Tuesday,1,630,left,32.016087,25.995471,13.999357,20.996547,41.496829,57.982461,51,10:30
illuminated,Tuesday,1,630,right,87.931500,87.991929,43.999105,69.491181,101.491787,128.996952,51,10:30
illuminated,Tuesday,1,645,left,35.191629,29.997909,12.999914,23.497810,44.494587,59.989816,51,10:45
illuminated,Tuesday,1,645,right,92.811959,86.992141,52.992406,70.994304,117.991398,135.995292,51,10:45
illuminated,Tuesday,1,660,left,32.663501,28.997713,14.997389,21.998528,39.493481,51.997857,51,11:00
illuminated,Tuesday,1,660,right,88.405228,88.985236,46.998376,61.993502,111.980293,125.996222,51,11:00
illuminated,Tuesday,1,675,left,36.368888,32.993878,16.997378,22.496566,45.995173,51.990763,51,11:15
illuminated,Tuesday,1,675,right,95.068315,88.001022,48.991633,72.989097,115.981283,145.980918,51,11:15
illuminated,Tuesday,1,690,left,33.761597,26.998335,15.997271,19.997356,42.992686,51.996722,51,11:30
illuminated,Tuesday,1,690,right,99.245317,99.994839,46.995389,67.991292,119.493098,140.975425,51,11:30
illuminated,Tuesday,1,705,left,35.956608,33.993943,18.999619,24.997711,45.996399,59.989537,51,11:45
illuminated,Tuesday,1,705,right,84.519899,81.985471,48.998983,62.991553,100.993708,115.982504,51,11:45
illuminated,Tuesday,1,720,left,39.054533,35.993889,16.996991,25.497951,49.995907,61.993747,51,12:00
illuminated,Tuesday,1,720,right,91.067976,84.998488,47.991369,69.495898,104.998583,124.979380,51,12:00
illuminated,Tuesday,1,735,left,36.701426,31.997528,16.996997,22.996287,47.493534,61.988786,51,12:15
illuminated,Tuesday,1,735,right,91.636191,91.996835,56.989793,70.487704,107.996850,126.997847,51,12:15
illuminated,Tuesday,1,750,left,38.289374,32.999176,14.998946,20.997824,45.492776,70.987336,51,12:30
illuminated,Tuesday,1,750,right,86.872111,80.984049,50.991721,68.993277,97.491562,109.980764,51,12:30
illuminated,Tuesday,1,765,left,37.190822,34.994245,15.998571,22.497468,41.492863,63.988644,51,12:45
illuminated,Tuesday,1,765,right,78.323098,78.986373,51.991450,64.491727,88.991433,99.984474,51,12:45
illuminated,Tuesday,1,780,left,35.642715,30.995383,17.999345,23.995848,41.495664,55.997912,51,13:00
illuminated,Tuesday,1,780,right,86.655014,75.997429,57.995748,70.990249,101.986779,120.996870,51,13:00
illuminated,Tuesday,1,795,left,39.485068,39.000163,16.999544,27.998089,50.495129,58.985635,51,13:15
illuminated,Tuesday,1,795,right,88.204215,82.988183,62.988945,73.988954,98.489559,111.980898,51,13:15
illuminated,Tuesday,1,810,left,37.427018,35.993926,18.996833,23.999353,49.491817,56.998762,51,13:30
illuminated,Tuesday,1,810,right,85.185335,83.989779,63.988841,68.988237,92.991255,108.996698,51,13:30
illuminated,Tuesday,1,825,left,38.250417,35.997070,18.996832,24.999059,49.491735,59.996029,51,13:45
illuminated,Tuesday,1,825,right,81.676997,80.995307,60.989654,65.991771,93.995122,107.991210,51,13:45
illuminated,Tuesday,1,840,left,39.270124,35.993797,18.996801,21.996480,55.992907,61.998327,51,14:00
illuminated,Tuesday,1,840,right,84.989812,79.986201,52.990805,64.988692,94.984438,118.980709,51,14:00
illuminated,Tuesday,1,855,left,35.582946,31.997130,16.999464,24.497485,45.487053,57.990601,51,14:15
illuminated,Tuesday,1,855,right,89.123995,77.988775,60.990002,68.488347,98.489031,129.977843,51,14:15
illuminated,Tuesday,1,870,left,40.426232,38.993241,20.998620,26.495395,54.490718,60.989160,51,14:30
illuminated,Tuesday,1,870,right,88.321009,83.990943,58.990233,67.498557,100.988233,125.978856,51,14:30
illuminated,Tuesday,1,885,left,42.563408,36.997997,19.999302,25.997209,54.495456,73.988590,51,14:45
illuminated,Tuesday,1,885,right,90.282995,87.995301,58.979908,72.490282,105.991689,124.995413,51,14:45
illuminated,Tuesday,1,900,left,42.698936,41.992315,16.999403,26.996545,55.979801,69.989476,51,15:00
illuminated,Tuesday,1,900,right,81.830110,75.985990,60.990879,66.988019,94.982449,112.980987,51,15:00
illuminated,Tuesday,1,915,left,36.310168,30.994866,16.997104,23.497433,44.992401,57.998272,51,15:15
illuminated,Tuesday,1,915,right,80.579146,78.986541,58.989893,67.502367,89.489408,102.995851,51,15:15
illuminated,Tuesday,1,930,left,35.270819,31.994627,16.997050,24.495310,41.994630,60.990522,51,15:30
illuminated,Tuesday,1,930,right,91.794299,84.985731,70.988078,76.995897,104.481997,123.989182,51,15:30
illuminated,Tuesday,1,945,left,39.132472,35.998948,18.990287,23.497372,49.495611,62.997423,51,15:45
illuminated,Tuesday,1,945,right,90.693935,85.997300,64.988748,76.993951,99.990011,123.936612,51,15:45
illuminated,Tuesday,1,960,left,38.662228,31.994400,16.999019,26.997591,47.495615,60.991542,51,16:00
illuminated,Tuesday,1,960,right,91.891552,93.999054,64.997700,76.986839,105.487973,116.981433,51,16:00
illuminated,Tuesday,1,975,left,41.475026,36.995404,22.896017,27.995164,49.493029,64.998703,50,16:15
illuminated,Tuesday,1,975,right,96.648557,92.992119,76.387077,82.245462,104.989814,135.075085,50,16:15
illuminated,Tuesday,1,990,left,43.603814,36.993596,23.999569,29.998322,58.493005,66.995670,51,16:30
illuminated,Tuesday,1,990,right,89.148200,93.985333,61.989961,73.488099,103.493311,121.993870,51,16:30
illuminated,Tuesday,1,1005,left,41.525126,34.998688,21.996574,26.501549,53.996271,71.994774,51,16:45
illuminated,Tuesday,1,1005,right,81.343811,75.997151,50.992058,60.491242,100.985315,117.988152,51,16:45
illuminated,Tuesday,1,1020,left,40.466595,33.995500,22.998169,27.496808,48.989377,68.007186,51,17:00
illuminated,Tuesday,1,1020,right,79.717711,82.986577,43.992359,49.994862,103.487611,112.980558,51,17:00
illuminated,Tuesday,1,1035,left,42.152158,36.994398,22.988703,27.496545,54.492213,65.988776,51,17:15
illuminated,Tuesday,1,1035,right,79.147988,80.986580,44.999844,53.997428,99.985256,115.986020,51,17:15
illuminated,Tuesday,1,1050,left,40.584175,37.995250,25.996823,32.496647,48.496550,59.998337,51,17:30
illuminated,Tuesday,1,1050,right,82.696578,72.987664,40.000153,51.993680,115.971349,133.981752,51,17:30
illuminated,Tuesday,1,1065,left,44.799311,43.992489,23.999513,35.496695,54.495226,66.989616,51,17:45
illuminated,Tuesday,1,1065,right,74.854489,63.997707,41.997318,50.995437,100.990162,116.982591,51,17:45
illuminated,Tuesday,1,1080,left,42.074672,38.996695,21.999565,31.995394,53.495915,63.989959,51,18:00
illuminated,Tuesday,1,1080,right,82.345866,76.996341,44.996671,58.496999,106.986689,113.980384,51,18:00
illuminated,Tuesday,1,1095,left,46.857910,43.992836,22.998271,32.496625,58.996630,77.997045,51,18:15
illuminated,Tuesday,1,1095,right,85.305398,80.998150,41.996978,59.496976,107.991714,131.977869,51,18:15
illuminated,Tuesday,1,1110,left,48.367622,41.997343,22.998910,29.498410,57.497314,82.991879,51,18:30
illuminated,Tuesday,1,1110,right,87.932516,91.984071,48.999183,63.497878,113.979655,122.989720,51,18:30
illuminated,Tuesday,1,1125,left,50.170763,43.992596,21.997390,30.495733,64.977517,82.995341,51,18:45
illuminated,Tuesday,1,1125,right,80.834280,73.995846,45.992280,58.996107,99.491361,124.978327,51,18:45
illuminated,Tuesday,1,1140,left,43.113917,42.994509,15.997721,30.494861,51.497901,63.997594,51,19:00
illuminated,Tuesday,1,1140,right,74.601939,66.994948,43.992886,54.995370,87.995243,115.993423,51,19:00
illuminated,Tuesday,1,1155,left,42.523488,39.993293,17.998374,26.497076,56.992853,72.996791,51,19:15
illuminated,Tuesday,1,1155,right,64.441453,60.997318,42.992321,50.495204,75.987288,86.997981,51,19:15
illuminated,Tuesday,1,1170,left,36.682991,37.998367,14.997293,22.998599,45.495488,54.998417,51,19:30
illuminated,Tuesday,1,1170,right,57.425887,58.990387,41.992420,49.996132,68.992985,71.994915,51,19:30
illuminated,Tuesday,1,1185,left,31.212228,31.990765,9.999842,16.997750,42.487839,48.997748,51,19:45
illuminated,Tuesday,1,1185,right,56.052201,54.990761,33.996838,44.992025,66.994894,78.996360,51,19:45
illuminated,Tuesday,1,1200,left,24.937221,19.996952,7.999684,10.998124,32.497037,49.991303,51,20:00
illuminated,Tuesday,1,1200,right,49.855130,53.918721,26.995471,41.994163,59.973064,62.997510,51,20:00
illuminated,Tuesday,1,1215,left,22.821092,16.998591,3.998095,7.499102,25.998447,44.992648,51,20:15
illuminated,Tuesday,1,1215,right,48.759796,48.991988,14.997298,26.997334,61.993771,72.994091,51,20:15
illuminated,Tuesday,1,1230,left,17.839790,12.998557,4.999899,8.499288,23.499342,34.999111,51,20:30
illuminated,Tuesday,1,1230,right,41.309309,39.997851,15.997197,25.998986,55.471886,64.998411,51,20:30
illuminated,Tuesday,1,1245,left,25.997973,11.997796,2.999692,5.997567,22.998890,42.992850,51,20:45
illuminated,Tuesday,1,1245,right,37.996406,26.999350,12.999121,17.499706,47.992280,64.994659,51,20:45
illuminated,Tuesday,1,1260,left,21.546454,9.998344,2.999751,4.999781,16.498335,38.996446,51,21:00
illuminated,Tuesday,1,1260,right,30.094872,19.999960,8.999949,14.499612,29.498640,52.995688,51,21:00
illuminated,Tuesday,1,1275,left,28.899210,9.999665,3.999658,4.999874,37.497472,68.995330,51,21:15
illuminated,Tuesday,1,1275,right,38.251619,22.996600,10.999182,16.498851,39.997479,89.994482,51,21:15
illuminated,Tuesday,1,1290,left,30.527069,10.998972,3.999631,6.499248,14.998506,93.991542,51,21:30
illuminated,Tuesday,1,1290,right,40.859544,26.997506,13.998848,16.493782,36.999366,92.990918,51,21:30
illuminated,Tuesday,1,1305,left,33.076256,9.998258,4.999600,6.999744,31.012320,79.993474,51,21:45
illuminated,Tuesday,1,1305,right,42.938211,26.995175,9.999644,16.499672,43.995704,89.985175,51,21:45
illuminated,Tuesday,1,1320,left,27.018165,12.999156,4.999862,10.997668,21.498005,59.998580,51,22:00
illuminated,Tuesday,1,1320,right,32.508087,22.996267,11.999022,15.999129,31.498757,75.992069,51,22:00
illuminated,Tuesday,1,1335,left,16.939762,11.997811,3.999912,6.499564,20.498047,30.994779,51,22:15
illuminated,Tuesday,1,1335,right,27.664381,22.999580,9.999596,13.999426,35.495897,40.999329,51,22:15
illuminated,Tuesday,1,1350,left,26.743221,10.999076,4.999807,6.999431,15.998516,46.995871,51,22:30
illuminated,Tuesday,1,1350,right,33.448778,18.998314,10.999123,13.498929,27.499127,58.995109,51,22:30
illuminated,Tuesday,1,1365,left,20.508166,10.999023,2.999946,5.999652,16.999121,31.995123,51,22:45
illuminated,Tuesday,1,1365,right,25.154701,15.996504,7.999675,11.998465,25.997655,54.997981,51,22:45
illuminated,Tuesday,1,1380,left,33.497709,11.499658,3.999337,5.999434,36.498217,104.693650,50,23:00
illuminated,Tuesday,1,1380,right,31.437820,12.999948,4.999947,8.998590,43.996380,88.493207,50,23:00
illuminated,Tuesday,1,1395,left,23.782945,12.998792,2.999955,5.999566,20.999555,50.995220,51,23:15
illuminated,Tuesday,1,1395,right,23.880729,13.999270,3.999916,7.999190,24.997815,41.996638,51,23:15
illuminated,Tuesday,1,1410,left,32.604358,13.998767,1.999843,5.999333,44.496251,74.995666,51,23:30
illuminated,Tuesday,1,1410,right,34.113094,12.999348,4.999811,7.499291,38.496683,106.999869,51,23:30
illuminated,Tuesday,1,1425,left,25.037522,8.998408,1.999981,3.999926,24.497710,81.997327,51,23:45
illuminated,Tuesday,1,1425,right,25.821559,11.998045,3.999858,5.999919,24.993536,76.992575,51,23:45
illuminated,Wednesday,2,0,left,40.133602,8.995353,2.999477,4.499772,28.997877,99.997238,51,00:00
illuminated,Wednesday,2,0,right,38.270987,11.998867,4.999765,5.999903,54.996835,87.999145,51,00:00
illuminated,Wednesday,2,15,left,27.899087,9.998227,3.999861,6.998875,23.996659,91.992416,51,00:15
illuminated,Wednesday,2,15,right,25.722935,11.999798,3.999888,6.999298,20.998136,59.995054,51,00:15
illuminated,Wednesday,2,30,left,34.995867,11.998082,2.999490,5.999292,23.001737,61.996717,51,00:30
illuminated,Wednesday,2,30,right,26.016832,11.997962,1.999840,5.999010,23.502726,44.997617,51,00:30
illuminated,Wednesday,2,45,left,30.073507,7.999925,1.999669,5.998953,30.997510,87.974077,51,00:45
illuminated,Wednesday,2,45,right,23.800522,8.999176,2.999639,4.999374,21.997134,79.987181,51,00:45
illuminated,Wednesday,2,60,left,32.740822,9.998279,1.999907,4.999116,38.497355,104.982181,51,01:00
illuminated,Wednesday,2,60,right,27.231760,8.998289,1.999828,4.999417,29.494566,88.985697,51,01:00
illuminated,Wednesday,2,75,left,21.860116,7.998701,0.999824,3.499398,14.498252,57.994845,51,01:15
illuminated,Wednesday,2,75,right,21.389686,8.998410,1.999721,4.499222,15.998455,44.996001,51,01:15
illuminated,Wednesday,2,90,left,18.586025,6.999092,0.999984,3.499633,15.999859,40.993270,51,01:30
illuminated,Wednesday,2,90,right,16.566871,7.999711,1.999795,3.999681,17.998634,44.999630,51,01:30
illuminated,Wednesday,2,105,left,22.036212,7.999036,1.999774,3.999510,17.996315,69.988209,51,01:45
illuminated,Wednesday,2,105,right,25.094488,8.999085,1.999922,4.499604,18.498569,65.989461,51,01:45
illuminated,Wednesday,2,120,left,15.135026,4.999806,0.999931,1.999922,9.498397,30.994743,51,02:00
illuminated,Wednesday,2,120,right,15.978240,7.999448,2.999470,3.999668,14.997601,28.995082,51,02:00
illuminated,Wednesday,2,135,left,5.567882,4.002709,0.999882,1.999925,6.999237,11.997921,51,02:15
illuminated,Wednesday,2,135,right,9.998666,9.998267,1.999679,3.999347,13.998346,16.997995,51,02:15
illuminated,Wednesday,2,150,left,12.272758,3.999762,0.000000,0.999942,9.499379,21.997427,51,02:30
illuminated,Wednesday,2,150,right,15.135106,8.998614,4.999182,6.998801,13.498579,23.995509,51,02:30
illuminated,Wednesday,2,165,left,10.331858,3.999362,0.999827,1.999736,6.999415,12.998299,51,02:45
illuminated,Wednesday,2,165,right,16.056400,9.998328,3.999477,5.999221,14.498053,27.995122,51,02:45
illuminated,Wednesday,2,180,left,8.684872,3.999847,0.000000,1.999661,8.498501,14.997453,51,03:00
illuminated,Wednesday,2,180,right,13.743145,7.999694,2.999489,4.999262,12.999419,20.993212,51,03:00
illuminated,Wednesday,2,195,left,14.314453,5.999266,0.999828,1.999822,10.998468,17.999840,51,03:15
illuminated,Wednesday,2,195,right,17.666293,12.997859,4.999138,6.999934,16.498389,25.996820,51,03:15
illuminated,Wednesday,2,210,left,8.881593,3.999341,0.000000,1.000014,6.999704,12.999075,51,03:30
illuminated,Wednesday,2,210,right,18.311766,12.000426,6.998849,8.998696,20.998039,24.998370,51,03:30
illuminated,Wednesday,2,225,left,9.077255,4.999422,0.000000,1.999764,8.998664,27.995254,51,03:45
illuminated,Wednesday,2,225,right,19.605599,15.997288,9.999508,11.998815,23.497183,32.996372,51,03:45
illuminated,Wednesday,2,240,left,11.978084,5.998970,1.999661,3.999308,11.997884,15.998018,51,04:00
illuminated,Wednesday,2,240,right,24.937276,19.999666,7.003292,13.997996,24.995800,40.000072,51,04:00
illuminated,Wednesday,2,255,left,7.959641,4.999365,1.999674,2.999391,9.498400,14.997364,51,04:15
illuminated,Wednesday,2,255,right,25.408129,23.994520,14.997915,17.497549,32.994551,40.998124,51,04:15
illuminated,Wednesday,2,270,left,11.136213,5.999726,0.999821,2.499594,10.498809,12.997720,51,04:30
illuminated,Wednesday,2,270,right,39.975358,39.992900,20.996621,28.494998,46.994434,56.990497,51,04:30
illuminated,Wednesday,2,285,left,26.663403,9.998257,2.999982,4.999152,14.997884,58.988987,51,04:45
illuminated,Wednesday,2,285,right,54.856164,45.991703,26.995314,34.995569,62.992520,85.991326,51,04:45
illuminated,Wednesday,2,300,left,14.978001,9.999253,3.999434,5.499388,17.497740,31.996246,51,05:00
illuminated,Wednesday,2,300,right,50.541568,49.991217,24.996460,34.496616,61.992644,75.993036,51,05:00
illuminated,Wednesday,2,315,left,19.625416,10.007909,4.999187,6.999466,17.500041,36.996790,51,05:15
illuminated,Wednesday,2,315,right,65.306493,67.985385,36.993544,44.498024,81.487291,89.990344,51,05:15
illuminated,Wednesday,2,330,left,18.311117,11.998432,2.999469,5.999238,17.999016,41.985708,51,05:30
illuminated,Wednesday,2,330,right,77.891310,72.994758,34.993803,57.991117,96.491439,120.978566,51,05:30
illuminated,Wednesday,2,345,left,13.272850,9.998187,2.999471,6.499264,14.999270,20.996734,51,05:45
illuminated,Wednesday,2,345,right,91.557461,77.986234,50.996118,68.488026,106.989834,145.989740,51,05:45
illuminated,Wednesday,2,360,left,15.566800,11.998017,2.999541,6.999470,17.996994,24.998519,51,06:00
illuminated,Wednesday,2,360,right,93.008943,86.984202,61.989035,69.487910,113.995181,132.976579,51,06:00
illuminated,Wednesday,2,375,left,22.919191,17.998478,4.999532,12.998120,24.496736,36.997588,51,06:15
illuminated,Wednesday,2,375,right,98.970026,92.984707,58.998170,74.489888,116.992113,149.973953,51,06:15
illuminated,Wednesday,2,390,left,20.317486,18.998681,6.898795,10.998892,26.745659,37.993590,50,06:30
illuminated,Wednesday,2,390,right,106.346818,100.482464,60.189604,76.746790,129.984964,162.875195,50,06:30
illuminated,Wednesday,2,405,left,20.977362,20.997202,5.999361,12.498581,28.998368,37.993572,51,06:45
illuminated,Wednesday,2,405,right,110.965183,99.993714,55.999356,74.491128,135.480843,160.973066,51,06:45
illuminated,Wednesday,2,420,left,22.428656,17.999196,8.999408,13.998197,27.499225,41.995984,51,07:00
illuminated,Wednesday,2,420,right,111.692592,105.997838,49.996484,82.989028,142.985188,170.991479,51,07:00
illuminated,Wednesday,2,435,left,22.584892,19.996716,6.998921,13.497763,27.995271,41.994056,51,07:15
illuminated,Wednesday,2,435,right,97.731450,97.982794,45.992486,68.988634,122.479428,145.959601,51,07:15
illuminated,Wednesday,2,450,left,21.486667,20.995890,8.998446,11.499411,29.493985,36.995982,51,07:30
illuminated,Wednesday,2,450,right,88.026178,83.991332,47.000314,63.489669,98.489616,130.976798,51,07:30
illuminated,Wednesday,2,465,left,25.428662,20.998806,10.998626,13.998355,33.997274,42.994755,51,07:45
illuminated,Wednesday,2,465,right,94.304156,87.993490,57.990370,68.987846,115.488793,142.985289,51,07:45
illuminated,Wednesday,2,480,left,25.135014,23.995642,9.999884,12.999257,35.496517,42.995794,51,08:00
illuminated,Wednesday,2,480,right,96.344039,89.985292,47.995129,66.998432,110.483173,160.971403,51,08:00
illuminated,Wednesday,2,495,left,27.859473,23.998121,7.999697,14.498456,39.493694,47.994846,51,08:15
illuminated,Wednesday,2,495,right,99.617743,99.933088,58.999150,77.490348,122.478309,144.976434,51,08:15
illuminated,Wednesday,2,510,left,26.409267,23.995925,13.999863,16.998657,31.997696,43.996391,51,08:30
illuminated,Wednesday,2,510,right,96.558830,102.984235,52.015284,67.996058,115.982885,132.012823,51,08:30
illuminated,Wednesday,2,525,left,25.193774,23.999618,10.999089,16.999120,28.496255,43.995790,51,08:45
illuminated,Wednesday,2,525,right,104.774920,107.982701,53.995873,82.494609,128.999849,139.976372,51,08:45
illuminated,Wednesday,2,540,left,29.722937,28.998208,10.999312,17.998610,34.496791,51.997767,51,09:00
illuminated,Wednesday,2,540,right,111.993063,105.982188,69.987994,88.492442,139.484893,147.036879,51,09:00
illuminated,Wednesday,2,555,left,26.155067,23.996783,11.997891,15.499884,34.498438,46.992183,51,09:15
illuminated,Wednesday,2,555,right,121.697536,122.990492,64.011419,96.992051,148.994016,158.968114,51,09:15
illuminated,Wednesday,2,570,left,28.291403,25.997854,9.998522,14.998715,32.497704,57.999422,51,09:30
illuminated,Wednesday,2,570,right,103.832944,107.989856,55.995186,73.991331,128.478930,157.993183,51,09:30
illuminated,Wednesday,2,585,left,30.604335,29.997930,6.998867,18.997903,38.994148,56.990558,51,09:45
illuminated,Wednesday,2,585,right,103.303117,104.983180,56.989796,75.493033,132.965163,149.998146,51,09:45
illuminated,Wednesday,2,600,left,28.332644,27.997421,10.999529,16.499309,37.495643,48.993529,51,10:00
illuminated,Wednesday,2,600,right,101.548668,115.001362,54.999306,77.488364,127.490742,140.998336,51,10:00
illuminated,Wednesday,2,615,left,31.937857,30.998219,13.993350,19.998667,42.995810,53.975772,51,10:15
illuminated,Wednesday,2,615,right,94.481158,96.985119,51.990990,72.502153,123.488248,139.002055,51,10:15
illuminated,Wednesday,2,630,left,32.780588,27.995432,13.997858,22.498498,40.994600,55.989918,51,10:30
illuminated,Wednesday,2,630,right,101.615422,109.997784,46.993304,74.978643,127.481830,145.975853,51,10:30
illuminated,Wednesday,2,645,left,32.290867,27.995452,7.999459,19.498616,41.498066,62.988574,51,10:45
illuminated,Wednesday,2,645,right,100.104497,103.983210,48.991507,72.494489,129.995622,150.985000,51,10:45
illuminated,Wednesday,2,660,left,31.115383,27.997608,11.998938,18.998138,40.994518,44.992902,51,11:00
illuminated,Wednesday,2,660,right,106.167402,109.982139,59.990290,87.496866,128.983433,145.997890,51,11:00
illuminated,Wednesday,2,675,left,34.898017,29.995046,15.999250,21.001500,41.993918,62.990023,51,11:15
illuminated,Wednesday,2,675,right,97.225077,103.987627,49.996910,64.492251,122.486145,154.974982,51,11:15
illuminated,Wednesday,2,690,left,31.878712,32.994053,11.997782,19.498728,39.996898,49.991610,51,11:30
illuminated,Wednesday,2,690,right,93.537443,99.985807,44.992359,63.997157,122.468183,139.977316,51,11:30
illuminated,Wednesday,2,705,left,32.957057,29.997712,12.997632,17.996762,40.498163,51.991784,51,11:45
illuminated,Wednesday,2,705,right,91.969553,91.991322,51.997329,61.497305,110.486003,134.985676,51,11:45
illuminated,Wednesday,2,720,left,36.701688,32.997866,16.998612,23.998031,39.995425,57.997711,51,12:00
illuminated,Wednesday,2,720,right,91.617555,89.985896,55.994080,66.996801,109.487710,133.977422,51,12:00
illuminated,Wednesday,2,735,left,35.112782,31.994508,11.997957,20.492982,42.493956,57.990552,51,12:15
illuminated,Wednesday,2,735,right,83.830898,76.986931,48.991718,63.988855,102.460806,122.977087,51,12:15
illuminated,Wednesday,2,750,left,31.782612,28.000101,10.999874,17.498762,40.994295,47.991819,51,12:30
illuminated,Wednesday,2,750,right,83.701701,81.990430,55.017714,65.994532,100.984035,115.997120,51,12:30
illuminated,Wednesday,2,765,left,36.642098,31.998604,16.997319,24.499472,42.992804,64.999645,51,12:45
illuminated,Wednesday,2,765,right,90.145049,86.990687,54.997601,70.494641,100.487663,125.001398,51,12:45
illuminated,Wednesday,2,780,left,34.445855,31.997485,15.997398,20.997874,42.496423,48.988799,51,13:00
illuminated,Wednesday,2,780,right,88.810401,79.985257,59.989486,64.493297,94.491831,119.990468,51,13:00
illuminated,Wednesday,2,795,left,35.642191,28.995228,17.996816,20.502774,40.496064,58.989940,51,13:15
illuminated,Wednesday,2,795,right,82.596495,78.032494,47.981529,71.496007,94.483915,119.991197,51,13:15
illuminated,Wednesday,2,810,left,42.367818,34.027408,18.997516,26.995461,52.495538,80.985634,51,13:30
illuminated,Wednesday,2,810,right,85.951879,80.985601,49.994202,68.988163,93.986579,130.977236,51,13:30
illuminated,Wednesday,2,825,left,36.994579,32.994771,15.997351,24.998925,47.991795,66.990955,51,13:45
illuminated,Wednesday,2,825,right,86.320670,83.984463,50.991673,72.489499,98.983802,116.980614,51,13:45
illuminated,Wednesday,2,840,left,39.445626,32.997347,16.998330,22.998126,51.497592,68.990968,51,14:00
illuminated,Wednesday,2,840,right,82.537362,78.909304,58.999263,67.493526,93.487508,99.994964,51,14:00
illuminated,Wednesday,2,855,left,36.760563,32.994068,17.996876,25.997158,42.495713,64.988451,51,14:15
illuminated,Wednesday,2,855,right,88.186130,74.987443,54.999170,66.995735,94.003366,125.995120,51,14:15
illuminated,Wednesday,2,870,left,38.251111,35.000129,20.999255,24.998181,48.992393,57.999960,51,14:30
illuminated,Wednesday,2,870,right,86.521375,77.988889,51.991662,64.995872,102.993323,131.981467,51,14:30
illuminated,Wednesday,2,885,left,38.818243,35.994246,18.998962,28.496381,47.991821,61.984628,51,14:45
illuminated,Wednesday,2,885,right,83.498829,79.999540,52.997428,69.990716,96.487962,111.990120,51,14:45
illuminated,Wednesday,2,900,left,38.485489,35.993783,16.997079,22.997514,52.994784,64.997632,51,15:00
illuminated,Wednesday,2,900,right,82.636827,78.992388,54.990308,60.993024,101.487166,117.979481,51,15:00
illuminated,Wednesday,2,915,left,32.898226,30.994823,15.999747,22.497492,40.992981,50.992664,51,15:15
illuminated,Wednesday,2,915,right,86.754390,84.985528,54.997865,72.490722,94.495255,129.978008,51,15:15
illuminated,Wednesday,2,930,left,32.623764,31.993817,15.998610,21.496166,39.993508,51.999563,51,15:30
illuminated,Wednesday,2,930,right,84.539040,82.985668,56.997026,66.496550,97.486479,115.995219,51,15:30
illuminated,Wednesday,2,945,left,35.838245,33.998367,22.996114,27.496053,44.495762,51.991390,51,15:45
illuminated,Wednesday,2,945,right,84.949525,89.997709,52.990409,68.988029,98.990875,107.989120,51,15:45
illuminated,Wednesday,2,960,left,38.505817,35.998287,21.995474,30.495553,47.493175,56.997474,51,16:00
illuminated,Wednesday,2,960,right,85.441738,83.996004,54.997730,69.996533,101.482669,112.996414,51,16:00
illuminated,Wednesday,2,975,left,38.486136,34.999611,22.996502,29.496152,47.495568,57.990453,51,16:15
illuminated,Wednesday,2,975,right,81.247070,80.998421,50.991326,68.491776,88.494191,115.980906,51,16:15
illuminated,Wednesday,2,990,left,41.015005,37.993312,20.996350,29.997984,54.997686,63.989209,51,16:30
illuminated,Wednesday,2,990,right,80.500220,78.965710,43.997049,56.993542,93.484924,121.980396,51,16:30
illuminated,Wednesday,2,1005,left,43.874520,42.991595,23.898453,32.244483,53.991051,65.189164,50,16:45
illuminated,Wednesday,2,1005,right,83.149559,82.990027,54.794856,63.741151,102.734097,114.989496,50,16:45
illuminated,Wednesday,2,1020,left,37.976479,33.994868,19.998196,26.496846,46.995198,56.990334,51,17:00
illuminated,Wednesday,2,1020,right,76.070012,72.996213,49.991025,56.497202,92.489999,105.996824,51,17:00
illuminated,Wednesday,2,1035,left,40.976957,35.997455,24.995681,28.998064,50.491784,61.989815,51,17:15
illuminated,Wednesday,2,1035,right,81.031438,78.995837,51.995516,65.492406,98.499982,106.983055,51,17:15
illuminated,Wednesday,2,1050,left,45.838074,44.994348,21.998260,33.995748,55.995376,70.982192,51,17:30
illuminated,Wednesday,2,1050,right,81.598743,87.992853,43.998612,63.494761,99.987927,111.971908,51,17:30
illuminated,Wednesday,2,1065,left,43.682355,43.993109,18.998846,30.997151,59.994272,68.998857,51,17:45
illuminated,Wednesday,2,1065,right,82.384544,83.000490,46.996040,65.993845,99.487221,115.996979,51,17:45
illuminated,Wednesday,2,1080,left,45.152756,41.997379,23.999530,31.999178,58.495167,68.988584,51,18:00
illuminated,Wednesday,2,1080,right,87.364951,87.984107,41.992718,66.993789,106.990441,122.997456,51,18:00
illuminated,Wednesday,2,1095,left,47.935307,40.993356,23.996327,28.498164,68.469976,79.986739,51,18:15
illuminated,Wednesday,2,1095,right,82.734714,79.990440,49.998420,66.498238,101.987555,110.980423,51,18:15
illuminated,Wednesday,2,1110,left,47.916613,45.992033,23.996255,32.498706,59.494883,77.999110,51,18:30
illuminated,Wednesday,2,1110,right,87.932112,85.998679,58.997712,74.996196,99.489094,109.995731,51,18:30
illuminated,Wednesday,2,1125,left,48.248455,42.996163,23.999713,32.495651,56.493104,77.993868,51,18:45
illuminated,Wednesday,2,1125,right,73.949879,73.991387,49.995796,59.995828,88.995252,100.983858,51,18:45
illuminated,Wednesday,2,1140,left,44.152054,38.023032,27.994857,33.494313,57.490329,68.989050,51,19:00
illuminated,Wednesday,2,1140,right,68.659026,64.995592,43.993226,55.492723,77.486289,88.991411,51,19:00
illuminated,Wednesday,2,1155,left,40.975905,39.999665,11.997928,22.997179,54.990706,64.988370,51,19:15
illuminated,Wednesday,2,1155,right,67.326079,63.988372,44.992500,54.494226,77.486462,83.993380,51,19:15
illuminated,Wednesday,2,1170,left,38.876952,34.997043,14.998811,21.497762,56.493688,62.994773,51,19:30
illuminated,Wednesday,2,1170,right,59.483161,60.998451,33.997306,53.492270,70.492751,75.991217,51,19:30
illuminated,Wednesday,2,1185,left,32.781007,29.998520,6.998903,14.999712,47.491804,62.989579,51,19:45
illuminated,Wednesday,2,1185,right,52.407282,52.998163,30.011141,42.995995,62.495520,69.987673,51,19:45
illuminated,Wednesday,2,1200,left,23.762290,21.999074,5.999038,12.999649,28.498517,43.995222,51,20:00
illuminated,Wednesday,2,1200,right,51.465355,54.996015,21.996482,43.994737,61.495350,68.994676,51,20:00
illuminated,Wednesday,2,1215,left,20.409718,14.999220,3.999881,7.999144,24.498796,34.996802,51,20:15
illuminated,Wednesday,2,1215,right,44.896131,44.995815,19.999336,33.996370,57.998934,63.994152,51,20:15
illuminated,Wednesday,2,1230,left,32.077705,15.499323,5.799055,9.999112,27.748043,48.395385,50,20:30
illuminated,Wednesday,2,1230,right,53.335934,44.997036,17.798454,32.246482,59.996559,79.092864,50,20:30
illuminated,Wednesday,2,1245,left,15.822194,12.997968,5.999205,9.503007,21.997197,28.995640,51,20:45
illuminated,Wednesday,2,1245,right,29.252562,26.995565,12.997673,17.998295,40.496213,46.992653,51,20:45
illuminated,Wednesday,2,1260,left,17.311407,12.998714,3.999756,7.499042,17.997874,26.998086,51,21:00
illuminated,Wednesday,2,1260,right,28.133584,21.997013,7.999511,14.998076,30.499174,51.995935,51,21:00
illuminated,Wednesday,2,1275,left,24.586399,10.998219,3.999970,7.499232,21.497857,38.997297,51,21:15
illuminated,Wednesday,2,1275,right,38.271536,28.995182,11.999601,19.992341,37.995465,64.994498,51,21:15
illuminated,Wednesday,2,1290,left,31.195589,12.997813,2.999829,4.999551,22.499208,103.108797,51,21:30
illuminated,Wednesday,2,1290,right,43.197748,20.999919,12.997750,16.498949,42.996538,111.981249,51,21:30
illuminated,Wednesday,2,1305,left,30.663317,9.999562,4.999494,6.999088,17.998566,105.982774,51,21:45
illuminated,Wednesday,2,1305,right,40.093416,26.997267,10.998181,17.999118,34.991643,98.990035,51,21:45
illuminated,Wednesday,2,1320,left,32.705162,11.999382,3.999568,6.999421,36.495200,87.984899,51,22:00
illuminated,Wednesday,2,1320,right,39.037968,23.999870,13.998487,15.997240,40.513785,83.996224,51,22:00
illuminated,Wednesday,2,1335,left,21.754003,11.994510,4.999733,5.999917,20.998253,52.397596,49,22:15
illuminated,Wednesday,2,1335,right,32.569483,23.998052,8.799319,15.995389,33.999534,82.587674,49,22:15
illuminated,Wednesday,2,1350,left,20.880150,9.998239,4.999222,6.999711,23.497850,48.991636,51,22:30
illuminated,Wednesday,2,1350,right,26.330570,17.996879,8.999211,11.999761,32.497694,54.993942,51,22:30
illuminated,Wednesday,2,1365,left,30.723173,10.999174,3.999702,5.499417,38.495031,96.996683,51,22:45
illuminated,Wednesday,2,1365,right,32.487765,18.999328,8.999331,12.499563,36.497744,85.997059,51,22:45
illuminated,Wednesday,2,1380,left,19.233760,9.999187,2.999726,4.999835,14.498594,51.991458,51,23:00
illuminated,Wednesday,2,1380,right,20.037911,15.998484,3.999974,9.999593,20.999280,27.999923,51,23:00
illuminated,Wednesday,2,1395,left,30.095731,8.999623,3.999527,5.999386,19.498631,111.998599,51,23:15
illuminated,Wednesday,2,1395,right,26.605767,14.999004,4.999617,8.499252,23.498086,88.998886,51,23:15
illuminated,Wednesday,2,1410,left,39.133275,11.999356,1.999850,4.999684,33.498295,119.990153,51,23:30
illuminated,Wednesday,2,1410,right,30.585545,12.998470,2.999853,8.499387,38.997587,82.985375,51,23:30
illuminated,Wednesday,2,1425,left,20.060640,7.999303,1.999816,3.999467,18.002156,45.998309,51,23:45
illuminated,Wednesday,2,1425,right,21.903027,14.998082,1.999659,4.999551,21.998406,50.993534,51,23:45
illuminated,Thursday,3,0,left,27.624807,9.999375,0.000000,3.999815,39.498203,90.993344,51,00:00
illuminated,Thursday,3,0,right,23.586211,14.998741,2.999786,6.999157,30.999338,59.982669,51,00:00
illuminated,Thursday,3,15,left,28.311028,11.999698,2.999960,7.498805,32.998377,74.998219,51,00:15
illuminated,Thursday,3,15,right,26.448455,11.999733,2.999579,5.999885,38.998770,68.996619,51,00:15
illuminated,Thursday,3,30,left,22.290979,8.998832,1.999973,3.999886,17.996869,72.995443,51,00:30
illuminated,Thursday,3,30,right,20.977690,8.999334,3.999303,4.999893,15.998229,62.989314,51,00:30
illuminated,Thursday,3,45,left,25.623997,9.000079,1.999927,4.497763,19.996490,58.995587,51,00:45
illuminated,Thursday,3,45,right,23.839603,10.998078,4.999179,5.999782,17.996979,77.994166,51,00:45
illuminated,Thursday,3,60,left,25.252128,8.998438,0.999830,3.499566,34.496122,61.989253,51,01:00
illuminated,Thursday,3,60,right,25.702955,8.999760,3.999306,5.999160,29.500838,66.995622,51,01:00
illuminated,Thursday,3,75,left,22.291379,9.998309,1.999830,4.999526,16.497408,53.997336,51,01:15
illuminated,Thursday,3,75,right,20.154532,8.998928,1.999671,4.999157,22.997697,56.997945,51,01:15
illuminated,Thursday,3,90,left,37.367552,9.999964,1.999649,4.999269,42.992622,96.985226,51,01:30
illuminated,Thursday,3,90,right,32.348643,9.998370,2.999483,5.499166,46.995056,81.986442,51,01:30
illuminated,Thursday,3,105,left,31.209691,6.998869,0.999931,3.999312,24.996012,85.985318,51,01:45
illuminated,Thursday,3,105,right,32.758566,11.998078,4.001110,6.998933,25.493662,89.985752,51,01:45
illuminated,Thursday,3,120,left,18.429074,5.999293,0.999824,1.999663,12.498376,36.999100,51,02:00
illuminated,Thursday,3,120,right,18.311155,8.998734,2.999490,4.999151,14.997095,25.996746,51,02:00
illuminated,Thursday,3,135,left,15.606085,6.998834,0.999850,2.999648,10.498334,25.992740,51,02:15
illuminated,Thursday,3,135,right,14.096329,6.999047,1.999900,4.999149,13.498143,35.989948,51,02:15
illuminated,Thursday,3,150,left,11.253377,5.000134,0.000000,2.499682,8.998910,14.999812,51,02:30
illuminated,Thursday,3,150,right,11.371016,7.998971,1.999663,4.498332,11.997966,18.996805,51,02:30
illuminated,Thursday,3,165,left,8.508829,4.999355,0.999831,2.499650,9.998945,15.997308,51,02:45
illuminated,Thursday,3,165,right,16.684536,10.998145,3.999287,6.998885,15.998210,29.998636,51,02:45
illuminated,Thursday,3,180,left,8.528089,3.999424,0.000000,1.999809,9.998446,13.997694,51,03:00
illuminated,Thursday,3,180,right,13.586197,8.998554,2.999477,5.998982,16.497244,22.996108,51,03:00
illuminated,Thursday,3,195,left,13.155536,3.999885,0.999826,1.999781,10.498186,18.999851,51,03:15
illuminated,Thursday,3,195,right,16.331462,9.998298,2.999620,6.998811,15.998331,25.999809,51,03:15
illuminated,Thursday,3,210,left,13.586773,4.999150,0.000000,1.999947,12.498241,20.996280,51,03:30
illuminated,Thursday,3,210,right,20.036958,14.999523,3.999236,11.498457,20.496397,24.995652,51,03:30
illuminated,Thursday,3,225,left,11.822197,6.998999,0.000000,3.499551,11.497996,19.997086,51,03:45
illuminated,Thursday,3,225,right,19.683896,18.996210,7.998622,12.997742,24.995986,31.994965,51,03:45
illuminated,Thursday,3,240,left,5.881634,3.999989,0.000000,1.999888,6.999271,11.996966,51,04:00
illuminated,Thursday,3,240,right,19.233287,19.997403,5.998992,11.499529,24.993519,30.996947,51,04:00
illuminated,Thursday,3,255,left,17.781870,7.998692,0.999826,3.499458,15.497475,25.995608,51,04:15
illuminated,Thursday,3,255,right,36.837253,27.993197,12.997717,17.496958,32.996066,49.993523,51,04:15
illuminated,Thursday,3,270,left,7.489298,3.999863,0.999827,2.500309,10.998117,14.998709,51,04:30
illuminated,Thursday,3,270,right,34.917483,35.996152,15.997414,25.498703,42.493621,50.991484,51,04:30
illuminated,Thursday,3,285,left,18.762240,10.998056,1.999764,4.499551,14.497461,25.999379,51,04:45
illuminated,Thursday,3,285,right,51.287115,48.991475,20.996365,33.997834,59.489725,74.997391,51,04:45
illuminated,Thursday,3,300,left,12.115963,7.998969,1.999667,4.999142,14.998016,24.997911,51,05:00
illuminated,Thursday,3,300,right,47.836273,47.992011,19.996433,34.996243,59.994375,76.998728,51,05:00
illuminated,Thursday,3,315,left,14.762625,9.998247,1.999656,4.499162,15.998226,38.998096,51,05:15
illuminated,Thursday,3,315,right,62.422989,62.989359,30.994662,50.992598,76.990222,89.985499,51,05:15
illuminated,Thursday,3,330,left,20.075113,10.998190,0.999843,4.999236,19.997419,33.999102,51,05:30
illuminated,Thursday,3,330,right,76.106810,74.986024,25.999060,58.490109,89.984370,100.984185,51,05:30
illuminated,Thursday,3,345,left,13.939412,9.998257,2.999519,4.500189,14.998825,23.997352,51,05:45
illuminated,Thursday,3,345,right,83.184596,79.010568,37.993491,61.989475,105.488637,128.984605,51,05:45
illuminated,Thursday,3,360,left,14.351024,12.997822,2.999508,8.498695,15.997353,27.995097,51,06:00
illuminated,Thursday,3,360,right,91.164268,86.987732,39.993443,65.492761,117.979820,148.974085,51,06:00
illuminated,Thursday,3,375,left,17.703460,16.997056,2.999860,11.998035,21.497527,28.995612,51,06:15
illuminated,Thursday,3,375,right,91.713109,83.987094,40.993478,58.495135,135.980853,150.992672,51,06:15
illuminated,Thursday,3,390,left,21.251939,16.997308,4.999860,9.998355,28.994938,39.999203,51,06:30
illuminated,Thursday,3,390,right,93.653994,97.987964,41.993211,59.990149,125.491511,148.973997,51,06:30
illuminated,Thursday,3,405,left,21.487883,18.997617,4.999303,9.999471,28.995035,41.013486,51,06:45
illuminated,Thursday,3,405,right,101.048146,102.033550,40.992924,74.988193,137.989665,158.008901,51,06:45
illuminated,Thursday,3,420,left,21.820642,19.996767,4.999186,10.996656,30.495071,38.993226,51,07:00
illuminated,Thursday,3,420,right,90.988448,87.984082,33.994464,60.489663,115.495827,162.996830,51,07:00
illuminated,Thursday,3,435,left,22.252048,17.998536,8.998545,13.497797,31.497188,38.999538,51,07:15
illuminated,Thursday,3,435,right,87.890935,94.982900,48.994318,59.995045,112.493572,124.987320,51,07:15
illuminated,Thursday,3,450,left,23.723546,18.998373,8.998445,12.500107,27.996987,42.996466,51,07:30
illuminated,Thursday,3,450,right,85.541199,82.987820,36.993847,61.996083,102.485766,130.068902,51,07:30
illuminated,Thursday,3,465,left,25.389742,21.996453,9.998277,13.998346,29.499050,50.998235,51,07:45
illuminated,Thursday,3,465,right,96.128162,94.000230,60.994648,73.993349,117.489451,136.998749,51,07:45
illuminated,Thursday,3,480,left,25.369494,22.996341,11.998039,16.999054,29.497089,41.992994,51,08:00
illuminated,Thursday,3,480,right,94.538124,90.992607,47.992181,62.991362,118.481534,154.993542,51,08:00
illuminated,Thursday,3,495,left,26.742193,24.998586,13.997641,18.997732,33.996379,42.994207,51,08:15
illuminated,Thursday,3,495,right,104.439872,98.992439,58.990410,75.986949,129.487484,155.973362,51,08:15
illuminated,Thursday,3,510,left,28.057184,25.996476,16.797391,20.248002,35.247630,42.192748,50,08:30
illuminated,Thursday,3,510,right,120.568717,113.482449,75.996310,96.997482,138.740530,168.092523,50,08:30
illuminated,Thursday,3,525,left,29.232489,24.995992,15.997485,18.999241,37.498934,45.995927,51,08:45
illuminated,Thursday,3,525,right,121.851615,113.979704,78.993174,91.990575,144.484401,163.993930,51,08:45
illuminated,Thursday,3,540,left,29.860323,26.995182,11.999394,16.999024,39.495956,50.998414,51,09:00
illuminated,Thursday,3,540,right,125.930648,126.994950,72.986851,100.024703,145.987012,177.982485,51,09:00
illuminated,Thursday,3,555,left,27.840158,22.999847,11.998173,16.994391,37.999291,46.992463,51,09:15
illuminated,Thursday,3,555,right,113.026135,106.997090,72.996547,89.489118,131.483492,158.837348,51,09:15
illuminated,Thursday,3,570,left,28.761912,28.999403,7.999849,18.500942,38.492203,48.991723,51,09:30
illuminated,Thursday,3,570,right,117.204300,115.000314,80.987164,96.493361,131.486273,158.978175,51,09:30
illuminated,Thursday,3,585,left,29.408619,26.997172,10.999759,16.498651,38.498480,57.995143,51,09:45
illuminated,Thursday,3,585,right,111.420072,110.983358,71.987987,98.493969,127.484530,148.975191,51,09:45
illuminated,Thursday,3,600,left,32.545225,28.995085,10.998791,17.998281,45.497425,59.991406,51,10:00
illuminated,Thursday,3,600,right,103.811833,102.985247,56.995539,81.988698,129.977698,138.976200,51,10:00
illuminated,Thursday,3,615,left,32.564839,29.995714,11.999303,18.498882,42.500948,64.988855,51,10:15
illuminated,Thursday,3,615,right,102.302070,102.986438,50.999340,76.996818,124.980132,149.974374,51,10:15
illuminated,Thursday,3,630,left,33.348026,27.998194,10.998909,16.998746,46.995473,61.995075,51,10:30
illuminated,Thursday,3,630,right,96.026267,96.983021,49.996700,72.990804,118.478167,136.976054,51,10:30
illuminated,Thursday,3,645,left,32.035233,26.998843,9.999346,15.998547,44.495689,57.989871,51,10:45
illuminated,Thursday,3,645,right,94.675074,94.993783,43.998189,64.988871,122.486459,134.975751,51,10:45
illuminated,Thursday,3,660,left,34.407521,27.995422,10.999180,19.998881,51.494040,62.990799,51,11:00
illuminated,Thursday,3,660,right,101.105932,103.990208,55.995826,72.493241,130.987902,141.975123,51,11:00
illuminated,Thursday,3,675,left,33.584816,29.997247,10.998537,15.998366,40.994816,61.990202,51,11:15
illuminated,Thursday,3,675,right,104.379983,114.981695,49.991498,77.994145,131.495265,146.973717,51,11:15
illuminated,Thursday,3,690,left,30.976921,23.997126,11.998214,17.998419,35.495579,65.988131,51,11:30
illuminated,Thursday,3,690,right,101.007817,98.982544,53.990576,79.990930,126.486252,140.997925,51,11:30
illuminated,Thursday,3,705,left,30.212084,29.998355,10.990641,17.998659,36.996238,51.989175,51,11:45
illuminated,Thursday,3,705,right,96.989022,101.983162,48.996205,69.983271,120.988766,133.992650,51,11:45
illuminated,Thursday,3,720,left,35.113303,31.998220,16.997407,23.996992,41.992714,52.990938,51,12:00
illuminated,Thursday,3,720,right,90.753724,86.992928,40.997707,66.991352,119.975797,133.983708,51,12:00
illuminated,Thursday,3,735,left,38.722172,30.999016,13.997848,19.998142,44.992727,79.031369,51,12:15
illuminated,Thursday,3,735,right,94.050074,88.997241,49.991268,69.496301,121.484293,136.977471,51,12:15
illuminated,Thursday,3,750,left,33.682616,26.995428,14.998593,20.997630,45.993595,58.986900,51,12:30
illuminated,Thursday,3,750,right,85.030091,82.990495,51.992672,62.495732,98.490831,114.985270,51,12:30
illuminated,Thursday,3,765,left,34.624541,27.011802,14.997609,23.998347,41.495918,58.998869,51,12:45
illuminated,Thursday,3,765,right,90.423481,86.985916,52.996105,71.491991,107.480929,127.978467,51,12:45
illuminated,Thursday,3,780,left,33.878439,27.995688,13.994835,20.997669,36.495201,69.998535,51,13:00
illuminated,Thursday,3,780,right,75.618403,80.000636,40.998948,68.484177,89.490280,96.982887,51,13:00
illuminated,Thursday,3,795,left,33.996389,28.995102,16.996899,22.999194,41.995410,56.990257,51,13:15
illuminated,Thursday,3,795,right,87.186208,80.994484,62.991380,72.492127,93.491793,112.992983,51,13:15
illuminated,Thursday,3,810,left,35.289650,29.995154,16.998368,22.497742,42.003354,61.991182,51,13:30
illuminated,Thursday,3,810,right,91.203712,89.000236,66.997808,74.990570,103.487637,117.978732,51,13:30
illuminated,Thursday,3,825,left,36.935977,32.994414,18.999279,25.985642,48.991951,61.988878,51,13:45
illuminated,Thursday,3,825,right,87.497719,85.985298,65.988710,76.490168,94.990987,114.982024,51,13:45
illuminated,Thursday,3,840,left,36.133284,33.997388,18.996583,22.997733,42.995139,58.991835,51,14:00
illuminated,Thursday,3,840,right,82.440868,82.985602,56.990341,67.513468,98.983054,106.980790,51,14:00
illuminated,Thursday,3,855,left,35.544739,32.994501,18.998160,26.496839,44.492741,52.990345,51,14:15
illuminated,Thursday,3,855,right,83.558361,77.986829,59.989247,67.988465,97.486098,103.999064,51,14:15
illuminated,Thursday,3,870,left,35.957775,31.996703,17.999355,22.997764,41.997154,62.989561,51,14:30
illuminated,Thursday,3,870,right,82.994188,83.996261,62.002348,69.494206,96.988616,106.024912,51,14:30
illuminated,Thursday,3,885,left,33.780302,29.997421,15.999146,21.999062,43.993999,55.993629,51,14:45
illuminated,Thursday,3,885,right,81.657121,81.995627,56.000076,68.498195,95.484435,112.001333,51,14:45
illuminated,Thursday,3,900,left,30.015940,26.995801,12.999509,20.997462,36.494482,52.994672,51,15:00
illuminated,Thursday,3,900,right,84.891444,81.986632,62.999539,68.996130,99.983802,113.981108,51,15:00
illuminated,Thursday,3,915,left,30.133911,27.995584,10.998098,20.999244,36.996380,45.969623,51,15:15
illuminated,Thursday,3,915,right,85.304310,81.998065,56.990164,73.991848,96.989717,116.981183,51,15:15
illuminated,Thursday,3,930,left,30.074218,26.997860,17.996937,21.496309,35.495843,46.992555,51,15:30
illuminated,Thursday,3,930,right,92.614900,94.993892,56.991002,72.992849,110.988382,130.997675,51,15:30
illuminated,Thursday,3,945,left,30.722057,28.999092,14.997422,17.507865,42.494761,50.998321,51,15:45
illuminated,Thursday,3,945,right,87.677977,89.983515,49.999746,75.530271,102.481583,116.983753,51,15:45
illuminated,Thursday,3,960,left,32.899651,30.999680,17.996978,23.497916,38.999121,51.994858,51,16:00
illuminated,Thursday,3,960,right,86.757648,86.985085,54.992539,70.507841,104.483441,117.980280,51,16:00
illuminated,Thursday,3,975,left,37.367875,34.999808,20.996322,28.496957,45.992109,50.996016,51,16:15
illuminated,Thursday,3,975,right,91.341174,87.004189,57.996234,69.505163,108.989531,120.979295,51,16:15
illuminated,Thursday,3,990,left,35.898573,32.999230,19.989403,24.496983,42.993920,55.998570,51,16:30
illuminated,Thursday,3,990,right,84.226291,82.999740,55.998701,68.492569,97.964206,117.981575,51,16:30
illuminated,Thursday,3,1005,left,37.132386,34.998782,21.998695,25.995581,42.494023,54.999265,51,16:45
illuminated,Thursday,3,1005,right,87.870690,86.996972,53.996720,73.988805,104.489241,121.999829,51,16:45
illuminated,Thursday,3,1020,left,38.113817,36.993524,18.999623,28.995054,48.998631,55.990631,51,17:00
illuminated,Thursday,3,1020,right,83.148181,84.985496,50.000044,70.992720,100.488720,111.983475,51,17:00
illuminated,Thursday,3,1035,left,37.269363,30.994718,23.971325,27.995617,44.495672,60.990085,51,17:15
illuminated,Thursday,3,1035,right,80.772710,82.990390,52.997642,65.491848,94.477946,109.993382,51,17:15
illuminated,Thursday,3,1050,left,42.386480,42.003462,21.995366,30.011046,53.496732,64.991722,51,17:30
illuminated,Thursday,3,1050,right,79.246653,73.996963,42.992750,58.997966,97.502985,117.986076,51,17:30
illuminated,Thursday,3,1065,left,48.348258,44.998290,26.996750,35.496352,58.490251,72.062719,51,17:45
illuminated,Thursday,3,1065,right,81.776265,79.987611,43.998172,63.495438,97.493794,122.978995,51,17:45
illuminated,Thursday,3,1080,left,45.661353,46.999731,22.995938,32.495055,58.493736,69.996288,51,18:00
illuminated,Thursday,3,1080,right,85.931353,88.984722,43.991985,64.991990,108.489341,118.980703,51,18:00
illuminated,Thursday,3,1095,left,48.446398,44.992208,21.998151,30.994860,58.999287,75.985643,51,18:15
illuminated,Thursday,3,1095,right,87.109248,91.984464,47.995966,67.491537,103.490930,122.981876,51,18:15
illuminated,Thursday,3,1110,left,52.995721,50.998498,20.996139,39.494632,69.993154,84.999775,51,18:30
illuminated,Thursday,3,1110,right,91.541511,88.994355,58.989581,71.552850,111.497515,127.981571,51,18:30
illuminated,Thursday,3,1125,left,47.347983,44.994574,27.995047,35.993893,56.996714,65.992134,51,18:45
illuminated,Thursday,3,1125,right,95.322834,97.983717,56.994730,71.995881,117.979765,132.976545,51,18:45
illuminated,Thursday,3,1140,left,48.151687,47.992294,25.998399,36.495515,58.994195,67.999479,51,19:00
illuminated,Thursday,3,1140,right,86.735197,87.985580,58.995051,69.994538,102.490926,114.980284,51,19:00
illuminated,Thursday,3,1155,left,44.936607,42.992651,28.995698,33.997575,53.996956,59.994500,51,19:15
illuminated,Thursday,3,1155,right,70.227592,69.995699,47.992879,58.992960,81.489281,91.984108,51,19:15
illuminated,Thursday,3,1170,left,40.800404,39.994170,13.997995,24.496725,55.495594,61.991178,51,19:30
illuminated,Thursday,3,1170,right,58.896589,59.990264,42.996120,52.495904,66.497542,76.995942,51,19:30
illuminated,Thursday,3,1185,left,30.702758,30.998026,9.999074,16.498958,40.995905,45.995723,51,19:45
illuminated,Thursday,3,1185,right,58.366326,57.993569,40.999019,49.997399,66.995417,81.992376,51,19:45
illuminated,Thursday,3,1200,left,21.782140,18.997043,7.998785,11.499699,27.497066,37.993262,51,20:00
illuminated,Thursday,3,1200,right,53.661014,55.996281,21.998170,42.495976,64.492040,69.989104,51,20:00
illuminated,Thursday,3,1215,left,30.537268,17.997962,6.899754,12.249192,28.745591,63.898587,50,20:15
illuminated,Thursday,3,1215,right,55.274803,52.493552,22.798090,40.247476,60.743653,94.094504,50,20:15
illuminated,Thursday,3,1230,left,23.706282,17.998494,7.999384,10.999829,25.996581,44.596352,48,20:30
illuminated,Thursday,3,1230,right,49.975241,50.498857,19.398218,30.747608,64.239204,71.299366,48,20:30
illuminated,Thursday,3,1245,left,23.732614,12.999720,4.999769,8.999197,22.991980,46.393824,49,20:45
illuminated,Thursday,3,1245,right,37.098390,29.997474,11.798232,18.998306,42.996913,67.183743,49,20:45
illuminated,Thursday,3,1260,left,29.565489,12.999658,3.999946,7.999800,25.999078,81.985686,51,21:00
illuminated,Thursday,3,1260,right,35.329609,25.996500,6.999636,15.996094,36.497786,87.984639,51,21:00
illuminated,Thursday,3,1275,left,19.645302,11.999613,4.999131,6.997468,20.998756,32.999485,51,21:15
illuminated,Thursday,3,1275,right,34.918665,29.007632,14.998601,23.497703,40.996921,48.993780,51,21:15
illuminated,Thursday,3,1290,left,31.546062,12.999420,6.999351,7.999790,25.000274,88.993566,51,21:30
illuminated,Thursday,3,1290,right,48.976229,31.997841,15.998631,22.998459,55.500050,133.991458,51,21:30
illuminated,Thursday,3,1305,left,17.391092,11.999141,6.998850,8.999398,21.997092,34.997608,51,21:45
illuminated,Thursday,3,1305,right,32.017756,26.999050,13.999105,21.998387,37.497538,56.999162,51,21:45
illuminated,Thursday,3,1320,left,31.134899,10.999904,3.999660,6.500171,34.496960,105.994199,51,22:00
illuminated,Thursday,3,1320,right,39.840158,29.998309,13.999554,19.998440,39.498400,92.996884,51,22:00
illuminated,Thursday,3,1335,left,27.696675,9.999153,5.899051,6.999776,14.998881,50.397579,50,22:15
illuminated,Thursday,3,1335,right,37.496059,24.496983,11.998983,14.999098,31.243113,72.797768,50,22:15
illuminated,Thursday,3,1350,left,21.939638,9.999553,2.999827,5.999808,15.498558,68.995035,51,22:30
illuminated,Thursday,3,1350,right,32.154502,22.998323,9.999660,13.499503,34.997614,77.997802,51,22:30
illuminated,Thursday,3,1365,left,16.665776,10.998155,2.999844,6.001240,14.999273,33.994684,51,22:45
illuminated,Thursday,3,1365,right,25.665275,20.999870,8.999293,11.498770,33.997477,47.996964,51,22:45
illuminated,Thursday,3,1380,left,45.172144,10.999109,4.999863,6.499975,29.996832,150.956273,51,23:00
illuminated,Thursday,3,1380,right,48.093952,21.998113,9.999874,17.497986,35.998032,132.996571,51,23:00
illuminated,Thursday,3,1395,left,31.173955,12.999062,5.999976,8.998713,33.996406,84.963794,51,23:15
illuminated,Thursday,3,1395,right,35.232809,21.998208,7.999426,11.999470,40.496143,83.995758,51,23:15
illuminated,Thursday,3,1410,left,35.134155,11.999087,2.999523,4.999746,24.998109,86.985541,51,23:30
illuminated,Thursday,3,1410,right,33.232420,13.998293,5.004400,9.999639,27.000117,95.998636,51,23:30
illuminated,Thursday,3,1425,left,33.956999,10.997537,1.999933,4.499752,40.496519,94.985014,51,23:45
illuminated,Thursday,3,1425,right,33.937785,16.998677,5.999925,10.999385,40.488186,90.992472,51,23:45
illuminated,Friday,4,0,left,29.418718,11.999137,2.399729,5.999693,26.999807,78.786039,45,00:00
illuminated,Friday,4,0,right,31.129281,15.997630,5.399934,10.998174,44.985157,69.394193,45,00:00
illuminated,Friday,4,15,left,37.726852,13.997665,3.999348,6.998789,46.991401,109.581678,45,00:15
illuminated,Friday,4,15,right,35.038835,16.998652,6.999017,8.998410,44.991767,96.993258,45,00:15
illuminated,Friday,4,30,left,18.686643,9.998213,2.999640,5.998960,15.997301,44.994709,45,00:30
illuminated,Friday,4,30,right,17.086781,10.999698,4.199499,7.998577,16.999072,26.395456,45,00:30
illuminated,Friday,4,45,left,38.261103,13.998645,5.399079,6.998770,25.995271,138.776969,45,00:45
illuminated,Friday,4,45,right,33.239555,13.997573,3.199470,7.999977,32.994639,84.186802,45,00:45
illuminated,Friday,4,60,left,25.930110,9.999712,4.999146,7.998592,15.997341,70.987812,45,01:00
illuminated,Friday,4,60,right,22.374937,10.998158,1.999747,5.998991,18.998390,54.392403,45,01:00
illuminated,Friday,4,75,left,33.483354,10.998065,1.999733,4.999107,37.993442,85.586615,45,01:15
illuminated,Friday,4,75,right,28.417720,9.998389,2.999755,5.998965,33.993922,66.992706,45,01:15
illuminated,Friday,4,90,left,17.553632,8.998560,2.399658,4.999111,16.995823,40.594120,45,01:30
illuminated,Friday,4,90,right,16.620371,7.999605,1.999852,4.999118,17.998926,43.192545,45,01:30
illuminated,Friday,4,105,left,20.396612,7.999083,1.999664,3.000021,17.003323,37.195320,45,01:45
illuminated,Friday,4,105,right,23.307415,11.998052,3.399716,7.000048,17.998308,56.390666,45,01:45
illuminated,Friday,4,120,left,16.842682,5.998996,0.999833,1.000006,12.997811,18.797718,45,02:00
illuminated,Friday,4,120,right,14.442980,6.998857,1.999925,3.999583,11.999896,22.197975,45,02:00
illuminated,Friday,4,135,left,8.243527,3.999928,0.399933,1.999647,8.998711,11.599402,45,02:15
illuminated,Friday,4,135,right,12.798611,6.999961,2.999507,4.998058,13.997548,18.998223,45,02:15
illuminated,Friday,4,150,left,11.931624,5.998992,1.399851,2.999808,11.998018,17.597621,45,02:30
illuminated,Friday,4,150,right,13.042618,7.999828,3.999304,5.998653,14.997326,22.197074,45,02:30
illuminated,Friday,4,165,left,14.975814,3.999344,0.399931,1.999656,6.998815,15.798985,45,02:45
illuminated,Friday,4,165,right,18.175298,11.997934,4.999099,7.998627,14.995276,20.798188,45,02:45
illuminated,Friday,4,180,left,8.909740,4.999884,0.999942,2.999777,8.998528,14.198344,45,03:00
illuminated,Friday,4,180,right,15.019983,9.999494,3.999229,6.998799,15.997834,19.998145,45,03:00
illuminated,Friday,4,195,left,19.597357,5.999487,1.399786,2.999522,9.998362,20.996259,45,03:15
illuminated,Friday,4,195,right,23.596802,10.999727,7.398702,8.998431,18.996971,27.395185,45,03:15
illuminated,Friday,4,210,left,19.174299,6.998838,1.399950,3.999307,11.998965,14.598007,45,03:30
illuminated,Friday,4,210,right,24.440276,13.998874,6.999070,9.998265,22.995983,34.594233,45,03:30
illuminated,Friday,4,225,left,7.199300,4.999842,0.999830,2.999751,8.999096,13.598769,45,03:45
illuminated,Friday,4,225,right,19.597788,18.996670,8.599047,11.998284,25.995952,31.997759,45,03:45
illuminated,Friday,4,240,left,9.732177,4.000219,0.999829,1.999664,9.998339,13.998110,45,04:00
illuminated,Friday,4,240,right,22.442245,16.997054,8.399488,11.997976,20.999241,44.196449,45,04:00
illuminated,Friday,4,255,left,8.132104,5.998977,1.399936,2.999921,11.998014,17.596799,45,04:15
illuminated,Friday,4,255,right,25.129490,24.999661,10.198342,17.999618,28.995076,41.594083,45,04:15
illuminated,Friday,4,270,left,12.242696,6.998808,1.399848,4.001090,13.997620,18.997770,45,04:30
illuminated,Friday,4,270,right,40.127969,36.994087,24.797931,30.994863,44.993003,53.592592,45,04:30
illuminated,Friday,4,285,left,18.086785,8.998471,1.999721,4.999150,14.998035,32.597457,45,04:45
illuminated,Friday,4,285,right,49.372495,46.992763,28.597424,35.993616,54.994242,65.992893,45,04:45
illuminated,Friday,4,300,left,14.842452,9.998420,3.998888,6.998765,12.997888,19.599126,45,05:00
illuminated,Friday,4,300,right,46.904826,44.992522,21.997975,31.995008,53.990487,72.987339,45,05:00
illuminated,Friday,4,315,left,25.106492,10.998555,3.999511,5.999050,26.999004,73.797351,45,05:15
illuminated,Friday,4,315,right,71.701588,67.991940,31.994423,55.998589,87.984230,116.781012,45,05:15
illuminated,Friday,4,330,left,19.063860,9.998201,3.799404,6.998802,13.997710,43.194296,45,05:30
illuminated,Friday,4,330,right,85.566691,79.999160,51.993414,67.989188,101.982085,137.987677,45,05:30
illuminated,Friday,4,345,left,16.886875,12.994581,5.399079,7.996179,19.996589,30.396209,45,05:45
illuminated,Friday,4,345,right,93.590133,91.981762,42.193041,71.987727,116.979180,143.585501,45,05:45
illuminated,Friday,4,360,left,20.421238,12.998467,5.399194,6.998761,22.996254,32.396056,45,06:00
illuminated,Friday,4,360,right,97.831885,84.984950,51.192241,66.998106,137.978140,155.782074,45,06:00
illuminated,Friday,4,375,left,22.574685,14.997394,4.399704,8.998959,22.996109,50.193345,45,06:15
illuminated,Friday,4,375,right,106.806605,104.982035,61.796015,76.993439,131.999153,169.779447,45,06:15
illuminated,Friday,4,390,left,22.130228,16.997299,6.399150,11.998127,23.999260,43.191864,45,06:30
illuminated,Friday,4,390,right,107.250581,89.996169,67.192815,76.991377,136.936500,171.570952,45,06:30
illuminated,Friday,4,405,left,21.375198,19.996572,9.399082,14.997432,27.995710,33.996155,45,06:45
illuminated,Friday,4,405,right,104.876455,94.983752,64.993755,76.987415,124.988270,155.374881,45,06:45
illuminated,Friday,4,420,left,22.197740,19.985983,6.999046,12.997817,30.995411,36.610631,45,07:00
illuminated,Friday,4,420,right,99.987377,87.993661,65.391902,72.987863,123.979748,142.576275,45,07:00
illuminated,Friday,4,435,left,24.486106,21.997769,7.197040,13.997697,30.994919,43.595583,45,07:15
illuminated,Friday,4,435,right,100.388800,93.985600,62.589250,73.987306,122.979840,139.777194,45,07:15
illuminated,Friday,4,450,left,22.197457,21.997097,5.399444,12.997685,29.994895,36.996059,45,07:30
illuminated,Friday,4,450,right,94.944595,95.984159,57.195149,76.986535,108.987221,138.183783,45,07:30
illuminated,Friday,4,465,left,25.996436,24.999086,7.398804,14.999160,35.993658,43.196117,45,07:45
illuminated,Friday,4,465,right,97.652615,100.982557,50.961299,67.986969,116.980603,149.388420,45,07:45
illuminated,Friday,4,480,left,24.588034,23.995754,14.998155,18.748753,29.244943,38.794869,44,08:00
illuminated,Friday,4,480,right,96.466169,85.495820,53.592517,64.739515,118.992223,153.677135,44,08:00
illuminated,Friday,4,495,left,26.752806,24.998391,13.999252,16.997105,32.995796,41.195485,45,08:15
illuminated,Friday,4,495,right,95.035074,91.991583,55.994023,66.996716,112.985145,134.586072,45,08:15
illuminated,Friday,4,510,left,27.485902,23.998462,14.398405,18.997675,36.996564,45.596486,45,08:30
illuminated,Friday,4,510,right,92.390476,92.983767,48.996959,72.995322,115.982259,127.593469,45,08:30
illuminated,Friday,4,525,left,30.353242,24.997736,12.999053,16.999980,41.997451,49.994685,45,08:45
illuminated,Friday,4,525,right,104.547670,100.991823,66.994361,79.992590,126.986393,148.381565,45,08:45
illuminated,Friday,4,540,left,30.130594,25.997768,11.998789,13.999015,42.997408,55.595444,45,09:00
illuminated,Friday,4,540,right,111.034455,104.984690,59.397186,83.997055,136.988532,161.381467,45,09:00
illuminated,Friday,4,555,left,30.597019,26.998666,14.998017,17.999500,38.993630,52.993273,45,09:15
illuminated,Friday,4,555,right,96.746304,95.991914,59.791963,73.987663,117.979926,132.778181,45,09:15
illuminated,Friday,4,570,left,29.663638,27.998551,11.799421,17.999971,35.993682,54.597334,45,09:30
illuminated,Friday,4,570,right,96.922993,96.991180,47.795727,68.994106,122.994104,136.990978,45,09:30
illuminated,Friday,4,585,left,29.908485,25.998152,13.398794,18.998998,33.997766,55.595369,45,09:45
illuminated,Friday,4,585,right,98.324987,97.987995,50.395503,70.998133,118.032435,142.593194,45,09:45
illuminated,Friday,4,600,left,30.174699,26.995566,15.398232,16.999295,38.997780,55.990350,45,10:00
illuminated,Friday,4,600,right,97.612366,93.994426,46.598022,75.995673,111.980743,137.390450,45,10:00
illuminated,Friday,4,615,left,30.753045,27.994983,13.398357,19.996684,36.996715,49.196373,45,10:15
illuminated,Friday,4,615,right,97.746818,95.984332,57.392777,70.998794,124.977606,137.784477,45,10:15
illuminated,Friday,4,630,left,33.952472,28.995289,12.399439,22.998137,43.992542,60.590312,45,10:30
illuminated,Friday,4,630,right,91.702237,92.999282,39.197651,65.994261,115.981157,137.781214,45,10:30
illuminated,Friday,4,645,left,30.330218,28.998160,12.198792,20.998112,37.994225,46.996573,45,10:45
illuminated,Friday,4,645,right,94.077460,101.987736,56.795844,78.986666,113.994188,123.756861,45,10:45
illuminated,Friday,4,660,left,34.508413,32.994616,15.799040,23.997839,43.005707,53.615195,45,11:00
illuminated,Friday,4,660,right,94.614038,92.982713,58.395536,76.988801,110.981056,133.391581,45,11:00
illuminated,Friday,4,675,left,32.618855,24.996645,17.797998,20.999519,41.992559,61.191885,45,11:15
illuminated,Friday,4,675,right,102.056164,92.997870,63.392732,81.985926,115.979448,160.976170,45,11:15
illuminated,Friday,4,690,left,34.440556,27.995203,19.999982,23.996461,42.996199,51.193596,45,11:30
illuminated,Friday,4,690,right,97.723287,93.997755,58.793432,77.988308,116.981782,146.979852,45,11:30
illuminated,Friday,4,705,left,33.152406,27.997794,14.398832,21.001624,43.992307,54.403265,45,11:45
illuminated,Friday,4,705,right,82.413315,80.994206,53.401159,69.989184,99.997238,112.981948,45,11:45
illuminated,Friday,4,720,left,34.040537,29.994835,19.001176,21.997845,42.992510,50.592948,45,12:00
illuminated,Friday,4,720,right,95.300036,86.998162,57.989920,73.994770,109.994020,132.988985,45,12:00
illuminated,Friday,4,735,left,30.151602,26.995743,16.398606,21.995311,36.993434,47.593290,45,12:15
illuminated,Friday,4,735,right,80.300137,75.986967,39.397849,59.987211,101.998817,121.584907,45,12:15
illuminated,Friday,4,750,left,32.818263,29.994664,19.196372,24.995810,39.998020,49.996578,45,12:30
illuminated,Friday,4,750,right,79.900903,80.985497,37.795860,64.989086,93.984214,118.985251,45,12:30
illuminated,Friday,4,765,left,34.908380,29.994834,18.404305,23.998589,40.992652,63.190799,45,12:45
illuminated,Friday,4,765,right,83.261614,84.000658,48.191394,73.988230,96.000418,105.596813,45,12:45
illuminated,Friday,4,780,left,36.128623,31.994991,19.797068,24.998581,43.986219,54.391076,45,13:00
illuminated,Friday,4,780,right,84.900215,81.985707,56.401780,71.977448,98.983562,112.589809,45,13:00
illuminated,Friday,4,795,left,35.884049,29.994948,18.996746,20.996681,49.991545,55.590623,45,13:15
illuminated,Friday,4,795,right,86.944183,85.997648,61.790791,73.988306,97.983498,108.581476,45,13:15
illuminated,Friday,4,810,left,36.950355,32.994301,15.998132,22.996165,40.992913,73.387260,45,13:30
illuminated,Friday,4,810,right,85.921802,89.998461,57.191979,70.987795,101.013355,107.989850,45,13:30
illuminated,Friday,4,825,left,38.237842,33.998571,23.397081,26.998539,46.992217,57.391954,45,13:45
illuminated,Friday,4,825,right,83.873063,82.985932,54.393999,67.990592,107.943977,116.589737,45,13:45
illuminated,Friday,4,840,left,38.329463,32.994381,17.401434,24.995834,47.999428,66.588520,45,14:00
illuminated,Friday,4,840,right,95.391565,92.984834,61.793236,82.000705,110.016281,128.995323,45,14:00
illuminated,Friday,4,855,left,39.505421,37.993476,17.997571,27.971024,48.981876,58.395109,45,14:15
illuminated,Friday,4,855,right,98.229768,96.899617,52.991395,73.994696,113.986100,142.175899,45,14:15
illuminated,Friday,4,870,left,36.239610,30.998924,20.397189,27.995608,40.996463,53.579913,45,14:30
illuminated,Friday,4,870,right,92.589260,88.984542,50.791428,64.990864,112.991021,143.980812,45,14:30
illuminated,Friday,4,885,left,34.527479,31.994708,15.397662,22.996199,41.997519,55.600331,45,14:45
illuminated,Friday,4,885,right,92.074776,90.993309,55.391479,68.988921,109.980231,136.593834,45,14:45
illuminated,Friday,4,900,left,36.150669,34.994194,16.397637,24.993999,43.996837,49.595262,45,15:00
illuminated,Friday,4,900,right,94.187924,87.984288,66.388325,79.987122,106.983102,126.186222,45,15:00
illuminated,Friday,4,915,left,36.106408,33.002618,20.798077,26.995126,42.999657,55.791952,45,15:15
illuminated,Friday,4,915,right,92.032426,93.984433,57.391060,75.999825,111.995709,124.380582,45,15:15
illuminated,Friday,4,930,left,30.795904,30.994421,18.398443,24.996154,35.993750,43.791723,45,15:30
illuminated,Friday,4,930,right,92.165312,89.983332,63.393122,76.986142,101.986400,125.590815,45,15:30
illuminated,Friday,4,945,left,33.306882,30.994656,16.397737,19.999514,40.992828,52.994347,45,15:45
illuminated,Friday,4,945,right,95.811216,93.983557,68.589926,74.993667,116.968781,128.777874,45,15:45
illuminated,Friday,4,960,left,39.373096,34.993771,27.395857,30.997939,42.992887,56.396930,45,16:00
illuminated,Friday,4,960,right,92.366635,88.990447,60.992941,74.996257,109.994100,122.384640,45,16:00
illuminated,Friday,4,975,left,39.682995,36.993394,21.396227,25.998006,44.992333,64.389648,45,16:15
illuminated,Friday,4,975,right,94.007546,97.991759,64.390061,74.993473,112.993154,129.183149,45,16:15
illuminated,Friday,4,990,left,38.796113,37.993639,24.398300,29.995057,44.992708,52.598612,45,16:30
illuminated,Friday,4,990,right,93.945423,89.996604,57.794008,79.986319,107.991721,133.981002,45,16:30
illuminated,Friday,4,1005,left,41.971327,35.993824,21.001406,23.997607,51.995366,67.947484,45,16:45
illuminated,Friday,4,1005,right,98.810218,96.991356,63.593223,79.994302,118.989732,135.581902,45,16:45
illuminated,Friday,4,1020,left,40.572641,33.999347,23.999276,28.994887,46.991511,54.986974,45,17:00
illuminated,Friday,4,1020,right,88.745586,82.985901,55.190873,73.992901,112.983151,125.981455,45,17:00
illuminated,Friday,4,1035,left,38.906425,36.994215,20.997703,26.997784,49.992481,53.792265,45,17:15
illuminated,Friday,4,1035,right,89.589251,93.997460,46.392638,69.987639,110.992101,126.182956,45,17:15
illuminated,Friday,4,1050,left,41.395706,39.000269,25.999245,30.009910,45.992361,54.597151,45,17:30
illuminated,Friday,4,1050,right,91.013040,84.990680,56.194461,65.990339,112.995697,129.591908,45,17:30
illuminated,Friday,4,1065,left,39.306953,36.999503,24.395490,29.995015,44.995891,55.008989,45,17:45
illuminated,Friday,4,1065,right,92.078920,92.984630,63.998004,72.986693,108.981261,123.589903,45,17:45
illuminated,Friday,4,1080,left,44.172546,43.992558,19.598427,31.994520,58.991745,70.592164,45,18:00
illuminated,Friday,4,1080,right,99.943758,100.994491,58.584179,81.986001,124.018142,136.586610,45,18:00
illuminated,Friday,4,1095,left,42.240141,37.993761,20.398304,28.999807,49.992843,69.192263,45,18:15
illuminated,Friday,4,1095,right,96.790362,109.995367,56.395801,67.989744,118.996827,134.379599,45,18:15
illuminated,Friday,4,1110,left,37.729325,34.996928,20.396780,23.997515,47.017810,63.188942,45,18:30
illuminated,Friday,4,1110,right,103.278531,102.983763,71.383567,77.990124,128.977179,139.994980,45,18:30
illuminated,Friday,4,1125,left,38.172325,36.999637,17.797061,24.997544,46.996735,60.595900,45,18:45
illuminated,Friday,4,1125,right,97.874579,94.983842,55.392399,74.993665,114.979726,142.375352,45,18:45
illuminated,Friday,4,1140,left,38.684342,38.994467,17.997692,25.997834,47.991617,59.202560,45,19:00
illuminated,Friday,4,1140,right,88.900517,81.985804,51.395297,62.993014,110.981091,140.377013,45,19:00
illuminated,Friday,4,1155,left,38.728821,35.996656,17.997723,25.999724,46.993334,58.793561,45,19:15
illuminated,Friday,4,1155,right,86.501197,78.986826,57.395735,64.990665,99.991006,128.391819,45,19:15
illuminated,Friday,4,1170,left,31.551163,30.994788,14.797452,20.996679,40.992821,48.194548,45,19:30
illuminated,Friday,4,1170,right,70.212778,66.991745,49.391780,55.990545,79.986073,99.189722,45,19:30
illuminated,Friday,4,1185,left,25.018917,18.998646,9.998794,13.999613,33.997843,49.994171,45,19:45
illuminated,Friday,4,1185,right,65.458071,63.994197,48.991442,54.990419,71.997041,102.174369,45,19:45
illuminated,Friday,4,1200,left,27.663980,18.996636,8.998778,11.998210,27.995045,39.394439,45,20:00
illuminated,Friday,4,1200,right,61.503711,59.993194,26.797674,42.992339,76.990227,96.189102,45,20:00
illuminated,Friday,4,1215,left,26.486998,16.999434,6.999412,10.999928,27.999916,39.007095,45,20:15
illuminated,Friday,4,1215,right,64.439180,62.996865,26.597467,33.997143,81.994033,102.204518,45,20:15
illuminated,Friday,4,1230,left,24.708935,16.008384,6.400260,11.998834,27.998492,43.794954,45,20:30
illuminated,Friday,4,1230,right,55.639670,60.994953,25.398664,30.990698,71.994425,90.390615,45,20:30
illuminated,Friday,4,1245,left,23.997874,13.997593,3.399593,8.999306,19.998984,51.195396,45,20:45
illuminated,Friday,4,1245,right,45.818044,34.997302,15.798254,21.999330,63.989736,79.989068,45,20:45
illuminated,Friday,4,1260,left,21.575815,10.999783,3.999623,5.999646,15.998897,46.196269,45,21:00
illuminated,Friday,4,1260,right,35.663024,27.997705,13.399237,17.997820,40.993043,66.390529,45,21:00
illuminated,Friday,4,1275,left,36.307758,10.999344,3.999735,6.999561,17.999473,99.791581,45,21:15
illuminated,Friday,4,1275,right,49.662251,30.999372,16.398735,19.999502,49.997840,134.190898,45,21:15
illuminated,Friday,4,1290,left,23.931004,12.997871,6.399449,8.999891,19.996238,58.190480,45,21:30
illuminated,Friday,4,1290,right,42.018273,33.998998,17.398104,23.998028,44.995183,74.790136,45,21:30
illuminated,Friday,4,1305,left,26.993454,13.996956,5.399348,8.000011,23.996331,66.798938,45,21:45
illuminated,Friday,4,1305,right,42.192934,33.998292,17.199128,22.000029,54.991592,78.792994,45,21:45
illuminated,Friday,4,1320,left,28.619717,10.998053,3.999340,6.998820,30.994795,76.199595,45,22:00
illuminated,Friday,4,1320,right,44.995481,30.995030,12.996652,19.996473,46.992402,88.594336,45,22:00
illuminated,Friday,4,1335,left,39.173715,13.003036,4.999133,6.999984,48.995590,116.391393,45,22:15
illuminated,Friday,4,1335,right,50.794919,32.995637,13.401648,23.995786,58.997644,105.381657,45,22:15
illuminated,Friday,4,1350,left,35.796881,9.999063,4.999677,7.998701,31.998086,96.588742,45,22:30
illuminated,Friday,4,1350,right,44.018036,30.997541,14.799189,21.998138,45.992317,77.394287,45,22:30
illuminated,Friday,4,1365,left,20.531745,12.997645,4.400193,7.002956,16.998658,45.798013,45,22:45
illuminated,Friday,4,1365,right,33.441826,22.995830,14.997665,16.997364,40.992574,61.995477,45,22:45
illuminated,Friday,4,1380,left,22.332234,10.999384,2.999809,5.999529,18.998265,51.594180,45,23:00
illuminated,Friday,4,1380,right,30.886965,21.999055,10.799206,14.998675,35.000015,62.196976,45,23:00
illuminated,Friday,4,1395,left,30.419612,7.999970,2.999780,4.999611,27.995059,94.997146,45,23:15
illuminated,Friday,4,1395,right,37.507855,22.996219,9.999265,17.998435,39.998085,80.394032,45,23:15
illuminated,Friday,4,1410,left,22.864497,9.998229,4.399804,6.999298,13.007667,51.996575,45,23:30
illuminated,Friday,4,1410,right,27.064538,15.998661,6.199568,10.999238,27.997599,53.996659,45,23:30
illuminated,Friday,4,1425,left,21.153827,8.999825,3.399567,5.999723,17.997495,61.795385,45,23:45
illuminated,Friday,4,1425,right,29.753349,20.998374,8.999455,11.999873,32.006667,70.392167,45,23:45
illuminated,Saturday,5,0,left,25.060475,7.499573,2.999758,3.999722,27.496189,60.898398,48,00:00
illuminated,Saturday,5,0,right,30.956141,16.998631,9.398651,10.999712,39.492630,61.299106,48,00:00
illuminated,Saturday,5,15,left,27.935289,7.999015,2.999651,4.749037,11.249781,89.785720,48,00:15
illuminated,Saturday,5,15,right,30.892879,13.998939,6.999964,8.998598,28.249035,102.295331,48,00:15
illuminated,Saturday,5,30,left,20.102679,6.999100,1.999870,3.749514,16.248776,41.196702,48,00:30
illuminated,Saturday,5,30,right,21.331708,12.499506,2.999952,7.500046,20.248078,58.598106,48,00:30
illuminated,Saturday,5,45,left,31.538916,8.499610,1.999923,3.999286,27.746011,70.593669,48,00:45
illuminated,Saturday,5,45,right,33.413821,15.998204,5.699141,8.998408,30.749043,89.193044,48,00:45
illuminated,Saturday,5,60,left,37.536520,8.999274,1.699804,4.999174,25.497441,128.282796,48,01:00
illuminated,Saturday,5,60,right,34.849460,13.998893,5.999915,7.998836,27.995058,82.197423,48,01:00
illuminated,Saturday,5,75,left,25.099970,8.998617,2.999487,4.999285,21.746333,63.195953,48,01:15
illuminated,Saturday,5,75,right,24.474739,10.997947,5.699032,6.999332,16.997696,61.891830,48,01:15
illuminated,Saturday,5,90,left,18.830211,6.995936,1.999916,4.746803,13.247641,33.495418,48,01:30
illuminated,Saturday,5,90,right,17.288793,9.994194,3.999587,5.998983,16.988570,30.992322,48,01:30
illuminated,Saturday,5,105,left,30.538056,9.998266,1.999696,4.749259,26.746583,84.078001,48,01:45
illuminated,Saturday,5,105,right,26.455239,10.498619,2.999500,4.000587,22.996766,64.193107,48,01:45
illuminated,Saturday,5,120,left,21.288768,7.998593,0.999838,2.999683,12.497812,54.695383,48,02:00
illuminated,Saturday,5,120,right,20.851345,8.998462,3.699617,5.999005,15.997254,36.793802,48,02:00
illuminated,Saturday,5,135,left,10.853268,3.999411,0.999917,2.749587,6.999072,10.998594,48,02:15
illuminated,Saturday,5,135,right,15.373365,10.498154,3.698609,4.749467,14.248454,28.195372,48,02:15
illuminated,Saturday,5,150,left,13.061194,4.999207,0.999836,2.749628,8.499166,14.298750,48,02:30
illuminated,Saturday,5,150,right,17.664812,8.998594,2.999511,3.999660,13.998267,23.396006,48,02:30
illuminated,Saturday,5,165,left,12.706587,5.999979,0.999835,2.749880,10.998466,18.298679,48,02:45
illuminated,Saturday,5,165,right,13.581543,9.998740,4.399396,5.749203,13.997515,18.297097,48,02:45
illuminated,Saturday,5,180,left,13.518814,3.999309,0.999827,1.999670,8.998479,12.599568,48,03:00
illuminated,Saturday,5,180,right,16.456294,9.499134,2.999685,5.748269,13.749142,28.496557,48,03:00
illuminated,Saturday,5,195,left,15.828124,3.999349,0.000000,0.999959,9.498540,22.796560,47,03:15
illuminated,Saturday,5,195,right,20.615180,8.998454,3.999450,5.999712,15.997989,22.796124,47,03:15
illuminated,Saturday,5,210,left,10.165918,3.999664,0.000000,2.999493,7.998595,15.199190,48,03:30
illuminated,Saturday,5,210,right,16.415041,10.498710,3.699428,7.748761,14.997548,45.496692,48,03:30
illuminated,Saturday,5,225,left,8.270457,3.999586,0.699858,1.749717,9.998423,14.897882,48,03:45
illuminated,Saturday,5,225,right,14.311196,11.498925,6.698883,7.998674,14.995674,18.996938,48,03:45
illuminated,Saturday,5,240,left,12.811645,3.999789,0.000000,1.999671,8.998493,14.197834,48,04:00
illuminated,Saturday,5,240,right,17.706833,11.499150,5.998982,8.748085,14.998863,19.999512,48,04:00
illuminated,Saturday,5,255,left,17.748489,4.999148,0.699894,1.999754,8.249373,17.497609,48,04:15
illuminated,Saturday,5,255,right,20.227313,10.498560,4.699205,5.999048,15.248353,25.996459,48,04:15
illuminated,Saturday,5,270,left,16.540946,2.999503,0.999815,0.999911,8.248927,17.299238,48,04:30
illuminated,Saturday,5,270,right,25.414702,16.498493,8.699504,12.744070,23.995247,36.101599,48,04:30
illuminated,Saturday,5,285,left,24.370944,7.498985,0.999975,2.999749,10.248392,65.683076,48,04:45
illuminated,Saturday,5,285,right,26.871190,17.497175,9.998442,12.997797,27.246439,53.198389,48,04:45
illuminated,Saturday,5,300,left,19.581593,5.499297,0.999840,2.999488,11.748156,84.792383,48,05:00
illuminated,Saturday,5,300,right,27.747342,16.998352,8.699044,11.998125,27.498135,70.296035,48,05:00
illuminated,Saturday,5,315,left,14.998284,7.998611,1.999875,4.000986,13.499195,25.296177,48,05:15
illuminated,Saturday,5,315,right,25.789063,20.998550,7.698701,10.999212,28.498798,49.293331,48,05:15
illuminated,Saturday,5,330,left,32.809251,4.999906,0.999845,2.749042,19.997828,124.578742,48,05:30
illuminated,Saturday,5,330,right,54.181900,35.996079,14.998538,23.747131,50.493577,132.285826,48,05:30
illuminated,Saturday,5,345,left,16.186284,6.999856,1.699751,4.999482,12.497936,24.302288,48,05:45
illuminated,Saturday,5,345,right,42.829667,41.495887,11.998745,21.246318,55.497114,66.596456,48,05:45
illuminated,Saturday,5,360,left,15.707096,5.999772,1.999669,2.999775,11.997761,22.798715,48,06:00
illuminated,Saturday,5,360,right,45.890726,39.994605,14.399278,31.497510,51.245711,66.988356,48,06:00
illuminated,Saturday,5,375,left,13.373698,8.498562,2.999489,3.999299,16.500204,25.599241,48,06:15
illuminated,Saturday,5,375,right,48.869514,46.492282,29.795213,34.999738,55.241250,69.995361,48,06:15
illuminated,Saturday,5,390,left,19.643765,15.998283,2.999813,9.497375,23.246497,31.896520,48,06:30
illuminated,Saturday,5,390,right,61.534375,60.497023,43.198111,52.999676,70.491258,78.890605,48,06:30
illuminated,Saturday,5,405,left,15.894130,13.999146,3.399897,8.998466,22.997421,26.297655,48,06:45
illuminated,Saturday,5,405,right,59.430566,53.496540,40.995534,49.743563,65.989569,81.886191,48,06:45
illuminated,Saturday,5,420,left,17.351799,14.998245,4.699814,10.749129,23.496909,33.594259,48,07:00
illuminated,Saturday,5,420,right,56.222245,52.992048,41.684533,44.998128,64.496584,72.290093,48,07:00
illuminated,Saturday,5,435,left,16.206484,14.997575,4.699278,9.999076,22.248945,25.596704,48,07:15
illuminated,Saturday,5,435,right,58.160046,56.491900,43.692716,47.985225,65.494928,72.597552,48,07:15
illuminated,Saturday,5,450,left,16.956390,12.498408,3.999330,6.999616,20.747449,35.595217,48,07:30
illuminated,Saturday,5,450,right,67.221214,60.493113,40.997732,49.748100,74.237128,87.593792,48,07:30
illuminated,Saturday,5,465,left,18.497945,17.497484,1.999838,6.999413,26.249322,34.598142,48,07:45
illuminated,Saturday,5,465,right,68.492178,62.994986,41.693039,52.742034,70.998341,92.287517,48,07:45
illuminated,Saturday,5,480,left,15.748047,14.998029,2.999740,7.749306,23.996339,28.897667,48,08:00
illuminated,Saturday,5,480,right,72.075365,65.491521,51.697373,55.991723,79.237810,103.981286,48,08:00
illuminated,Saturday,5,495,left,24.185190,21.997581,9.698754,13.999418,31.994490,39.099078,48,08:15
illuminated,Saturday,5,495,right,75.534490,67.494082,48.700503,59.740747,82.986669,104.588151,48,08:15
illuminated,Saturday,5,510,left,26.060705,23.997727,11.999028,14.999528,34.994773,42.994882,48,08:30
illuminated,Saturday,5,510,right,90.369149,83.487931,55.994461,70.738212,103.995754,117.194990,48,08:30
illuminated,Saturday,5,525,left,27.788716,26.496988,13.399267,17.749915,33.247949,43.597586,48,08:45
illuminated,Saturday,5,525,right,90.782831,80.994770,49.693134,65.739562,103.994187,152.690132,48,08:45
illuminated,Saturday,5,540,left,24.253244,21.999610,12.998970,14.498649,30.999045,40.997803,47,09:00
illuminated,Saturday,5,540,right,89.610241,78.993529,55.794927,68.997686,95.496379,126.390590,47,09:00
illuminated,Saturday,5,555,left,25.144441,25.496972,8.395729,16.999459,33.996018,40.895851,48,09:15
illuminated,Saturday,5,555,right,95.077387,89.989338,62.700468,71.248675,104.233482,119.793226,48,09:15
illuminated,Saturday,5,570,left,25.497692,22.998917,11.999101,16.998977,32.247859,40.898532,48,09:30
illuminated,Saturday,5,570,right,98.887276,97.489574,62.797878,75.992420,105.984738,126.890920,48,09:30
illuminated,Saturday,5,585,left,26.476722,23.498893,11.698226,19.498904,31.247808,42.297164,48,09:45
illuminated,Saturday,5,585,right,99.178890,104.990314,58.596570,76.743461,126.240899,130.291892,48,09:45
illuminated,Saturday,5,600,left,23.415130,23.498136,8.699448,16.747624,31.495173,36.301897,48,10:00
illuminated,Saturday,5,600,right,92.805845,92.987753,50.096920,75.494637,105.993481,135.289607,48,10:00
illuminated,Saturday,5,615,left,25.455885,25.998529,10.399423,15.998269,33.248398,37.193978,48,10:15
illuminated,Saturday,5,615,right,105.845160,96.491580,66.999196,79.743611,121.010423,137.183693,48,10:15
illuminated,Saturday,5,630,left,26.830340,24.997682,11.995652,19.746712,34.246758,43.297497,48,10:30
illuminated,Saturday,5,630,right,113.881422,111.988035,72.293648,90.494853,130.746584,150.087497,48,10:30
illuminated,Saturday,5,645,left,27.163363,25.498195,11.997957,16.997950,34.247963,44.293714,48,10:45
illuminated,Saturday,5,645,right,102.422170,106.486906,55.186330,74.238884,124.225305,151.979614,48,10:45
illuminated,Saturday,5,660,left,27.767948,28.497366,10.698211,16.747233,37.248555,41.994566,48,11:00
illuminated,Saturday,5,660,right,103.239125,104.495560,64.693558,77.486963,127.495879,143.983209,48,11:00
illuminated,Saturday,5,675,left,27.852658,24.998776,7.998673,18.246927,36.243834,46.398752,48,11:15
illuminated,Saturday,5,675,right,105.116456,109.492361,67.189295,88.745765,124.490802,137.280703,48,11:15
illuminated,Saturday,5,690,left,27.996715,22.996331,11.699439,15.997322,39.247155,50.496819,48,11:30
illuminated,Saturday,5,690,right,96.941962,102.488655,53.996761,76.494981,122.180553,130.296540,48,11:30
illuminated,Saturday,5,705,left,25.956029,22.497085,11.398384,17.998388,34.247116,42.896421,48,11:45
illuminated,Saturday,5,705,right,90.844936,94.489514,40.195599,69.997120,110.984952,128.493274,48,11:45
illuminated,Saturday,5,720,left,25.559808,26.000346,10.698345,16.747780,33.247079,39.995547,48,12:00
illuminated,Saturday,5,720,right,92.760057,97.486533,48.291992,78.997926,112.482587,128.179877,48,12:00
illuminated,Saturday,5,735,left,26.809091,24.494484,11.998568,17.747189,32.245228,44.893464,48,12:15
illuminated,Saturday,5,735,right,107.861811,104.982974,75.094944,87.737042,129.986843,139.688656,48,12:15
illuminated,Saturday,5,750,left,28.704373,26.498853,13.698193,16.748731,32.248709,45.294646,48,12:30
illuminated,Saturday,5,750,right,97.946262,100.986292,49.292718,79.736954,121.244556,131.588684,48,12:30
illuminated,Saturday,5,765,left,30.267609,28.998739,14.994807,20.999099,40.243412,44.896351,48,12:45
illuminated,Saturday,5,765,right,104.008771,105.996201,72.694276,86.247083,118.984787,130.590946,48,12:45
illuminated,Saturday,5,780,left,30.995197,29.995112,12.397964,22.996023,38.747682,46.583984,48,13:00
illuminated,Saturday,5,780,right,96.778579,102.981397,51.798247,74.987904,116.985935,129.281257,48,13:00
illuminated,Saturday,5,795,left,33.766752,29.998441,15.397504,21.996451,41.494546,59.897861,48,13:15
illuminated,Saturday,5,795,right,95.674937,96.990205,48.197598,69.496615,120.230135,132.292483,48,13:15
illuminated,Saturday,5,810,left,35.579058,31.494898,16.698448,22.746241,48.995571,52.295908,48,13:30
illuminated,Saturday,5,810,right,100.320910,102.982909,53.697942,77.241034,128.986599,136.982712,48,13:30
illuminated,Saturday,5,825,left,29.766698,26.987217,14.999222,19.747029,38.244739,48.295465,48,13:45
illuminated,Saturday,5,825,right,96.506871,101.954873,48.497186,68.998377,115.482957,134.386578,48,13:45
illuminated,Saturday,5,840,left,29.272104,24.999347,7.600185,18.494581,36.997633,54.391768,47,14:00
illuminated,Saturday,5,840,right,94.984589,98.983016,44.593829,75.986677,119.491017,131.557759,47,14:00
illuminated,Saturday,5,855,left,28.662775,23.497023,11.997933,15.997919,36.995723,51.991023,48,14:15
illuminated,Saturday,5,855,right,97.156190,95.982951,53.794816,77.741959,118.987457,128.888234,48,14:15
illuminated,Saturday,5,870,left,30.371072,25.995542,7.998909,17.999180,40.992470,56.896467,48,14:30
illuminated,Saturday,5,870,right,96.841281,98.483130,52.792344,83.987724,111.234831,131.580267,48,14:30
illuminated,Saturday,5,885,left,30.600394,27.995726,12.999770,18.238785,38.495303,52.496392,48,14:45
illuminated,Saturday,5,885,right,93.383465,90.995952,59.091141,68.748452,114.231240,134.591018,48,14:45
illuminated,Saturday,5,900,left,29.121897,26.496329,9.698594,16.998564,39.245334,48.991729,48,15:00
illuminated,Saturday,5,900,right,101.697430,105.494617,61.313389,75.738566,121.985961,135.193356,48,15:00
illuminated,Saturday,5,915,left,30.455410,26.995436,14.697824,16.747168,40.496063,51.292999,48,15:15
illuminated,Saturday,5,915,right,101.114245,100.480902,63.689222,78.486371,124.478741,136.603673,48,15:15
illuminated,Saturday,5,930,left,31.099876,28.495934,12.699028,20.997339,36.246388,50.991455,48,15:30
illuminated,Saturday,5,930,right,95.923146,97.482915,54.191910,78.236114,115.980816,128.588497,48,15:30
illuminated,Saturday,5,945,left,28.933876,27.497148,12.997699,16.997819,35.993832,50.296171,48,15:45
illuminated,Saturday,5,945,right,94.717991,93.484796,58.389142,76.738606,115.237433,129.881570,48,15:45
illuminated,Saturday,5,960,left,30.224892,27.496447,11.399558,16.747412,39.247493,48.292710,48,16:00
illuminated,Saturday,5,960,right,95.821399,94.989174,61.989710,80.990206,114.004696,129.281095,48,16:00
illuminated,Saturday,5,975,left,30.789011,26.996106,14.697642,19.997576,38.997041,49.599359,48,16:15
illuminated,Saturday,5,975,right,92.889189,96.991863,51.093434,71.746276,113.980133,127.982812,48,16:15
illuminated,Saturday,5,990,left,30.100321,31.996634,16.697459,18.999115,35.244569,47.291796,48,16:30
illuminated,Saturday,5,990,right,90.863608,88.489326,62.997662,75.738301,107.981689,126.494414,48,16:30
illuminated,Saturday,5,1005,left,32.955280,29.995780,6.399134,21.497258,45.499722,59.898437,48,16:45
illuminated,Saturday,5,1005,right,89.240548,94.984030,44.398986,76.993245,111.730767,121.583387,48,16:45
illuminated,Saturday,5,1020,left,31.745815,30.999363,15.697486,23.746017,38.244761,50.593372,48,17:00
illuminated,Saturday,5,1020,right,90.778919,99.483829,47.392727,70.237872,120.231003,135.289751,48,17:00
illuminated,Saturday,5,1035,left,29.892437,31.496498,9.498633,21.497142,38.243647,46.293864,48,17:15
illuminated,Saturday,5,1035,right,83.469595,90.989939,35.095886,59.739686,111.984820,125.278607,48,17:15
illuminated,Saturday,5,1050,left,28.558524,26.996757,8.798546,19.498271,39.243167,51.597174,48,17:30
illuminated,Saturday,5,1050,right,84.031297,87.996271,19.398452,58.733212,108.733392,131.213286,48,17:30
illuminated,Saturday,5,1065,left,29.226047,29.995891,16.198550,22.496061,36.994240,43.796261,48,17:45
illuminated,Saturday,5,1065,right,89.594399,95.992217,37.096960,61.998128,113.480004,134.484370,48,17:45
illuminated,Saturday,5,1080,left,35.349726,37.998343,11.698126,22.497917,46.247194,60.191578,48,18:00
illuminated,Saturday,5,1080,right,91.280479,104.487079,33.504620,68.496113,123.758018,135.489382,48,18:00
illuminated,Saturday,5,1095,left,34.579345,33.994270,13.398282,24.999282,46.492576,55.291057,48,18:15
illuminated,Saturday,5,1095,right,81.282836,81.992673,32.896760,49.493939,117.981922,134.891657,48,18:15
illuminated,Saturday,5,1110,left,32.018118,30.499071,10.698330,21.999061,41.999633,55.992124,48,18:30
illuminated,Saturday,5,1110,right,75.097630,79.496566,36.697270,46.496688,98.498422,117.886167,48,18:30
illuminated,Saturday,5,1125,left,28.433913,29.995063,4.399663,17.997812,40.243461,48.596960,48,18:45
illuminated,Saturday,5,1125,right,78.281599,77.487166,24.698490,56.241977,106.486922,129.778232,48,18:45
illuminated,Saturday,5,1140,left,31.038374,33.495936,4.399263,19.747271,44.246148,48.598391,48,19:00
illuminated,Saturday,5,1140,right,87.637154,89.488549,42.093963,62.498100,110.240415,140.286101,48,19:00
illuminated,Saturday,5,1155,left,28.290057,29.022028,6.899035,16.747521,39.994629,46.798693,48,19:15
illuminated,Saturday,5,1155,right,89.097349,85.485691,44.098849,59.995878,116.248423,135.089545,48,19:15
illuminated,Saturday,5,1170,left,29.309081,29.999611,4.699173,18.497839,38.998517,47.994897,48,19:30
illuminated,Saturday,5,1170,right,71.033735,71.477783,33.395159,58.748078,86.498520,116.288042,48,19:30
illuminated,Saturday,5,1185,left,23.206494,19.498990,4.399713,12.002034,30.995147,46.397885,48,19:45
illuminated,Saturday,5,1185,right,66.515228,69.491403,32.997090,55.497863,84.246205,99.992198,48,19:45
illuminated,Saturday,5,1200,left,13.831903,12.998211,3.399520,7.749024,19.249119,24.297039,48,20:00
illuminated,Saturday,5,1200,right,56.681221,60.994706,19.698323,36.744674,73.987754,96.185085,48,20:00
illuminated,Saturday,5,1215,left,19.295901,14.999634,2.599642,7.999006,25.995537,31.397443,47,20:15
illuminated,Saturday,5,1215,right,60.398002,61.989080,16.598379,26.000562,85.985371,114.385764,47,20:15
illuminated,Saturday,5,1230,left,18.581282,14.997451,3.999728,9.998480,25.995947,35.198856,48,20:30
illuminated,Saturday,5,1230,right,52.389919,47.493421,22.396305,31.498861,74.237709,87.296113,48,20:30
illuminated,Saturday,5,1245,left,21.706486,7.498683,1.999792,3.999924,23.496605,38.794049,48,20:45
illuminated,Saturday,5,1245,right,44.307928,41.492833,7.699001,23.746078,59.239870,83.095816,48,20:45
illuminated,Saturday,5,1260,left,9.956977,7.999450,1.699702,4.999323,12.997864,16.997592,48,21:00
illuminated,Saturday,5,1260,right,33.141610,34.995485,11.397975,18.748747,43.246617,48.593920,48,21:00
illuminated,Saturday,5,1275,left,23.851909,10.997406,3.399227,4.999548,14.249235,32.600505,48,21:15
illuminated,Saturday,5,1275,right,44.891403,32.496364,16.397512,22.748465,48.988259,76.497949,48,21:15
illuminated,Saturday,5,1290,left,19.705736,8.499368,1.999769,3.999890,16.249496,53.876591,48,21:30
illuminated,Saturday,5,1290,right,44.599989,40.495912,14.497836,25.998576,52.493837,80.492689,48,21:30
illuminated,Saturday,5,1305,left,14.019560,8.999378,1.999971,5.999192,13.250646,22.899098,48,21:45
illuminated,Saturday,5,1305,right,38.412822,37.998364,10.499077,20.999243,51.245161,65.489677,48,21:45
illuminated,Saturday,5,1320,left,28.622276,10.499809,2.699671,5.999378,28.248400,63.196010,48,22:00
illuminated,Saturday,5,1320,right,43.266828,34.498568,16.397423,23.996561,51.745205,67.296288,48,22:00
illuminated,Saturday,5,1335,left,34.205548,13.998972,4.698258,5.999856,30.995197,88.293116,48,22:15
illuminated,Saturday,5,1335,right,49.120845,37.997422,17.698409,24.747389,65.247345,89.489568,48,22:15
illuminated,Saturday,5,1350,left,33.726752,10.000050,3.999687,6.499519,25.495617,109.193931,47,22:30
illuminated,Saturday,5,1350,right,50.832074,32.995967,12.198768,23.999164,55.497717,125.631894,47,22:30
illuminated,Saturday,5,1365,left,27.102390,8.999084,3.999205,5.999526,25.758109,76.795010,48,22:45
illuminated,Saturday,5,1365,right,42.621848,30.499216,15.697927,22.748920,43.745676,83.696978,48,22:45
illuminated,Saturday,5,1380,left,22.581428,8.499361,2.999926,5.999886,16.499100,37.897210,48,23:00
illuminated,Saturday,5,1380,right,33.122092,24.997820,10.999466,15.748142,34.249387,47.993741,48,23:00
illuminated,Saturday,5,1395,left,25.351311,10.999387,3.399740,6.749312,24.498651,69.092451,48,23:15
illuminated,Saturday,5,1395,right,36.350211,24.998866,12.398442,17.997498,39.494919,74.190338,48,23:15
illuminated,Saturday,5,1410,left,15.852881,9.499141,1.999922,4.999131,17.247612,43.198249,48,23:30
illuminated,Saturday,5,1410,right,26.268798,19.498577,9.498390,14.998725,36.997440,48.593553,48,23:30
illuminated,Saturday,5,1425,left,17.352217,8.997918,1.699787,5.999362,14.248918,24.999197,48,23:45
illuminated,Saturday,5,1425,right,26.663864,18.999037,8.398915,11.999474,27.248634,57.590619,48,23:45
illuminated,Sunday,6,0,left,19.722560,8.999865,1.999859,4.999174,15.499044,60.996503,51,00:00
illuminated,Sunday,6,0,right,26.877952,18.998739,5.999526,11.498494,29.498667,64.996273,51,00:00
illuminated,Sunday,6,15,left,26.055582,7.998576,1.999671,3.999673,20.496457,68.987882,51,00:15
illuminated,Sunday,6,15,right,29.624092,16.999611,6.998758,13.498615,28.995806,60.991114,51,00:15
illuminated,Sunday,6,30,left,16.017476,5.999898,1.999928,3.999721,12.498431,23.998899,51,00:30
illuminated,Sunday,6,30,right,20.173836,14.997337,4.999163,10.998065,21.497393,28.995113,51,00:30
illuminated,Sunday,6,45,left,14.195135,5.999000,0.999835,3.999337,12.998807,35.993865,51,00:45
illuminated,Sunday,6,45,right,18.626208,10.998931,3.999848,7.998624,19.496767,43.000023,51,00:45
illuminated,Sunday,6,60,left,25.958374,6.999244,0.999836,2.999575,17.497743,73.986727,51,01:00
illuminated,Sunday,6,60,right,28.135153,12.997859,3.999935,7.499241,29.495099,102.991369,51,01:00
illuminated,Sunday,6,75,left,22.664708,5.998955,1.999654,2.999515,15.997254,40.995546,51,01:15
illuminated,Sunday,6,75,right,23.292130,10.999031,4.999140,7.002051,19.998956,57.998599,51,01:15
illuminated,Sunday,6,90,left,36.544650,7.998625,1.999683,4.499471,38.496985,132.961426,51,01:30
illuminated,Sunday,6,90,right,32.956938,15.997236,1.999699,6.999022,36.507045,99.999302,51,01:30
illuminated,Sunday,6,105,left,28.506334,5.998949,0.000000,2.999537,26.995619,96.985271,51,01:45
illuminated,Sunday,6,105,right,27.133787,10.997976,3.999300,6.999247,28.997267,97.997493,51,01:45
illuminated,Sunday,6,120,left,11.118376,3.999348,0.899831,1.999731,8.747141,28.198122,50,02:00
illuminated,Sunday,6,120,right,14.717938,9.998313,0.999973,6.249487,13.999062,31.091846,50,02:00
illuminated,Sunday,6,135,left,14.959039,3.999336,0.000000,1.999285,6.999891,18.996869,51,02:15
illuminated,Sunday,6,135,right,17.056688,8.999558,2.999524,5.998976,14.997430,16.999710,51,02:15
illuminated,Sunday,6,150,left,11.410792,4.999141,0.999830,1.999669,7.496809,15.999139,51,02:30
illuminated,Sunday,6,150,right,15.390640,7.999190,2.999626,5.499088,12.498609,15.998922,51,02:30
illuminated,Sunday,6,165,left,6.057934,2.999622,0.000000,0.999871,5.499566,8.998457,51,02:45
illuminated,Sunday,6,165,right,9.586800,6.998835,1.999800,3.999667,11.998271,14.999013,51,02:45
illuminated,Sunday,6,180,left,4.744502,2.999658,0.000000,0.999962,4.999229,8.998557,51,03:00
illuminated,Sunday,6,180,right,9.763483,7.998653,0.999956,3.999646,11.498611,13.999856,51,03:00
illuminated,Sunday,6,195,left,5.783913,1.999870,0.000000,0.999851,4.999431,8.999852,51,03:15
illuminated,Sunday,6,195,right,10.842063,6.999441,2.999394,4.999463,10.998677,16.997239,51,03:15
illuminated,Sunday,6,210,left,17.879350,1.999666,0.000000,0.999828,3.999544,18.996891,51,03:30
illuminated,Sunday,6,210,right,19.879384,10.998211,1.999673,5.999568,13.998528,29.995091,51,03:30
illuminated,Sunday,6,225,left,5.391359,1.999875,0.000000,0.999824,3.999784,4.999918,51,03:45
illuminated,Sunday,6,225,right,9.939895,7.999388,2.999796,4.999720,12.998468,15.000165,51,03:45
illuminated,Sunday,6,240,left,5.665848,2.999486,0.000000,0.999838,4.999244,6.998862,51,04:00
illuminated,Sunday,6,240,right,10.822146,7.998888,1.999862,4.999095,12.999170,15.998221,51,04:00
illuminated,Sunday,6,255,left,7.371191,1.999920,0.000000,0.499914,4.999678,8.999731,51,04:15
illuminated,Sunday,6,255,right,13.037277,9.999368,2.999465,5.999738,12.997688,15.999448,51,04:15
illuminated,Sunday,6,270,left,11.194073,2.999458,0.000000,0.000000,5.999481,13.997569,51,04:30
illuminated,Sunday,6,270,right,18.075620,8.998446,3.999880,5.999195,15.497304,26.995335,51,04:30
illuminated,Sunday,6,285,left,12.547179,1.999672,0.000000,0.999853,4.999188,47.997756,51,04:45
illuminated,Sunday,6,285,right,18.232890,10.998750,2.999491,5.999494,15.497852,51.991484,51,04:45
illuminated,Sunday,6,300,left,20.174022,2.999943,0.000000,1.000359,5.499460,71.987481,51,05:00
illuminated,Sunday,6,300,right,21.389875,11.999893,3.999993,5.999057,18.996897,66.988084,51,05:00
illuminated,Sunday,6,315,left,13.782761,1.999986,0.000000,0.999846,8.498541,44.995086,51,05:15
illuminated,Sunday,6,315,right,23.761803,14.997406,4.999151,10.499243,24.995847,52.997152,51,05:15
illuminated,Sunday,6,330,left,27.271425,3.999946,0.000000,1.999729,9.498980,97.982556,51,05:30
illuminated,Sunday,6,330,right,35.682332,23.996048,8.998397,13.997720,34.996016,87.984396,51,05:30
illuminated,Sunday,6,345,left,13.115787,3.999419,0.000000,0.999945,11.499549,23.996373,51,05:45
illuminated,Sunday,6,345,right,30.918012,30.994484,9.999371,14.998199,41.998560,48.997401,51,05:45
illuminated,Sunday,6,360,left,10.587356,4.999370,0.000000,1.999871,10.498986,14.999234,51,06:00
illuminated,Sunday,6,360,right,31.054986,31.994242,8.998465,14.998063,41.994898,55.998975,51,06:00
illuminated,Sunday,6,375,left,13.528069,5.999644,0.999833,2.499677,11.998023,19.999485,51,06:15
illuminated,Sunday,6,375,right,41.995337,43.992253,16.998636,31.999102,50.492601,67.988168,51,06:15
illuminated,Sunday,6,390,left,12.233814,10.999161,0.999916,6.999046,16.498279,22.997262,51,06:30
illuminated,Sunday,6,390,right,51.072378,52.996915,28.997555,42.494331,64.990630,73.987258,51,06:30
illuminated,Sunday,6,405,left,12.233815,11.997989,1.999649,4.499570,16.997106,24.997882,51,06:45
illuminated,Sunday,6,405,right,51.993437,53.999372,35.998765,43.992524,62.989089,69.987635,51,06:45
illuminated,Sunday,6,420,left,11.959316,11.998563,0.999984,5.499044,17.997777,21.998357,51,07:00
illuminated,Sunday,6,420,right,41.347870,42.993338,30.998104,34.996583,48.491126,56.989976,51,07:00
illuminated,Sunday,6,435,left,14.076800,9.999914,0.999976,6.499227,17.996419,26.998134,51,07:15
illuminated,Sunday,6,435,right,42.877563,44.992255,30.989229,36.997987,51.495741,56.996443,51,07:15
illuminated,Sunday,6,450,left,10.116408,7.999448,0.000000,3.999619,13.998192,21.996103,51,07:30
illuminated,Sunday,6,450,right,46.778966,48.991545,24.995789,42.993462,53.991126,60.999856,51,07:30
illuminated,Sunday,6,465,left,11.332073,8.998973,2.000001,4.999195,16.998711,22.996958,51,07:45
illuminated,Sunday,6,465,right,45.994639,47.992648,35.995153,39.997600,55.490960,63.990178,51,07:45
illuminated,Sunday,6,480,left,11.469238,10.998235,2.999954,5.999494,16.999399,18.998381,51,08:00
illuminated,Sunday,6,480,right,46.739769,45.999764,29.995147,39.498071,58.992801,65.982037,51,08:00
illuminated,Sunday,6,495,left,16.429788,13.999330,3.999747,8.999134,22.497495,32.999796,51,08:15
illuminated,Sunday,6,495,right,52.211112,53.997737,35.995246,43.996549,63.493944,69.996234,51,08:15
illuminated,Sunday,6,510,left,17.194720,15.000001,0.999982,9.499271,22.999762,33.999063,51,08:30
illuminated,Sunday,6,510,right,58.504862,59.989473,44.997812,49.995572,67.992092,76.994536,51,08:30
illuminated,Sunday,6,525,left,18.527932,17.998727,2.999879,10.499414,25.998237,32.999326,51,08:45
illuminated,Sunday,6,525,right,63.917113,60.993809,35.997902,47.498664,76.995160,82.994074,51,08:45
illuminated,Sunday,6,540,left,17.135948,15.999059,1.999891,7.999369,23.998905,30.997962,51,09:00
illuminated,Sunday,6,540,right,66.838916,64.994774,29.999083,51.496673,77.497823,92.992229,51,09:00
illuminated,Sunday,6,555,left,20.664740,22.998802,3.999400,12.496929,25.494035,33.997089,51,09:15
illuminated,Sunday,6,555,right,69.777421,71.970890,44.994548,53.997305,83.997522,91.992123,51,09:15
illuminated,Sunday,6,570,left,21.350736,20.998062,4.999943,10.499260,30.496563,35.998339,51,09:30
illuminated,Sunday,6,570,right,78.698880,79.986596,59.962326,63.493243,96.492054,108.980137,51,09:30
illuminated,Sunday,6,585,left,21.979005,21.998442,4.999223,12.498642,32.498198,36.997069,51,09:45
illuminated,Sunday,6,585,right,94.621824,87.983959,52.989762,73.487256,108.499646,137.976928,51,09:45
illuminated,Sunday,6,600,left,21.802290,21.999092,7.998692,11.998825,29.997498,33.996559,51,10:00
illuminated,Sunday,6,600,right,94.738230,88.987601,63.999656,76.994682,106.985164,140.993522,51,10:00
illuminated,Sunday,6,615,left,23.214890,22.998252,3.999696,14.498895,31.499241,40.999623,51,10:15
illuminated,Sunday,6,615,right,88.406168,86.994985,54.999667,69.498716,106.986981,125.990316,51,10:15
illuminated,Sunday,6,630,left,23.546571,22.996141,6.998740,12.998602,30.996042,40.992796,51,10:30
illuminated,Sunday,6,630,right,99.892013,95.983876,63.988754,81.990289,116.485513,142.976009,51,10:30
illuminated,Sunday,6,645,left,24.782050,25.996046,7.998700,12.998193,31.996989,44.992717,51,10:45
illuminated,Sunday,6,645,right,110.440217,107.988587,66.000061,87.984054,132.487804,170.988513,51,10:45
illuminated,Sunday,6,660,left,24.880813,22.999493,4.999826,12.998282,36.495777,43.996217,51,11:00
illuminated,Sunday,6,660,right,100.168438,107.994395,51.991513,78.995671,121.982599,138.981065,51,11:00
illuminated,Sunday,6,675,left,26.017071,24.999751,2.999955,16.497281,35.998796,45.997770,51,11:15
illuminated,Sunday,6,675,right,102.870834,103.981937,61.989751,86.996493,124.481114,135.977458,51,11:15
illuminated,Sunday,6,690,left,26.035594,26.995407,7.999271,15.497465,34.495082,42.996619,51,11:30
illuminated,Sunday,6,690,right,92.164239,102.996562,36.999664,60.995134,123.979787,132.989425,51,11:30
illuminated,Sunday,6,705,left,23.644820,24.995867,6.999623,15.998465,29.994777,38.997438,51,11:45
illuminated,Sunday,6,705,right,91.422108,97.998004,38.997785,65.993564,114.990267,144.974849,51,11:45
illuminated,Sunday,6,720,left,25.681919,26.999101,3.999914,13.498424,35.497779,43.992836,51,12:00
illuminated,Sunday,6,720,right,87.456059,91.994978,45.992417,63.983590,112.489671,126.979366,51,12:00
illuminated,Sunday,6,735,left,22.429587,20.999383,3.999540,10.999580,30.995068,36.999511,51,12:15
illuminated,Sunday,6,735,right,80.013178,80.993405,49.991417,62.994260,102.492262,115.993829,51,12:15
illuminated,Sunday,6,750,left,24.938700,20.999353,8.999657,15.001050,30.997096,36.993702,51,12:30
illuminated,Sunday,6,750,right,82.618173,84.997752,37.993646,57.994851,109.982932,130.988239,51,12:30
illuminated,Sunday,6,765,left,24.428490,21.998266,8.999375,13.999426,29.496789,39.995322,51,12:45
illuminated,Sunday,6,765,right,76.108203,76.988339,33.997639,48.992191,102.987307,118.986082,51,12:45
illuminated,Sunday,6,780,left,26.154124,25.996124,10.998723,18.497106,33.996547,42.996994,51,13:00
illuminated,Sunday,6,780,right,76.619232,81.990271,36.994626,56.007689,100.987348,114.996558,51,13:00
illuminated,Sunday,6,795,left,24.134832,23.988264,7.998784,16.497160,33.498113,36.998480,51,13:15
illuminated,Sunday,6,795,right,74.795488,69.993090,39.997053,54.493192,104.482230,111.993081,51,13:15
illuminated,Sunday,6,810,left,26.763362,24.995867,8.999182,15.497846,37.996683,46.994718,51,13:30
illuminated,Sunday,6,810,right,75.796413,73.990659,34.994468,54.992098,104.483012,112.987746,51,13:30
illuminated,Sunday,6,825,left,24.644044,25.996738,5.999649,15.497858,31.496151,38.993588,51,13:45
illuminated,Sunday,6,825,right,76.069053,76.986818,36.997838,60.990815,97.987008,115.981472,51,13:45
illuminated,Sunday,6,840,left,24.938346,25.995530,2.999922,12.497871,34.496530,41.992814,51,14:00
illuminated,Sunday,6,840,right,72.165872,69.994579,36.993846,51.996637,95.487797,106.989274,51,14:00
illuminated,Sunday,6,855,left,25.350958,24.997064,3.999714,14.498703,33.497124,44.992747,51,14:15
illuminated,Sunday,6,855,right,71.522279,78.997590,38.992803,50.992854,93.489683,106.981016,51,14:15
illuminated,Sunday,6,870,left,26.722831,26.990010,0.000000,14.497995,36.496176,44.994012,51,14:30
illuminated,Sunday,6,870,right,70.777670,72.987777,0.000000,52.493267,93.997415,115.999346,51,14:30
illuminated,Sunday,6,885,left,27.565016,27.998849,0.000000,19.997993,34.495884,45.993905,51,14:45
illuminated,Sunday,6,885,right,75.343735,81.986430,0.000000,55.995475,96.992813,116.981587,51,14:45
illuminated,Sunday,6,900,left,25.841236,27.993259,0.000000,17.497698,32.996170,39.994438,51,15:00
illuminated,Sunday,6,900,right,74.680334,82.987758,0.000000,58.494684,100.487197,112.980012,51,15:00
illuminated,Sunday,6,915,left,25.625077,26.995762,0.000000,16.498359,32.998188,37.998883,51,15:15
illuminated,Sunday,6,915,right,71.759283,71.998709,0.000000,54.991148,96.489140,113.979916,51,15:15
illuminated,Sunday,6,930,left,26.330941,24.998574,0.000000,18.997175,32.495002,47.998878,51,15:30
illuminated,Sunday,6,930,right,72.954535,78.993810,0.000000,47.495658,103.495485,117.992442,51,15:30
illuminated,Sunday,6,945,left,28.369720,28.999682,0.000000,18.498859,36.495377,42.998718,51,15:45
illuminated,Sunday,6,945,right,71.131184,70.998730,0.000000,50.995138,95.999161,112.985960,51,15:45
illuminated,Sunday,6,960,left,29.310781,31.999597,0.000000,20.497776,40.495874,46.997754,51,16:00
illuminated,Sunday,6,960,right,76.365494,83.984803,0.000000,50.495404,105.987687,116.982182,51,16:00
illuminated,Sunday,6,975,left,30.251997,30.998049,0.000000,19.998354,39.495753,48.995786,51,16:15
illuminated,Sunday,6,975,right,70.306362,72.998777,0.000000,55.498809,97.987402,105.982147,51,16:15
illuminated,Sunday,6,990,left,30.133184,30.998648,0.000000,20.997931,40.496245,47.988759,51,16:30
illuminated,Sunday,6,990,right,69.536841,72.982904,0.000000,54.992177,94.469486,114.993999,51,16:30
illuminated,Sunday,6,1005,left,29.428528,27.999372,0.000000,15.999806,39.994614,53.999382,51,16:45
illuminated,Sunday,6,1005,right,68.111624,73.998896,0.000000,57.493242,84.496154,106.984114,51,16:45
illuminated,Sunday,6,1020,left,31.389283,31.999804,0.000000,21.497900,41.497289,51.992073,51,17:00
illuminated,Sunday,6,1020,right,71.443954,74.988161,0.000000,57.494644,96.990814,106.997483,51,17:00
illuminated,Sunday,6,1035,left,31.467144,30.994775,0.000000,19.497396,42.993163,52.993370,51,17:15
illuminated,Sunday,6,1035,right,65.051503,71.987897,0.000000,39.996988,87.985910,101.984145,51,17:15
illuminated,Sunday,6,1050,left,29.408846,28.995359,0.000000,22.497375,36.995811,47.999102,51,17:30
illuminated,Sunday,6,1050,right,66.013188,72.994361,0.000000,40.998158,88.489412,106.992204,51,17:30
illuminated,Sunday,6,1065,left,32.799909,26.995508,0.000000,21.496688,42.506389,59.993617,51,17:45
illuminated,Sunday,6,1065,right,64.521772,67.999055,0.000000,45.493967,90.987481,99.933413,51,17:45
illuminated,Sunday,6,1080,left,30.545668,31.997426,0.000000,20.497960,41.497668,52.998827,51,18:00
illuminated,Sunday,6,1080,right,66.483220,65.988934,0.000000,45.993606,84.990171,107.980951,51,18:00
illuminated,Sunday,6,1095,left,30.173308,32.996910,0.000000,19.999578,42.494424,53.990481,51,18:15
illuminated,Sunday,6,1095,right,62.915041,63.989305,0.000000,48.991769,83.492137,102.991297,51,18:15
illuminated,Sunday,6,1110,left,30.742351,31.998965,0.000000,17.998848,41.997900,50.997857,51,18:30
illuminated,Sunday,6,1110,right,65.582401,74.991084,0.000000,49.501727,86.493201,98.994935,51,18:30
illuminated,Sunday,6,1125,left,27.154560,24.998829,0.000000,15.999047,37.496433,48.997901,51,18:45
illuminated,Sunday,6,1125,right,62.190386,65.994905,0.000000,46.995244,82.992145,93.986469,51,18:45
illuminated,Sunday,6,1140,left,27.723197,30.998309,0.000000,16.498309,38.994874,44.999714,51,19:00
illuminated,Sunday,6,1140,right,61.132191,63.989363,0.000000,48.994905,81.493537,97.969385,51,19:00
illuminated,Sunday,6,1155,left,26.546385,27.995173,0.000000,15.499160,36.495214,49.991681,51,19:15
illuminated,Sunday,6,1155,right,58.660848,64.988678,0.000000,41.996323,77.496294,90.984783,51,19:15
illuminated,Sunday,6,1170,left,25.801407,22.999233,0.000000,13.998234,32.994700,47.996420,51,19:30
illuminated,Sunday,6,1170,right,62.150203,67.988287,0.000000,53.993164,79.989581,88.992258,51,19:30
illuminated,Sunday,6,1185,left,23.820869,20.997584,0.000000,12.497801,29.495102,48.004554,51,19:45
illuminated,Sunday,6,1185,right,57.071430,65.994930,0.000000,43.994608,72.489354,81.993805,51,19:45
illuminated,Sunday,6,1200,left,26.330358,15.998951,0.000000,8.499091,31.496107,56.998758,51,20:00
illuminated,Sunday,6,1200,right,62.600574,67.988593,0.000000,43.498170,81.991909,97.991207,51,20:00
illuminated,Sunday,6,1215,left,18.508337,11.998964,0.000000,6.499339,21.998523,46.998279,51,20:15
illuminated,Sunday,6,1215,right,56.445352,55.990145,0.000000,30.996322,78.490848,90.997103,51,20:15
illuminated,Sunday,6,1230,left,13.507940,8.999828,0.000000,3.999898,19.999378,28.985495,51,20:30
illuminated,Sunday,6,1230,right,42.327923,42.998234,0.000000,20.998886,60.989852,72.996384,51,20:30
illuminated,Sunday,6,1245,left,22.386379,6.998790,0.000000,2.999713,15.998166,44.998842,51,20:45
illuminated,Sunday,6,1245,right,38.601249,31.994128,0.000000,17.999153,48.496675,71.990982,51,20:45
illuminated,Sunday,6,1260,left,16.311855,5.999613,0.000000,2.499568,9.999256,16.998351,51,21:00
illuminated,Sunday,6,1260,right,31.114465,26.995219,0.000000,15.997962,36.493754,63.993239,51,21:00
illuminated,Sunday,6,1275,left,28.291611,7.999051,0.000000,4.499584,14.498990,94.984092,51,21:15
illuminated,Sunday,6,1275,right,44.741144,29.997499,0.000000,18.498319,42.997594,91.984594,51,21:15
illuminated,Sunday,6,1290,left,12.958630,5.999817,0.000000,3.999806,14.498391,28.994994,51,21:30
illuminated,Sunday,6,1290,right,33.368083,28.997828,0.000000,20.498665,47.486113,57.949643,51,21:30
illuminated,Sunday,6,1305,left,15.860747,8.999237,0.000000,3.999050,12.999100,38.999106,51,21:45
illuminated,Sunday,6,1305,right,33.780612,29.997425,0.000000,20.494695,42.498420,54.990466,51,21:45
illuminated,Sunday,6,1320,left,20.272487,8.999148,0.000000,3.499893,16.499463,60.981715,51,22:00
illuminated,Sunday,6,1320,right,32.859453,27.998110,0.000000,16.998558,39.498575,62.988643,51,22:00
illuminated,Sunday,6,1335,left,23.056675,9.999412,2.999507,5.999581,21.498209,85.984822,51,22:15
illuminated,Sunday,6,1335,right,41.701913,32.998988,11.998961,19.999625,50.998909,84.988199,51,22:15
illuminated,Sunday,6,1350,left,15.371575,5.999452,1.999912,3.999513,11.999420,29.999769,51,22:30
illuminated,Sunday,6,1350,right,29.998104,24.997795,8.999178,16.499158,35.498267,42.996100,51,22:30
illuminated,Sunday,6,1365,left,20.095915,7.999794,0.999990,3.999856,19.498825,47.996896,51,22:45
illuminated,Sunday,6,1365,right,32.211169,21.998136,5.999549,12.999412,34.998599,70.994054,51,22:45
illuminated,Sunday,6,1380,left,18.823235,7.999676,1.999830,3.999739,13.999120,42.998985,51,23:00
illuminated,Sunday,6,1380,right,29.018357,20.999269,4.999874,11.998766,31.998515,71.998521,51,23:00
illuminated,Sunday,6,1395,left,27.880292,9.999300,0.999956,3.499777,30.498030,81.994135,51,23:15
illuminated,Sunday,6,1395,right,33.350712,18.999136,6.999464,11.499687,36.997195,76.993531,51,23:15
illuminated,Sunday,6,1410,left,19.115921,5.999952,0.999968,3.500542,14.500734,64.988926,51,23:30
illuminated,Sunday,6,1410,right,24.213798,14.997852,4.999768,7.999509,25.497718,41.996046,51,23:30
illuminated,Sunday,6,1425,left,19.704645,5.999829,0.999837,2.999771,16.498640,39.995754,51,23:45
illuminated,Sunday,6,1425,right,21.606222,14.997948,4.999613,7.999592,20.998326,43.996758,51,23:45
pre_lights,Monday,0,0,left,9.332688,7.999390,2.999748,3.999786,11.999462,18.999897,81,00:00
pre_lights,Monday,0,0,right,12.999126,12.997799,6.998515,8.999906,15.998387,18.998710,81,00:00
pre_lights,Monday,0,15,left,9.159873,6.999415,2.999761,4.999174,11.998936,17.007547,81,00:15
pre_lights,Monday,0,15,right,13.060740,11.999010,5.999502,7.999334,17.997674,23.995886,81,00:15
pre_lights,Monday,0,30,left,6.246305,4.999928,0.999984,2.999695,7.999656,11.998907,81,00:30
pre_lights,Monday,0,30,right,10.912374,10.982150,4.999138,5.999043,14.998623,17.999789,81,00:30
pre_lights,Monday,0,45,left,8.209139,5.999952,1.999918,2.999947,9.999907,17.997069,81,00:45
pre_lights,Monday,0,45,right,11.073119,10.998703,3.999655,6.999832,13.999206,17.997010,81,00:45
pre_lights,Monday,0,60,left,5.752532,3.999846,0.999834,1.999678,7.999680,10.999814,81,01:00
pre_lights,Monday,0,60,right,10.468152,8.999374,3.999633,5.999536,12.999004,18.998193,81,01:00
pre_lights,Monday,0,75,left,6.258602,4.999182,0.999929,2.999474,8.999640,11.999358,81,01:15
pre_lights,Monday,0,75,right,10.073003,8.999412,1.999862,4.999182,12.999524,20.997392,81,01:15
pre_lights,Monday,0,90,left,6.085710,4.999346,0.999830,1.999676,8.998534,13.997671,81,01:30
pre_lights,Monday,0,90,right,9.319733,8.998503,2.999099,5.998945,12.997882,15.998406,81,01:30
pre_lights,Monday,0,105,left,5.740111,3.999293,0.999824,1.999658,6.998856,13.997572,81,01:45
pre_lights,Monday,0,105,right,11.295123,9.998907,3.999323,6.998859,14.998998,18.996839,81,01:45
pre_lights,Monday,0,120,left,5.196903,3.999296,0.000000,1.999657,6.998814,11.999365,81,02:00
pre_lights,Monday,0,120,right,11.109706,10.998065,2.999860,6.998764,13.999361,19.996534,81,02:00
pre_lights,Monday,0,135,left,5.431354,3.999634,0.000000,1.000014,7.998957,11.999841,81,02:15
pre_lights,Monday,0,135,right,9.468260,7.999488,3.999709,5.998965,10.999162,16.997019,81,02:15
pre_lights,Monday,0,150,left,6.899149,5.999035,0.999833,2.999506,9.998250,14.098863,80,02:30
pre_lights,Monday,0,150,right,10.898657,8.999085,3.999367,5.999742,13.999386,19.997020,80,02:30
pre_lights,Monday,0,165,left,5.641318,3.999719,0.000000,1.999657,7.998677,12.999895,81,02:45
pre_lights,Monday,0,165,right,12.196093,10.999607,4.999105,7.998593,15.997446,20.997676,81,02:45
pre_lights,Monday,0,180,left,5.480734,4.999181,0.999835,1.999658,7.999858,10.998090,81,03:00
pre_lights,Monday,0,180,right,12.998470,11.997919,4.999081,7.998622,15.999772,23.996245,81,03:00
pre_lights,Monday,0,195,left,5.875871,4.999133,0.000000,0.999916,8.998546,12.997912,81,03:15
pre_lights,Monday,0,195,right,15.775762,12.999443,6.999410,9.999814,18.997617,25.995800,81,03:15
pre_lights,Monday,0,210,left,6.678182,5.999766,0.999913,3.999310,8.998488,11.998008,81,03:30
pre_lights,Monday,0,210,right,19.108761,16.997051,8.998874,11.999532,23.995678,30.998159,81,03:30
pre_lights,Monday,0,225,left,6.900190,5.999635,0.999978,2.999907,8.999567,11.999389,81,03:45
pre_lights,Monday,0,225,right,22.292673,19.998802,11.998815,14.998645,25.995852,33.000555,81,03:45
pre_lights,Monday,0,240,left,7.171836,5.999517,0.999829,2.999473,9.999492,13.997836,81,04:00
pre_lights,Monday,0,240,right,21.935358,21.999451,11.997982,17.996949,26.995754,29.994885,81,04:00
pre_lights,Monday,0,255,left,7.060693,5.998942,1.999634,3.999269,9.998211,14.997315,81,04:15
pre_lights,Monday,0,255,right,31.773176,30.992681,18.996724,23.995902,39.998353,44.993660,81,04:15
pre_lights,Monday,0,270,left,10.850099,7.998479,0.999856,2.999949,12.997615,16.995542,81,04:30
pre_lights,Monday,0,270,right,42.672850,42.992511,19.997073,31.994159,52.991313,68.000209,81,04:30
pre_lights,Monday,0,285,left,9.789237,8.998866,1.999639,3.999815,14.998133,17.996917,81,04:45
pre_lights,Monday,0,285,right,52.968780,54.990661,30.994411,40.012416,62.970321,75.987237,81,04:45
pre_lights,Monday,0,300,left,10.109724,7.999114,2.999514,5.998931,12.997991,18.996872,81,05:00
pre_lights,Monday,0,300,right,63.608833,64.988724,35.993278,51.991479,75.987037,91.985942,81,05:00
pre_lights,Monday,0,315,left,10.109917,8.998468,1.999678,4.999192,13.997628,20.996399,81,05:15
pre_lights,Monday,0,315,right,73.744442,78.997369,43.998366,63.988159,89.997381,97.996898,81,05:15
pre_lights,Monday,0,330,left,11.282523,9.998241,3.999351,6.998867,14.997485,21.995934,81,05:30
pre_lights,Monday,0,330,right,80.743221,84.985084,49.991882,70.987992,95.994312,104.997095,81,05:30
pre_lights,Monday,0,345,left,12.541593,10.999226,3.999327,6.998813,17.997294,21.997937,81,05:45
pre_lights,Monday,0,345,right,84.827494,90.995320,49.990955,76.990384,98.982312,108.981642,81,05:45
pre_lights,Monday,0,360,left,14.824878,12.997640,4.999476,7.998635,19.996697,26.995389,81,06:00
pre_lights,Monday,0,360,right,84.309093,85.988188,54.995774,70.993446,97.983317,107.988683,81,06:00
pre_lights,Monday,0,375,left,16.898711,15.997541,6.000091,10.998051,20.998469,27.995667,81,06:15
pre_lights,Monday,0,375,right,86.185206,83.989169,55.990167,68.993113,99.989073,113.996333,81,06:15
pre_lights,Monday,0,390,left,19.565245,15.999730,6.999874,9.999893,25.998462,36.993521,81,06:30
pre_lights,Monday,0,390,right,87.097519,84.986718,54.993915,67.986553,99.982985,125.984319,81,06:30
pre_lights,Monday,0,405,left,21.306475,16.996946,6.998834,9.998263,28.995321,44.992639,81,06:45
pre_lights,Monday,0,405,right,93.680436,91.983966,55.990329,69.988195,114.997765,138.975820,81,06:45
pre_lights,Monday,0,420,left,26.392589,22.996083,4.999657,10.998061,40.993104,48.997206,81,07:00
pre_lights,Monday,0,420,right,93.755449,87.992179,50.997299,68.988092,115.982065,150.984577,81,07:00
pre_lights,Monday,0,435,left,35.582720,31.496546,10.998947,17.993984,50.243375,66.099758,80,07:15
pre_lights,Monday,0,435,right,100.135184,101.486252,52.893409,77.740401,121.229470,141.055026,80,07:15
pre_lights,Monday,0,450,left,38.563905,36.996310,8.999211,19.996706,55.994052,68.990296,81,07:30
pre_lights,Monday,0,450,right,100.286340,99.985917,47.991575,66.988380,125.999624,152.975070,81,07:30
pre_lights,Monday,0,465,left,47.580681,48.492454,17.996890,30.244743,59.993546,76.087220,80,07:45
pre_lights,Monday,0,465,right,109.984900,107.485251,64.998741,88.490568,131.227178,150.079852,80,07:45
pre_lights,Monday,0,480,left,47.957638,48.991523,23.997513,31.994661,62.989001,68.994163,81,08:00
pre_lights,Monday,0,480,right,104.889200,99.997219,60.994745,79.996255,130.913346,147.996931,81,08:00
pre_lights,Monday,0,495,left,50.105351,49.991457,24.997775,38.992997,60.996346,72.994252,81,08:15
pre_lights,Monday,0,495,right,106.691373,103.982741,66.988601,81.985904,132.983694,149.986037,81,08:15
pre_lights,Monday,0,510,left,56.044630,53.990455,25.999727,37.997013,67.743998,89.194348,80,08:30
pre_lights,Monday,0,510,right,105.963864,103.488654,61.889508,82.995471,128.029299,141.095143,80,08:30
pre_lights,Monday,0,525,left,55.450206,52.997565,27.995094,38.996212,68.991521,88.993219,81,08:45
pre_lights,Monday,0,525,right,106.235729,106.998497,64.107053,80.992210,125.989213,144.993321,81,08:45
pre_lights,Monday,0,540,left,51.893704,51.991304,22.998806,35.996896,64.994722,78.999635,81,09:00
pre_lights,Monday,0,540,right,101.690463,103.983172,62.989229,79.989158,122.038607,138.976177,81,09:00
pre_lights,Monday,0,555,left,53.424105,52.967562,24.997729,38.933185,67.988500,81.996678,81,09:15
pre_lights,Monday,0,555,right,98.181881,99.828681,60.994752,79.995667,117.927780,126.996796,81,09:15
pre_lights,Monday,0,570,left,54.081212,51.990857,30.997332,39.993067,66.992249,73.992752,81,09:30
pre_lights,Monday,0,570,right,103.385456,102.982843,73.987868,84.996000,120.976033,137.976264,81,09:30
pre_lights,Monday,0,585,left,53.782463,52.991743,25.798372,39.744210,63.492957,81.292848,80,09:45
pre_lights,Monday,0,585,right,108.477528,104.992638,69.891146,88.983262,128.731501,145.875237,80,09:45
pre_lights,Monday,0,600,left,54.389211,51.999963,31.995845,42.992206,65.988709,72.996051,81,10:00
pre_lights,Monday,0,600,right,98.026738,99.982431,67.996507,79.995895,116.984683,127.986760,81,10:00
pre_lights,Monday,0,615,left,50.328038,47.999313,32.996896,40.994592,57.996502,74.998755,81,10:15
pre_lights,Monday,0,615,right,104.322312,99.982365,76.991148,83.988920,127.978227,146.978639,81,10:15
pre_lights,Monday,0,630,left,48.940523,46.993657,27.595693,35.996993,61.493492,80.197543,80,10:30
pre_lights,Monday,0,630,right,102.146151,102.983190,68.688978,81.759609,120.124198,143.395760,80,10:30
pre_lights,Monday,0,645,left,52.685143,49.995790,30.999558,41.992499,62.996195,80.993382,81,10:45
pre_lights,Monday,0,645,right,107.852836,106.998288,70.994178,87.997381,126.977474,147.974218,81,10:45
pre_lights,Monday,0,660,left,53.192963,53.990095,34.993983,41.999400,66.997216,75.035610,81,11:00
pre_lights,Monday,0,660,right,97.053284,95.992503,62.988362,75.994716,111.998399,134.998769,81,11:00
pre_lights,Monday,0,675,left,50.192089,50.991921,25.995593,36.998936,63.001237,74.988723,81,11:15
pre_lights,Monday,0,675,right,97.421562,93.992219,63.033805,77.986778,119.048558,136.978298,81,11:15
pre_lights,Monday,0,690,left,55.747587,58.989697,32.994149,40.996851,70.988255,78.994054,81,11:30
pre_lights,Monday,0,690,right,97.656629,95.994926,61.989180,80.985908,115.980328,141.975659,81,11:30
pre_lights,Monday,0,705,left,56.451265,52.999588,23.036100,41.993623,68.999281,92.984253,81,11:45
pre_lights,Monday,0,705,right,96.028840,94.986086,58.004137,78.985904,113.992074,135.976750,81,11:45
pre_lights,Monday,0,720,left,57.698333,54.993214,33.997130,41.996987,68.995218,86.985011,81,12:00
pre_lights,Monday,0,720,right,90.658282,90.984897,55.994881,71.990518,105.987553,129.992749,81,12:00
pre_lights,Monday,0,735,left,62.214098,61.001797,34.995539,45.997481,74.989007,95.994906,81,12:15
pre_lights,Monday,0,735,right,90.988832,90.985130,63.996952,76.988805,105.993619,118.978834,81,12:15
pre_lights,Monday,0,750,left,63.312913,62.989340,37.993355,47.991692,72.986588,96.999362,81,12:30
pre_lights,Monday,0,750,right,90.816479,86.996146,68.991469,77.986328,101.987451,120.993162,81,12:30
pre_lights,Monday,0,765,left,63.954854,60.997406,35.994737,46.991934,83.987548,95.983645,81,12:45
pre_lights,Monday,0,765,right,89.976681,86.989598,59.999557,74.987047,92.983884,121.986228,81,12:45
pre_lights,Monday,0,780,left,66.276166,60.993850,33.994610,48.992280,85.989789,104.981744,81,13:00
pre_lights,Monday,0,780,right,91.890909,85.990045,66.987998,74.991512,99.979748,123.979899,81,13:00
pre_lights,Monday,0,795,left,62.102000,61.996022,34.999842,43.999927,77.989830,88.986086,81,13:15
pre_lights,Monday,0,795,right,90.407973,84.984703,65.990067,74.994299,95.984089,113.979191,81,13:15
pre_lights,Monday,0,810,left,64.635292,60.996469,30.999398,45.999933,86.991038,103.988428,81,13:30
pre_lights,Monday,0,810,right,89.656684,87.984566,66.988892,73.987307,101.982777,115.982402,81,13:30
pre_lights,Monday,0,825,left,64.437089,66.995256,32.997766,50.991309,82.985851,89.998073,81,13:45
pre_lights,Monday,0,825,right,86.372443,83.991665,60.995972,72.987559,97.997041,109.985042,81,13:45
pre_lights,Monday,0,840,left,63.213555,61.989327,34.994032,47.991906,77.987961,96.985335,81,14:00
pre_lights,Monday,0,840,right,84.964223,82.985712,58.991080,70.999006,94.985012,109.996550,81,14:00
pre_lights,Monday,0,855,left,64.681297,61.989143,36.997811,50.996807,81.988346,96.985764,81,14:15
pre_lights,Monday,0,855,right,81.580798,81.985564,57.990012,67.999931,93.983471,102.020729,81,14:15
pre_lights,Monday,0,870,left,63.019216,63.988587,33.995791,49.991206,77.988073,90.990769,81,14:30
pre_lights,Monday,0,870,right,81.066278,80.998259,55.990271,71.994496,93.997780,100.997158,81,14:30
pre_lights,Monday,0,885,left,66.659048,66.992557,33.997055,50.993263,84.997803,98.982566,81,14:45
pre_lights,Monday,0,885,right,80.891825,80.985062,57.995650,67.995148,89.992409,106.990061,81,14:45
pre_lights,Monday,0,900,left,62.078622,59.993529,34.994329,45.024553,83.985270,96.993910,81,15:00
pre_lights,Monday,0,900,right,79.239384,76.991753,56.996595,65.993127,84.996684,102.994675,81,15:00
pre_lights,Monday,0,915,left,61.028945,60.995324,34.996598,42.993475,74.987542,90.989471,81,15:15
pre_lights,Monday,0,915,right,80.211352,78.996488,63.993273,69.987695,88.996379,100.983970,81,15:15
pre_lights,Monday,0,930,left,59.450007,58.989907,35.996920,45.998019,71.988778,82.039949,81,15:30
pre_lights,Monday,0,930,right,81.361600,78.993251,62.989768,70.996320,91.988822,106.996656,81,15:30
pre_lights,Monday,0,945,left,57.593738,56.992466,35.793654,44.743808,69.739211,82.987670,80,15:45
pre_lights,Monday,0,945,right,81.566164,79.992063,66.988115,71.745328,90.235633,98.992900,80,15:45
pre_lights,Monday,0,960,left,59.178610,57.993226,37.993709,45.991855,71.987332,82.997148,81,16:00
pre_lights,Monday,0,960,right,88.929027,84.993827,57.995509,70.988136,98.998589,120.978506,81,16:00
pre_lights,Monday,0,975,left,59.992092,58.990182,38.996435,46.992451,72.019972,82.967192,81,16:15
pre_lights,Monday,0,975,right,88.939188,87.984879,60.990320,73.996706,102.981529,117.987452,81,16:15
pre_lights,Monday,0,990,left,64.770680,65.988724,35.998228,52.995344,78.995481,90.997962,81,16:30
pre_lights,Monday,0,990,right,87.188002,87.991484,48.991649,69.992489,105.990639,116.982146,81,16:30
pre_lights,Monday,0,1005,left,60.264485,61.991357,29.996315,50.991714,73.986835,81.986386,81,16:45
pre_lights,Monday,0,1005,right,79.496641,80.983722,50.990799,64.998795,94.985679,105.992680,81,16:45
pre_lights,Monday,0,1020,left,53.168981,54.498262,22.926433,36.746348,69.240506,83.982348,80,17:00
pre_lights,Monday,0,1020,right,76.153846,74.996296,36.895119,59.744967,93.238737,108.090360,80,17:00
pre_lights,Monday,0,1035,left,50.374573,43.996024,19.998115,27.999456,70.987547,94.983744,81,17:15
pre_lights,Monday,0,1035,right,65.385378,61.994416,25.999466,39.994613,88.998463,106.996267,81,17:15
pre_lights,Monday,0,1050,left,50.182835,37.997361,15.997244,21.998889,77.989950,100.998640,81,17:30
pre_lights,Monday,0,1050,right,65.947881,63.989510,31.998198,43.997955,84.000136,111.998492,81,17:30
pre_lights,Monday,0,1065,left,48.426725,33.994275,15.997213,20.996775,71.987788,101.983196,81,17:45
pre_lights,Monday,0,1065,right,61.302094,59.989830,32.999855,46.986799,77.998846,95.992327,81,17:45
pre_lights,Monday,0,1080,left,46.859588,32.999196,14.998749,20.996576,73.987577,89.988696,81,18:00
pre_lights,Monday,0,1080,right,63.278099,60.996120,33.996082,47.998506,79.999288,91.997130,81,18:00
pre_lights,Monday,0,1095,left,46.649797,31.994334,12.997835,17.996974,73.992652,102.983065,81,18:15
pre_lights,Monday,0,1095,right,60.883123,57.994866,33.994303,42.996368,77.987817,88.994453,81,18:15
pre_lights,Monday,0,1110,left,45.069203,28.496229,16.898326,19.997191,70.992269,86.506250,80,18:30
pre_lights,Monday,0,1110,right,60.591085,56.995767,32.897254,43.997217,77.989277,93.184621,80,18:30
pre_lights,Monday,0,1125,left,37.563374,23.998575,10.999259,17.996923,58.991124,80.988769,81,18:45
pre_lights,Monday,0,1125,right,54.611588,54.996297,27.000020,39.999475,66.996714,81.985195,81,18:45
pre_lights,Monday,0,1140,left,32.477784,19.999342,7.999247,14.999237,40.994218,74.986058,81,19:00
pre_lights,Monday,0,1140,right,47.106154,44.994668,25.999964,34.997182,61.989949,73.986519,81,19:00
pre_lights,Monday,0,1155,left,26.663134,19.996556,5.999539,11.999556,36.993639,56.997290,81,19:15
pre_lights,Monday,0,1155,right,42.550375,39.999365,22.995849,31.996643,51.995888,62.999431,81,19:15
pre_lights,Monday,0,1170,left,23.578280,17.997468,6.996196,11.999612,27.998685,56.995712,81,19:30
pre_lights,Monday,0,1170,right,42.230959,42.992089,21.988045,30.997192,53.992961,65.990257,81,19:30
pre_lights,Monday,0,1185,left,19.455244,13.999238,7.999336,10.998091,20.000304,43.999848,81,19:45
pre_lights,Monday,0,1185,right,40.737403,37.997067,24.996642,30.994914,47.996671,62.996961,81,19:45
pre_lights,Monday,0,1200,left,15.936950,12.997791,4.999933,7.999304,17.997130,30.995894,81,20:00
pre_lights,Monday,0,1200,right,35.700719,33.998449,21.998650,26.998880,40.998763,56.998280,81,20:00
pre_lights,Monday,0,1215,left,12.183986,10.999214,4.000003,6.999576,14.999351,19.998211,81,20:15
pre_lights,Monday,0,1215,right,31.997196,31.996037,14.998809,24.998825,38.993553,46.996607,81,20:15
pre_lights,Monday,0,1230,left,11.295122,11.998013,4.999536,7.001146,13.999465,17.996949,81,20:30
pre_lights,Monday,0,1230,right,32.552271,31.994368,17.999861,23.998360,40.993403,48.991869,81,20:30
pre_lights,Monday,0,1245,left,11.875572,11.998956,4.999184,7.999352,14.999703,19.996654,81,20:45
pre_lights,Monday,0,1245,right,31.231819,30.999856,15.998934,23.999921,37.977261,45.992413,81,20:45
pre_lights,Monday,0,1260,left,10.913067,9.999789,3.999309,6.999343,14.998603,19.998455,81,21:00
pre_lights,Monday,0,1260,right,31.208161,32.994301,14.999745,24.997833,37.999892,45.995683,81,21:00
pre_lights,Monday,0,1275,left,8.888221,7.999821,3.999601,4.999775,10.999213,14.999561,81,21:15
pre_lights,Monday,0,1275,right,31.725907,30.997293,17.998442,22.999461,38.996943,49.995903,81,21:15
pre_lights,Monday,0,1290,left,10.271076,9.999307,2.999734,5.998872,13.014876,18.999140,81,21:30
pre_lights,Monday,0,1290,right,31.085041,30.997471,11.999412,22.999053,39.998933,50.997944,81,21:30
pre_lights,Monday,0,1305,left,9.344970,9.000013,2.999817,4.999816,12.999634,15.998779,81,21:45
pre_lights,Monday,0,1305,right,29.750999,31.998416,14.998570,21.997852,36.998908,46.999405,81,21:45
pre_lights,Monday,0,1320,left,9.863251,9.998250,2.999790,6.002186,12.998971,17.998487,81,22:00
pre_lights,Monday,0,1320,right,24.663275,24.999140,9.998218,17.999835,31.997654,35.999056,81,22:00
pre_lights,Monday,0,1335,left,9.480555,8.999622,2.000262,5.999276,11.998380,17.997219,81,22:15
pre_lights,Monday,0,1335,right,25.442329,24.999536,11.999059,19.031624,31.996902,37.998118,81,22:15
pre_lights,Monday,0,1350,left,10.690530,9.998283,2.999719,5.999648,14.997379,19.998623,81,22:30
pre_lights,Monday,0,1350,right,22.331395,22.999357,7.999204,14.998783,29.997905,33.997301,81,22:30
pre_lights,Monday,0,1365,left,9.702946,8.999321,3.999602,5.999430,12.012948,16.998933,81,22:45
pre_lights,Monday,0,1365,right,21.294729,20.999211,11.999059,15.998673,26.997645,29.998956,81,22:45
pre_lights,Monday,0,1380,left,11.023719,7.999359,1.999937,4.999077,13.997883,19.998452,81,23:00
pre_lights,Monday,0,1380,right,18.677477,19.998059,7.999935,12.998793,23.997787,28.999568,81,23:00
pre_lights,Monday,0,1395,left,12.480304,10.999049,2.999786,6.999658,15.998872,21.998328,81,23:15
pre_lights,Monday,0,1395,right,15.739253,14.998783,5.999988,10.998964,20.997019,26.997554,81,23:15
pre_lights,Monday,0,1410,left,10.653741,8.999748,0.999923,4.999821,13.000067,18.998317,81,23:30
pre_lights,Monday,0,1410,right,13.419136,12.998869,4.999531,8.999188,17.997452,21.999283,81,23:30
pre_lights,Monday,0,1425,left,7.987011,6.998767,0.999910,2.999830,10.999059,15.998557,81,23:45
pre_lights,Monday,0,1425,right,13.492582,13.998839,3.999902,8.998428,17.997081,21.998958,81,23:45
pre_lights,Tuesday,1,0,left,10.153861,7.999953,2.299715,4.999844,14.998758,18.697486,84,00:00
pre_lights,Tuesday,1,0,right,9.868189,8.999437,2.299829,5.999856,12.998847,16.998622,84,00:00
pre_lights,Tuesday,1,15,left,8.130247,6.999249,0.999888,2.999924,9.999785,18.697621,84,00:15
pre_lights,Tuesday,1,15,right,9.832518,9.998362,1.299833,4.999347,14.247863,17.998722,84,00:15
pre_lights,Tuesday,1,30,left,6.939823,4.999559,0.299945,1.999767,9.999894,14.998580,84,00:30
pre_lights,Tuesday,1,30,right,8.023118,6.999908,1.999648,3.999747,10.999205,13.999709,84,00:30
pre_lights,Tuesday,1,45,left,8.023050,7.999197,0.999970,2.999631,10.999036,16.398565,84,00:45
pre_lights,Tuesday,1,45,right,8.630062,8.998345,1.999906,4.999198,10.998108,14.698952,84,00:45
pre_lights,Tuesday,1,60,left,7.368190,5.499425,0.999819,2.749594,11.249299,15.697909,84,01:00
pre_lights,Tuesday,1,60,right,7.189643,6.999028,1.999714,3.999656,8.999473,13.698549,84,01:00
pre_lights,Tuesday,1,75,left,6.499363,5.499367,0.000000,2.749604,9.998508,13.698033,84,01:15
pre_lights,Tuesday,1,75,right,7.784947,6.501966,1.299877,3.999329,10.249160,15.998538,84,01:15
pre_lights,Tuesday,1,90,left,5.451739,4.999174,0.000000,1.999810,6.999229,11.998909,84,01:30
pre_lights,Tuesday,1,90,right,8.106293,6.999000,0.999860,3.999394,10.249266,14.999488,84,01:30
pre_lights,Tuesday,1,105,left,5.463584,4.999163,0.000000,2.999488,7.998743,10.999433,84,01:45
pre_lights,Tuesday,1,105,right,10.986880,9.998261,3.299438,6.748908,13.998009,20.696326,84,01:45
pre_lights,Tuesday,1,120,left,5.582569,4.499575,0.000000,1.999783,7.998841,10.998753,84,02:00
pre_lights,Tuesday,1,120,right,10.653407,9.498396,3.999378,5.999001,14.997439,18.696762,84,02:00
pre_lights,Tuesday,1,135,left,5.975434,4.999166,0.000000,1.999650,8.249332,13.997549,84,02:15
pre_lights,Tuesday,1,135,right,10.010640,8.998787,3.299778,5.999321,13.997545,18.397415,84,02:15
pre_lights,Tuesday,1,150,left,7.534753,5.999813,0.299947,2.999497,10.247830,13.999338,84,02:30
pre_lights,Tuesday,1,150,right,10.641495,8.999061,3.999316,4.999545,13.997575,17.997450,84,02:30
pre_lights,Tuesday,1,165,left,5.963530,4.999197,0.000000,2.999491,7.998664,12.698621,84,02:45
pre_lights,Tuesday,1,165,right,13.605354,12.998398,3.999374,6.998847,18.248947,22.997746,84,02:45
pre_lights,Tuesday,1,180,left,6.689580,5.999094,0.999825,2.999838,8.998939,12.697152,84,03:00
pre_lights,Tuesday,1,180,right,14.498047,13.499037,4.298847,8.998168,18.498811,25.696168,84,03:00
pre_lights,Tuesday,1,195,left,6.784781,6.998769,0.999828,1.999895,9.996833,13.997679,84,03:15
pre_lights,Tuesday,1,195,right,15.188398,14.498682,3.999527,8.748740,19.249014,26.997182,84,03:15
pre_lights,Tuesday,1,210,left,6.034969,4.999162,0.299863,1.999914,8.998504,12.998304,84,03:30
pre_lights,Tuesday,1,210,right,19.152148,17.997046,8.998557,13.997584,23.996304,29.996905,84,03:30
pre_lights,Tuesday,1,225,left,8.308409,6.999007,0.999844,3.999371,12.247962,14.998566,84,03:45
pre_lights,Tuesday,1,225,right,21.782909,21.496396,10.998431,14.999642,26.995272,35.993921,84,03:45
pre_lights,Tuesday,1,240,left,7.192161,5.998950,0.999930,3.499466,10.499009,14.998088,83,04:00
pre_lights,Tuesday,1,240,right,25.575847,24.995597,11.998178,18.997627,31.497309,40.393078,83,04:00
pre_lights,Tuesday,1,255,left,7.213155,6.499075,0.999837,3.999297,9.998235,12.697690,84,04:15
pre_lights,Tuesday,1,255,right,32.626009,32.995035,16.297206,23.997090,41.993317,47.991961,84,04:15
pre_lights,Tuesday,1,270,left,8.498889,7.499295,1.999652,3.999897,10.999470,14.999183,84,04:30
pre_lights,Tuesday,1,270,right,44.565798,41.995820,27.298427,36.744364,54.991071,66.389516,84,04:30
pre_lights,Tuesday,1,285,left,9.463050,8.499657,2.999518,5.749129,12.997767,16.697826,84,04:45
pre_lights,Tuesday,1,285,right,56.623518,59.488959,40.292982,50.741050,64.988470,74.986688,84,04:45
pre_lights,Tuesday,1,300,left,11.938892,10.998650,4.299375,7.998653,15.996747,18.999493,84,05:00
pre_lights,Tuesday,1,300,right,62.741665,62.990084,41.292955,52.740804,75.986911,89.992011,84,05:00
pre_lights,Tuesday,1,315,left,12.986506,12.498500,2.999843,7.748881,17.997608,22.698421,84,05:15
pre_lights,Tuesday,1,315,right,83.407041,88.991981,58.335487,72.489463,97.236410,106.377266,84,05:15
pre_lights,Tuesday,1,330,left,11.107283,10.998055,4.999164,7.499253,14.999154,17.997905,83,05:30
pre_lights,Tuesday,1,330,right,85.617117,87.984437,66.188493,77.492692,100.998415,108.982292,83,05:30
pre_lights,Tuesday,1,345,left,14.402781,13.997591,5.999111,7.999821,17.996947,23.999412,84,05:45
pre_lights,Tuesday,1,345,right,89.285445,93.986786,68.991237,81.992425,100.233446,108.993053,84,05:45
pre_lights,Tuesday,1,360,left,16.652540,15.997344,5.998947,10.998512,21.997435,25.999008,84,06:00
pre_lights,Tuesday,1,360,right,87.250590,90.484339,67.993225,81.736957,98.990058,108.692985,84,06:00
pre_lights,Tuesday,1,375,left,19.926121,16.997137,7.999681,11.746529,24.245847,35.403193,84,06:15
pre_lights,Tuesday,1,375,right,85.418572,87.486725,57.991415,75.736762,95.986192,110.987159,84,06:15
pre_lights,Tuesday,1,390,left,20.783793,18.996818,6.998780,12.745952,28.995286,32.695397,84,06:30
pre_lights,Tuesday,1,390,right,88.276669,85.987303,55.296931,69.489836,102.567488,132.677339,84,06:30
pre_lights,Tuesday,1,405,left,24.068925,17.997043,6.198664,9.998278,34.494070,56.590242,83,06:45
pre_lights,Tuesday,1,405,right,99.343918,97.983101,60.390252,75.992135,120.466719,151.581718,83,06:45
pre_lights,Tuesday,1,420,left,29.472662,23.998373,7.999520,12.748054,43.242494,57.694659,84,07:00
pre_lights,Tuesday,1,420,right,102.047122,97.988837,59.194388,79.985859,126.243279,153.687434,84,07:00
pre_lights,Tuesday,1,435,left,37.114304,34.996643,13.299753,27.746978,49.741305,59.992624,84,07:15
pre_lights,Tuesday,1,435,right,101.332244,98.994813,61.295988,82.735624,120.229763,149.678972,84,07:15
pre_lights,Tuesday,1,450,left,37.126369,34.497543,10.299198,19.997833,46.993732,64.689914,84,07:30
pre_lights,Tuesday,1,450,right,93.488513,91.991179,46.194628,75.739684,110.987461,141.984517,84,07:30
pre_lights,Tuesday,1,465,left,43.992950,45.491976,12.298142,23.496569,58.240468,70.391251,84,07:45
pre_lights,Tuesday,1,465,right,98.007289,98.488273,51.696754,80.737178,118.980196,140.782334,84,07:45
pre_lights,Tuesday,1,480,left,44.995799,45.994294,16.297989,25.747211,61.247972,77.693916,84,08:00
pre_lights,Tuesday,1,480,right,99.655979,99.983933,49.593040,77.747413,121.984265,152.080446,84,08:00
pre_lights,Tuesday,1,495,left,50.410439,47.494115,28.896106,38.993020,64.244096,79.690505,84,08:15
pre_lights,Tuesday,1,495,right,106.320924,106.985077,65.298086,87.489634,129.980460,148.393114,84,08:15
pre_lights,Tuesday,1,510,left,51.863768,50.494453,29.995248,37.996228,61.993533,78.690852,84,08:30
pre_lights,Tuesday,1,510,right,110.559848,111.985824,71.287352,86.745070,136.980500,158.692284,84,08:30
pre_lights,Tuesday,1,525,left,55.649680,53.995230,30.997704,46.743204,65.994932,80.990847,84,08:45
pre_lights,Tuesday,1,525,right,114.656657,114.490359,74.294447,94.741624,137.492249,153.973692,84,08:45
pre_lights,Tuesday,1,540,left,52.256618,53.491210,31.496402,40.749130,62.244744,77.693843,84,09:00
pre_lights,Tuesday,1,540,right,103.180170,104.996234,64.589842,82.747338,125.237256,141.988914,84,09:00
pre_lights,Tuesday,1,555,left,54.280793,54.495233,28.897656,40.742815,65.994475,85.395299,84,09:15
pre_lights,Tuesday,1,555,right,108.883241,110.992222,65.625011,86.990253,127.007789,155.390447,84,09:15
pre_lights,Tuesday,1,570,left,57.935027,58.990053,36.897584,43.996636,72.988629,81.389663,84,09:30
pre_lights,Tuesday,1,570,right,105.216725,103.989803,61.594641,86.996768,130.978964,144.987964,84,09:30
pre_lights,Tuesday,1,585,left,56.089498,52.999245,35.297333,45.998159,69.241712,78.793875,84,09:45
pre_lights,Tuesday,1,585,right,111.809994,117.997054,67.990971,95.985877,133.495154,150.673629,84,09:45
pre_lights,Tuesday,1,600,left,52.777052,53.991793,31.999020,42.997982,62.991120,73.588070,83,10:00
pre_lights,Tuesday,1,600,right,105.722833,106.983120,77.186630,89.493448,125.996387,143.793173,83,10:00
pre_lights,Tuesday,1,615,left,54.303756,57.493627,30.295369,43.748033,65.995096,79.786838,84,10:15
pre_lights,Tuesday,1,615,right,102.858173,104.985931,75.287085,89.736826,126.234806,140.387511,84,10:15
pre_lights,Tuesday,1,630,left,51.004923,51.993213,27.997951,39.743773,65.989971,76.386721,84,10:30
pre_lights,Tuesday,1,630,right,103.498073,108.982098,62.493890,85.994014,129.241447,145.492628,84,10:30
pre_lights,Tuesday,1,645,left,56.170659,54.990354,27.397568,42.743940,71.238312,86.689245,84,10:45
pre_lights,Tuesday,1,645,right,105.960863,105.984108,63.290584,83.492430,129.736985,160.027723,84,10:45
pre_lights,Tuesday,1,660,left,53.435048,52.997014,28.496483,43.994277,62.998251,77.389331,84,11:00
pre_lights,Tuesday,1,660,right,106.168475,108.498759,72.188018,87.748674,129.993176,151.678279,84,11:00
pre_lights,Tuesday,1,675,left,55.791631,58.993879,29.598045,44.995772,70.996867,79.388771,84,11:15
pre_lights,Tuesday,1,675,right,99.358727,103.994130,58.390692,84.738876,118.980491,140.185823,84,11:15
pre_lights,Tuesday,1,690,left,59.431782,60.989339,32.998367,46.747197,72.237046,91.785166,84,11:30
pre_lights,Tuesday,1,690,right,93.892213,98.991343,49.992962,80.993007,113.232743,129.689736,84,11:30
pre_lights,Tuesday,1,705,left,57.992408,59.493102,25.497826,42.496731,75.238887,84.697726,84,11:45
pre_lights,Tuesday,1,705,right,92.986561,93.989175,52.192431,78.238082,117.234162,132.391397,84,11:45
pre_lights,Tuesday,1,720,left,56.492422,55.994723,24.298880,42.001932,75.236074,94.385322,84,12:00
pre_lights,Tuesday,1,720,right,87.679163,89.995465,50.595788,68.993977,110.980190,134.776858,84,12:00
pre_lights,Tuesday,1,735,left,62.075585,60.995936,24.298304,53.740803,77.987168,91.664900,84,12:15
pre_lights,Tuesday,1,735,right,89.263367,91.984530,57.993294,69.987969,109.235141,122.086982,84,12:15
pre_lights,Tuesday,1,750,left,62.098857,65.992757,25.696942,49.991217,76.994184,88.685168,84,12:30
pre_lights,Tuesday,1,750,right,83.548409,84.986343,53.593799,72.992620,101.997206,115.990191,84,12:30
pre_lights,Tuesday,1,765,left,63.160639,66.987902,24.396680,48.994775,80.491898,91.559163,83,12:45
pre_lights,Tuesday,1,765,right,83.338784,84.999977,55.991693,67.495302,99.500903,121.591344,83,12:45
pre_lights,Tuesday,1,780,left,65.051854,64.995739,32.196629,50.497402,79.986217,96.490711,84,13:00
pre_lights,Tuesday,1,780,right,79.252745,82.991895,59.291151,68.742695,96.996587,106.784988,84,13:00
pre_lights,Tuesday,1,795,left,65.099396,67.493051,28.595888,51.492214,81.986235,99.686728,84,13:15
pre_lights,Tuesday,1,795,right,78.859699,82.990518,58.292450,68.738172,93.233757,107.086576,84,13:15
pre_lights,Tuesday,1,810,left,66.444009,66.492572,31.901115,53.741757,79.241621,97.492912,84,13:30
pre_lights,Tuesday,1,810,right,82.739747,86.491370,59.996840,72.757642,99.234275,109.687468,84,13:30
pre_lights,Tuesday,1,825,left,72.490289,73.492905,44.300963,53.742617,93.740325,107.030287,84,13:45
pre_lights,Tuesday,1,825,right,79.227773,81.985327,61.288868,73.738826,92.984053,102.359544,84,13:45
pre_lights,Tuesday,1,840,left,68.598492,69.980589,35.594245,54.975138,81.246488,106.391167,84,14:00
pre_lights,Tuesday,1,840,right,79.061227,81.987335,60.492036,69.997049,91.998056,104.383601,84,14:00
pre_lights,Tuesday,1,855,left,68.418712,72.986889,34.993841,53.491897,88.238130,97.692025,84,14:15
pre_lights,Tuesday,1,855,right,79.810213,85.490375,63.294803,71.991270,95.245008,100.686674,84,14:15
pre_lights,Tuesday,1,870,left,72.027023,73.992008,39.293534,55.490123,90.235273,107.381032,84,14:30
pre_lights,Tuesday,1,870,right,82.525790,87.485988,60.494729,75.488288,96.989510,107.678076,84,14:30
pre_lights,Tuesday,1,885,left,71.205378,76.980228,36.597087,52.994493,92.235696,99.681859,84,14:45
pre_lights,Tuesday,1,885,right,79.133260,82.486749,56.195412,72.736613,95.243238,105.084067,84,14:45
pre_lights,Tuesday,1,900,left,68.111221,66.994067,19.999799,53.999238,87.240923,105.685086,84,15:00
pre_lights,Tuesday,1,900,right,78.502557,80.492512,50.891136,68.998845,92.244894,100.685422,84,15:00
pre_lights,Tuesday,1,915,left,64.730440,67.488834,25.190765,49.993869,82.244134,98.783232,84,15:15
pre_lights,Tuesday,1,915,right,79.145115,82.988933,55.992121,69.740381,93.736170,112.387754,84,15:15
pre_lights,Tuesday,1,930,left,64.312066,64.988852,23.795355,50.744269,84.235800,98.383350,84,15:30
pre_lights,Tuesday,1,930,right,81.667231,83.992400,51.984868,71.739578,96.986746,112.085748,84,15:30
pre_lights,Tuesday,1,945,left,63.289318,57.992203,32.994969,47.493896,82.238859,100.684876,84,15:45
pre_lights,Tuesday,1,945,right,82.680075,85.491926,60.494099,70.994237,96.983605,112.697476,84,15:45
pre_lights,Tuesday,1,960,left,58.613182,56.517466,37.595717,47.492850,70.244673,89.681565,84,16:00
pre_lights,Tuesday,1,960,right,80.813212,86.485699,47.092357,74.990666,99.236130,105.693607,84,16:00
pre_lights,Tuesday,1,975,left,59.849497,60.992301,33.594312,47.743404,71.239114,95.992096,84,16:15
pre_lights,Tuesday,1,975,right,79.668541,84.981114,32.494829,68.989104,99.233255,115.685502,84,16:15
pre_lights,Tuesday,1,990,left,61.504077,60.490245,38.293465,48.029258,74.240779,91.085119,84,16:30
pre_lights,Tuesday,1,990,right,78.799525,84.990644,35.593820,66.740230,98.742732,114.081375,84,16:30
pre_lights,Tuesday,1,1005,left,61.884212,61.997342,21.398682,48.747526,73.237871,96.083282,84,16:45
pre_lights,Tuesday,1,1005,right,73.989537,74.488815,37.097601,48.999044,100.482559,108.684535,84,16:45
pre_lights,Tuesday,1,1020,left,58.134632,58.996020,11.298827,40.497630,74.988435,100.383343,84,17:00
pre_lights,Tuesday,1,1020,right,71.549409,75.490468,25.897080,55.490274,91.244508,105.681810,84,17:00
pre_lights,Tuesday,1,1035,left,47.744274,49.495628,13.299120,21.998527,65.487397,88.685425,84,17:15
pre_lights,Tuesday,1,1035,right,61.766441,62.495531,24.295766,41.494490,83.237755,100.683010,84,17:15
pre_lights,Tuesday,1,1050,left,46.706990,34.496664,10.298682,20.747131,75.237490,89.387105,84,17:30
pre_lights,Tuesday,1,1050,right,64.418715,59.994596,29.597039,44.743809,84.985238,111.086084,84,17:30
pre_lights,Tuesday,1,1065,left,48.112529,36.996853,12.298570,22.745063,67.488173,97.683277,84,17:45
pre_lights,Tuesday,1,1065,right,59.670915,59.493013,24.596144,42.994542,75.992813,101.685392,84,17:45
pre_lights,Tuesday,1,1080,left,46.008034,33.994496,9.299436,18.497326,74.986313,95.684563,84,18:00
pre_lights,Tuesday,1,1080,right,63.077087,60.990330,27.295144,42.998016,82.988935,106.396972,84,18:00
pre_lights,Tuesday,1,1095,left,49.278931,31.496657,11.997919,20.996427,78.238744,105.681382,84,18:15
pre_lights,Tuesday,1,1095,right,58.063816,57.496437,30.296903,39.996836,69.245953,99.982218,84,18:15
pre_lights,Tuesday,1,1110,left,43.183811,31.494596,8.298569,17.998103,67.490539,94.687224,84,18:30
pre_lights,Tuesday,1,1110,right,55.241078,56.990339,26.595327,35.996260,75.988058,85.985744,84,18:30
pre_lights,Tuesday,1,1125,left,39.792044,25.495757,10.298888,17.747232,55.747404,98.180410,84,18:45
pre_lights,Tuesday,1,1125,right,54.981002,56.997347,25.298488,36.996670,71.489927,90.388288,84,18:45
pre_lights,Tuesday,1,1140,left,41.019411,23.998289,10.598216,16.995543,50.994681,103.991265,84,19:00
pre_lights,Tuesday,1,1140,right,51.339446,52.996016,22.997762,35.744666,64.496557,73.393167,84,19:00
pre_lights,Tuesday,1,1155,left,30.579999,21.997670,11.998620,15.998317,31.249192,66.689254,84,19:15
pre_lights,Tuesday,1,1155,right,46.197596,46.494390,26.596190,37.996338,58.242749,69.396525,84,19:15
pre_lights,Tuesday,1,1170,left,26.545261,19.998516,8.999029,14.998971,30.247711,60.700629,84,19:30
pre_lights,Tuesday,1,1170,right,43.019803,44.495149,22.297865,31.996989,55.240931,65.694128,84,19:30
pre_lights,Tuesday,1,1185,left,22.176393,16.997739,8.298600,11.998986,25.997192,46.194156,84,19:45
pre_lights,Tuesday,1,1185,right,38.984398,39.992996,19.598945,28.755032,48.993588,60.041107,84,19:45
pre_lights,Tuesday,1,1200,left,19.986030,16.998173,6.299797,11.999829,25.248269,39.793050,84,20:00
pre_lights,Tuesday,1,1200,right,36.651161,35.989176,19.999672,25.997541,45.998631,57.693036,84,20:00
pre_lights,Tuesday,1,1215,left,18.688215,13.498249,5.999221,9.748512,17.995065,24.698567,84,20:15
pre_lights,Tuesday,1,1215,right,31.924917,31.998811,2.599968,23.747675,39.992853,46.995472,84,20:15
pre_lights,Tuesday,1,1230,left,15.176035,12.997782,4.999308,7.999202,17.997164,22.696607,84,20:30
pre_lights,Tuesday,1,1230,right,32.007253,31.993814,11.596922,22.998933,40.992898,48.997818,84,20:30
pre_lights,Tuesday,1,1245,left,12.629417,11.999561,4.999132,6.999673,17.996970,21.697189,84,20:45
pre_lights,Tuesday,1,1245,right,30.746043,30.496927,15.598917,22.999079,40.245517,47.991658,84,20:45
pre_lights,Tuesday,1,1260,left,13.772488,13.998785,3.299671,8.749182,17.999325,23.999340,84,21:00
pre_lights,Tuesday,1,1260,right,29.282712,30.997240,17.298304,21.999437,36.246443,42.695766,84,21:00
pre_lights,Tuesday,1,1275,left,11.474704,11.998928,2.999715,5.999542,15.997784,18.993201,84,21:15
pre_lights,Tuesday,1,1275,right,29.174205,27.997730,17.296988,23.001690,36.995364,43.996869,84,21:15
pre_lights,Tuesday,1,1290,left,11.986943,9.499321,2.999768,5.999887,13.999540,19.698182,84,21:30
pre_lights,Tuesday,1,1290,right,30.104528,30.997442,14.498978,24.748011,35.995776,41.993290,84,21:30
pre_lights,Tuesday,1,1305,left,9.404126,8.999384,3.999735,6.999248,12.998873,13.999458,84,21:45
pre_lights,Tuesday,1,1305,right,27.152870,26.999253,16.598655,21.746828,33.247369,41.794461,84,21:45
pre_lights,Tuesday,1,1320,left,11.082069,9.998934,3.999682,5.999430,15.248272,19.998234,84,22:00
pre_lights,Tuesday,1,1320,right,24.044899,24.996045,11.599291,18.998897,30.995261,36.995721,84,22:00
pre_lights,Tuesday,1,1335,left,10.368163,9.999749,2.299914,6.998750,13.249091,17.698371,84,22:15
pre_lights,Tuesday,1,1335,right,23.378928,23.498634,12.297535,18.999741,29.247685,35.796015,84,22:15
pre_lights,Tuesday,1,1350,left,10.820634,8.999516,3.999651,6.999236,13.998946,20.998151,84,22:30
pre_lights,Tuesday,1,1350,right,23.688871,24.498728,11.998369,17.748761,29.997803,34.697360,84,22:30
pre_lights,Tuesday,1,1365,left,9.594385,9.498774,2.299755,5.999400,12.998576,17.697598,84,22:45
pre_lights,Tuesday,1,1365,right,22.438575,21.997705,9.798719,16.999331,27.997231,31.695235,84,22:45
pre_lights,Tuesday,1,1380,left,9.785188,8.999255,1.299804,4.748466,13.000190,16.998478,84,23:00
pre_lights,Tuesday,1,1380,right,19.236668,18.998359,7.999822,14.748438,22.998643,30.997932,84,23:00
pre_lights,Tuesday,1,1395,left,14.284496,12.498759,3.299949,6.999732,18.998681,27.098638,84,23:15
pre_lights,Tuesday,1,1395,right,16.141689,14.999771,5.599499,10.998780,19.249800,27.698183,84,23:15
pre_lights,Tuesday,1,1410,left,12.189116,10.499481,2.999968,6.749469,16.249158,22.398201,84,23:30
pre_lights,Tuesday,1,1410,right,14.546110,14.998869,5.999589,8.999835,18.998833,23.996578,84,23:30
pre_lights,Tuesday,1,1425,left,9.661914,7.998651,0.999925,4.999746,12.000013,17.998943,83,23:45
pre_lights,Tuesday,1,1425,right,13.300146,12.998883,4.199733,8.999469,16.999343,21.999485,83,23:45
pre_lights,Wednesday,2,0,left,10.106156,8.999183,0.299947,3.999611,13.997845,20.697286,84,00:00
pre_lights,Wednesday,2,0,right,10.451404,9.998297,1.299874,5.999531,13.998740,20.398401,84,00:00
pre_lights,Wednesday,2,15,left,9.796580,8.998801,1.999712,4.999854,12.998280,18.697598,84,00:15
pre_lights,Wednesday,2,15,right,10.451448,9.499186,2.299775,5.999911,13.997852,17.999670,84,00:15
pre_lights,Wednesday,2,30,left,7.570759,5.999358,0.000000,2.999492,10.998097,15.700442,84,00:30
pre_lights,Wednesday,2,30,right,10.082347,8.999630,2.299258,4.999771,13.997654,18.999142,84,00:30
pre_lights,Wednesday,2,45,left,8.427705,5.999494,0.999825,2.999723,11.248476,18.399118,84,00:45
pre_lights,Wednesday,2,45,right,8.701431,7.998599,1.299990,3.999753,11.998256,15.998755,84,00:45
pre_lights,Wednesday,2,60,left,7.474638,4.999673,0.000000,1.999922,8.999214,15.379065,84,01:00
pre_lights,Wednesday,2,60,right,8.010834,6.999292,2.299912,3.999947,9.999963,16.998845,84,01:00
pre_lights,Wednesday,2,75,left,7.308732,5.499431,0.000000,1.999944,10.249268,16.999614,84,01:15
pre_lights,Wednesday,2,75,right,7.701558,6.999088,1.999467,3.999646,10.998657,14.698684,84,01:15
pre_lights,Wednesday,2,90,left,6.011269,5.999002,0.299938,1.999865,8.998569,11.999788,84,01:30
pre_lights,Wednesday,2,90,right,9.010967,7.998846,2.999766,4.999177,11.999744,18.696790,84,01:30
pre_lights,Wednesday,2,105,left,6.023105,4.999937,0.000000,1.999650,8.998645,12.698028,84,01:45
pre_lights,Wednesday,2,105,right,8.879944,8.998443,3.299430,4.999930,11.997930,15.000490,84,01:45
pre_lights,Wednesday,2,120,left,7.380082,6.999894,0.000000,1.999949,10.998128,13.997597,84,02:00
pre_lights,Wednesday,2,120,right,9.010847,7.999821,1.999856,4.749341,11.998834,16.698905,84,02:00
pre_lights,Wednesday,2,135,left,5.523119,3.999816,0.299909,1.999659,8.248961,11.699247,84,02:15
pre_lights,Wednesday,2,135,right,10.831845,9.998247,1.299858,5.999377,14.990620,19.697467,84,02:15
pre_lights,Wednesday,2,150,left,7.201483,6.998862,0.000000,2.999880,9.998214,14.997919,84,02:30
pre_lights,Wednesday,2,150,right,11.177268,9.998311,3.299664,6.998129,14.249409,21.696922,84,02:30
pre_lights,Wednesday,2,165,left,5.189801,3.999543,0.000000,1.749744,6.998999,11.699369,84,02:45
pre_lights,Wednesday,2,165,right,12.915064,11.998549,1.299880,7.997732,16.249498,22.996174,84,02:45
pre_lights,Wednesday,2,180,left,7.344202,7.498840,0.000000,2.999970,10.249163,13.699499,84,03:00
pre_lights,Wednesday,2,180,right,12.165069,11.498876,1.999858,6.999039,17.248418,21.696492,84,03:00
pre_lights,Wednesday,2,195,left,7.475285,6.999025,0.000000,2.999497,9.999843,16.698173,84,03:15
pre_lights,Wednesday,2,195,right,14.200797,12.998699,4.999601,8.998656,18.996877,24.387041,84,03:15
pre_lights,Wednesday,2,210,left,7.915616,7.499237,0.999863,2.999548,10.998205,16.997254,84,03:30
pre_lights,Wednesday,2,210,right,19.080700,16.998834,9.299383,12.997802,23.998230,31.394755,84,03:30
pre_lights,Wednesday,2,225,left,6.796675,5.996264,0.000000,2.999132,9.248460,13.699261,84,03:45
pre_lights,Wednesday,2,225,right,20.615921,19.498336,8.199266,13.997562,26.994161,33.694202,84,03:45
pre_lights,Wednesday,2,240,left,7.296803,7.998637,0.299941,2.999501,9.999707,14.001277,84,04:00
pre_lights,Wednesday,2,240,right,22.425784,22.998906,9.300509,15.997402,28.248275,33.695011,84,04:00
pre_lights,Wednesday,2,255,left,7.749222,6.999054,1.999648,2.999534,11.248459,14.698022,84,04:15
pre_lights,Wednesday,2,255,right,30.711285,32.496348,10.298237,25.747057,37.993489,43.696020,84,04:15
pre_lights,Wednesday,2,270,left,8.498889,7.999124,0.999957,3.999767,11.998185,16.397517,84,04:30
pre_lights,Wednesday,2,270,right,42.494294,43.992142,25.995602,34.998786,52.246647,59.397668,84,04:30
pre_lights,Wednesday,2,285,left,9.842145,8.999742,1.999647,4.999806,14.497231,17.797142,83,04:45
pre_lights,Wednesday,2,285,right,53.402949,55.989684,31.594686,44.496329,64.495789,78.015995,83,04:45
pre_lights,Wednesday,2,300,left,10.796407,9.998289,1.999925,5.999734,13.998697,19.696347,84,05:00
pre_lights,Wednesday,2,300,right,59.100352,59.490058,33.298103,48.741947,75.237144,88.482773,84,05:00
pre_lights,Wednesday,2,315,left,10.819675,9.998729,1.999653,4.999309,13.998347,18.697881,84,05:15
pre_lights,Wednesday,2,315,right,79.904684,85.497131,47.591757,69.993980,95.986827,108.685434,84,05:15
pre_lights,Wednesday,2,330,left,11.796132,9.995619,1.299790,5.749521,16.996990,24.696378,84,05:30
pre_lights,Wednesday,2,330,right,84.858051,91.477946,64.988441,74.740001,102.242540,107.686310,84,05:30
pre_lights,Wednesday,2,345,left,15.403025,14.497576,2.299748,9.748609,21.247551,26.999597,84,05:45
pre_lights,Wednesday,2,345,right,83.109923,87.996399,47.595976,78.990832,100.247781,110.089233,84,05:45
pre_lights,Wednesday,2,360,left,18.045396,16.998409,5.998989,11.997814,21.996620,32.395980,84,06:00
pre_lights,Wednesday,2,360,right,82.085503,87.984520,49.696292,75.987588,98.981971,105.395256,84,06:00
pre_lights,Wednesday,2,375,left,19.545280,18.997980,3.999699,11.997912,26.248725,31.696381,84,06:15
pre_lights,Wednesday,2,375,right,80.954668,84.994268,54.992868,70.737999,97.241812,108.691182,84,06:15
pre_lights,Wednesday,2,390,left,19.009210,16.498416,5.998977,9.998259,24.498451,35.795881,84,06:30
pre_lights,Wednesday,2,390,right,83.357578,86.984897,56.290776,71.739908,102.486689,115.085591,84,06:30
pre_lights,Wednesday,2,405,left,19.545108,14.498508,4.599272,8.749252,24.499147,42.696702,84,06:45
pre_lights,Wednesday,2,405,right,94.642362,97.482887,47.997388,78.494905,119.981649,141.694537,84,06:45
pre_lights,Wednesday,2,420,left,27.246333,24.995721,5.299443,11.748042,43.244305,53.690599,84,07:00
pre_lights,Wednesday,2,420,right,97.415493,101.487213,50.591836,78.488580,128.980575,142.382405,84,07:00
pre_lights,Wednesday,2,435,left,31.686370,29.999006,5.299118,14.747442,45.247916,60.392616,84,07:15
pre_lights,Wednesday,2,435,right,100.201804,103.482853,56.291178,79.996038,124.479317,146.790113,84,07:15
pre_lights,Wednesday,2,450,left,43.209340,41.996995,10.898240,27.747434,59.240274,67.996256,84,07:30
pre_lights,Wednesday,2,450,right,91.060890,87.991337,50.193392,68.991684,119.979379,134.121916,84,07:30
pre_lights,Wednesday,2,465,left,49.326492,48.991670,13.997676,33.745184,67.495824,81.389399,84,07:45
pre_lights,Wednesday,2,465,right,97.224947,92.489881,49.192217,73.994853,127.244612,151.679545,84,07:45
pre_lights,Wednesday,2,480,left,51.482013,52.494302,20.598829,35.744826,65.247560,85.385208,84,08:00
pre_lights,Wednesday,2,480,right,103.223990,102.989519,54.194901,84.735245,129.094075,151.679674,84,08:00
pre_lights,Wednesday,2,495,left,50.481488,51.493988,18.997549,33.245175,67.245018,80.688597,84,08:15
pre_lights,Wednesday,2,495,right,108.963238,109.983587,65.788071,81.998078,135.988778,159.084815,84,08:15
pre_lights,Wednesday,2,510,left,50.683572,49.996082,23.298570,33.745422,65.997048,77.389383,84,08:30
pre_lights,Wednesday,2,510,right,106.268031,105.997747,64.594312,89.990593,132.233223,155.079462,84,08:30
pre_lights,Wednesday,2,525,left,55.638610,56.988018,25.496711,42.992813,68.995473,84.796767,84,08:45
pre_lights,Wednesday,2,525,right,105.063352,107.987234,62.493224,86.990547,133.237919,150.987024,84,08:45
pre_lights,Wednesday,2,540,left,51.626172,52.495355,22.296838,36.993026,65.243763,74.687365,84,09:00
pre_lights,Wednesday,2,540,right,97.001884,102.488814,55.787593,72.746374,123.242105,145.674328,84,09:00
pre_lights,Wednesday,2,555,left,52.091308,52.992189,23.896629,40.997440,64.245851,75.997387,84,09:15
pre_lights,Wednesday,2,555,right,101.480728,103.493382,60.395299,84.995117,124.984526,143.978173,84,09:15
pre_lights,Wednesday,2,570,left,55.148485,56.494898,24.497915,38.744211,72.997976,81.695207,84,09:30
pre_lights,Wednesday,2,570,right,97.155284,100.485919,50.595380,81.736290,120.988985,133.987093,84,09:30
pre_lights,Wednesday,2,585,left,52.314718,55.490323,13.399324,40.993214,68.240154,79.972929,84,09:45
pre_lights,Wednesday,2,585,right,90.203100,93.010871,27.096555,72.738915,112.494240,131.663717,84,09:45
pre_lights,Wednesday,2,600,left,48.887161,48.493752,23.096832,38.997715,59.997783,77.391057,84,10:00
pre_lights,Wednesday,2,600,right,92.942409,97.489899,35.397924,77.991763,116.737375,135.994033,84,10:00
pre_lights,Wednesday,2,615,left,50.388541,51.992707,22.098098,40.744580,62.492713,72.096365,84,10:15
pre_lights,Wednesday,2,615,right,88.682858,93.487880,24.995797,64.991028,117.239417,139.807327,84,10:15
pre_lights,Wednesday,2,630,left,52.221220,51.994825,26.997212,42.492831,65.990565,82.985903,84,10:30
pre_lights,Wednesday,2,630,right,95.229569,102.488557,26.295726,72.244757,131.244096,147.762644,84,10:30
pre_lights,Wednesday,2,645,left,52.994325,52.994907,27.995654,40.998728,65.990330,83.690018,84,10:45
pre_lights,Wednesday,2,645,right,102.155733,107.489503,62.592677,86.492490,128.489167,144.381860,84,10:45
pre_lights,Wednesday,2,660,left,54.040944,54.498640,28.497221,43.745258,68.245046,78.690752,84,11:00
pre_lights,Wednesday,2,660,right,104.260979,110.977755,64.297185,83.991406,130.240525,152.385835,84,11:00
pre_lights,Wednesday,2,675,left,56.064961,57.494627,17.997575,44.743572,69.241824,88.689977,84,11:15
pre_lights,Wednesday,2,675,right,96.583891,101.490689,46.494857,76.994307,122.233022,144.378312,84,11:15
pre_lights,Wednesday,2,690,left,59.386710,59.493831,29.698512,44.743700,75.992838,90.691282,84,11:30
pre_lights,Wednesday,2,690,right,96.109160,97.485632,58.594438,81.498519,122.483411,135.694438,84,11:30
pre_lights,Wednesday,2,705,left,62.644498,60.995334,30.395114,47.497675,77.490215,97.586717,83,11:45
pre_lights,Wednesday,2,705,right,97.893945,98.998181,59.191796,78.986996,119.481828,135.982218,83,11:45
pre_lights,Wednesday,2,720,left,64.637336,64.989093,33.595854,50.994276,80.989313,93.691685,84,12:00
pre_lights,Wednesday,2,720,right,92.432324,92.993344,65.317799,75.745460,111.480838,132.678333,84,12:00
pre_lights,Wednesday,2,735,left,67.029083,71.992336,37.298858,53.246809,82.035535,95.784527,82,12:15
pre_lights,Wednesday,2,735,right,96.818017,95.490973,62.300677,75.994791,122.988238,136.988219,82,12:15
pre_lights,Wednesday,2,750,left,70.158262,68.533338,37.897144,53.990651,87.485306,107.090389,84,12:30
pre_lights,Wednesday,2,750,right,92.762963,92.490645,62.989225,75.052245,108.481935,122.380184,84,12:30
pre_lights,Wednesday,2,765,left,68.396606,69.490363,35.297979,58.990274,81.242036,98.998046,84,12:45
pre_lights,Wednesday,2,765,right,89.822900,87.995818,57.597055,71.987525,102.245388,121.647466,84,12:45
pre_lights,Wednesday,2,780,left,68.753302,70.997705,38.293816,52.999778,83.740939,99.188092,84,13:00
pre_lights,Wednesday,2,780,right,85.405643,87.986861,57.892153,73.993988,99.238582,114.385694,84,13:00
pre_lights,Wednesday,2,795,left,65.203070,68.499515,28.295728,50.498575,82.986995,94.687438,84,13:15
pre_lights,Wednesday,2,795,right,82.391513,84.985650,63.990338,73.737508,94.993346,107.661713,84,13:15
pre_lights,Wednesday,2,810,left,71.396015,74.490314,43.293138,55.490824,85.987765,96.997842,84,13:30
pre_lights,Wednesday,2,810,right,84.965535,87.997637,60.596693,74.992556,99.982952,108.681335,84,13:30
pre_lights,Wednesday,2,825,left,71.824294,72.491169,36.900114,57.744506,89.986723,106.982751,84,13:45
pre_lights,Wednesday,2,825,right,86.905664,87.988440,64.290060,76.995426,99.983619,110.685960,84,13:45
pre_lights,Wednesday,2,840,left,80.241917,82.491799,42.295872,59.742373,97.992556,114.080090,84,14:00
pre_lights,Wednesday,2,840,right,82.039044,83.011604,60.092149,75.737553,94.979961,103.982377,84,14:00
pre_lights,Wednesday,2,855,left,76.396121,80.493155,42.296738,64.997199,93.984628,106.687695,84,14:15
pre_lights,Wednesday,2,855,right,88.264348,89.485158,66.992127,76.239465,100.247073,119.794252,84,14:15
pre_lights,Wednesday,2,870,left,74.025053,76.991128,38.899401,53.747194,92.984947,108.381070,84,14:30
pre_lights,Wednesday,2,870,right,83.357852,83.490348,63.591690,70.741184,95.942869,109.996675,84,14:30
pre_lights,Wednesday,2,885,left,73.595988,74.491333,42.597071,56.746660,94.238360,103.363490,84,14:45
pre_lights,Wednesday,2,885,right,83.261680,82.494348,65.296432,73.488793,96.240504,107.692728,84,14:45
pre_lights,Wednesday,2,900,left,68.788968,70.486020,42.296319,54.742138,85.987354,99.991105,84,15:00
pre_lights,Wednesday,2,900,right,81.418645,81.995247,58.593542,72.991024,95.987422,106.083099,84,15:00
pre_lights,Wednesday,2,915,left,65.968909,63.993751,42.294660,49.991910,80.246209,101.383725,84,15:15
pre_lights,Wednesday,2,915,right,84.954780,84.487190,65.294728,76.748249,93.739787,111.395924,84,15:15
pre_lights,Wednesday,2,930,left,66.932764,66.989032,38.293375,53.742509,81.241217,99.983152,84,15:30
pre_lights,Wednesday,2,930,right,87.776119,88.490079,61.916543,74.737988,101.243027,118.194850,84,15:30
pre_lights,Wednesday,2,945,left,66.766306,67.498824,36.593366,50.990427,81.243402,100.096633,84,15:45
pre_lights,Wednesday,2,945,right,88.739596,86.489934,62.587731,73.740410,103.238382,119.990626,84,15:45
pre_lights,Wednesday,2,960,left,66.220344,66.991922,37.898089,48.993001,83.243702,93.998266,84,16:00
pre_lights,Wednesday,2,960,right,85.480325,86.489704,59.294919,73.495052,106.248717,119.096543,84,16:00
pre_lights,Wednesday,2,975,left,64.231641,67.996729,35.994746,47.742331,83.240503,92.035059,84,16:15
pre_lights,Wednesday,2,975,right,86.989987,86.495058,54.290778,67.739185,103.989984,120.792421,84,16:15
pre_lights,Wednesday,2,990,left,65.453773,65.400738,36.596852,52.492636,78.237867,99.094286,84,16:30
pre_lights,Wednesday,2,990,right,84.960719,81.985891,53.291828,67.738803,101.981918,125.979912,84,16:30
pre_lights,Wednesday,2,1005,left,64.705455,63.994559,35.194069,49.745871,81.223292,92.975875,84,16:45
pre_lights,Wednesday,2,1005,right,77.072797,80.488031,44.096540,61.744594,98.486283,109.387950,84,16:45
pre_lights,Wednesday,2,1020,left,57.171196,58.498728,28.995531,40.993184,77.986566,90.685523,84,17:00
pre_lights,Wednesday,2,1020,right,72.443276,71.987632,33.894628,55.989088,92.486195,112.380387,84,17:00
pre_lights,Wednesday,2,1035,left,50.053091,51.493344,15.597631,24.998996,71.237529,86.395197,84,17:15
pre_lights,Wednesday,2,1035,right,66.931700,67.991104,32.294392,45.492022,86.740538,106.986697,84,17:15
pre_lights,Wednesday,2,1050,left,48.637781,39.494413,15.298980,20.996671,72.987618,89.984109,84,17:30
pre_lights,Wednesday,2,1050,right,63.575882,59.493873,33.294497,46.990736,84.984954,99.985026,84,17:30
pre_lights,Wednesday,2,1065,left,50.827846,33.997083,15.298077,21.996237,83.488826,100.778188,84,17:45
pre_lights,Wednesday,2,1065,right,63.684324,61.490994,35.890129,45.743016,82.985176,93.684809,84,17:45
pre_lights,Wednesday,2,1080,left,47.764428,32.999290,13.998195,22.491437,75.984178,93.991239,83,18:00
pre_lights,Wednesday,2,1080,right,61.546342,60.993094,32.994576,44.992996,76.990508,93.795493,83,18:00
pre_lights,Wednesday,2,1095,left,46.850166,30.994717,9.299569,18.747542,77.236545,96.084066,84,18:15
pre_lights,Wednesday,2,1095,right,59.813063,54.495861,32.994953,44.993526,76.740041,96.984388,84,18:15
pre_lights,Wednesday,2,1110,left,48.373885,31.994470,15.999144,22.996284,81.229698,99.691929,84,18:30
pre_lights,Wednesday,2,1110,right,62.324438,61.992844,31.595394,46.993170,74.484100,98.694166,84,18:30
pre_lights,Wednesday,2,1125,left,41.124838,27.491798,12.999202,18.749201,61.238257,87.985009,84,18:45
pre_lights,Wednesday,2,1125,right,59.824463,58.989452,28.298916,43.992215,74.990593,94.689277,84,18:45
pre_lights,Wednesday,2,1140,left,35.006115,20.999131,9.999781,15.998275,39.747310,80.087569,84,19:00
pre_lights,Wednesday,2,1140,right,56.061927,53.490872,31.598480,42.997008,68.496365,79.985973,84,19:00
pre_lights,Wednesday,2,1155,left,28.294114,19.998055,7.999103,13.747831,34.991074,64.391899,84,19:15
pre_lights,Wednesday,2,1155,right,51.290718,51.992269,31.593344,40.744475,62.994537,73.689725,84,19:15
pre_lights,Wednesday,2,1170,left,24.031846,18.996776,9.298935,12.999400,25.499390,46.492952,84,19:30
pre_lights,Wednesday,2,1170,right,45.207675,45.492200,28.294920,36.001227,55.242518,64.388997,84,19:30
pre_lights,Wednesday,2,1185,left,21.545145,16.498332,8.299300,10.999234,24.996079,37.396960,84,19:45
pre_lights,Wednesday,2,1185,right,37.436080,35.973821,23.298920,28.998958,45.991518,56.690507,84,19:45
pre_lights,Wednesday,2,1200,left,18.164882,14.999544,6.299012,10.748812,19.247335,33.697524,84,20:00
pre_lights,Wednesday,2,1200,right,35.651047,34.497227,21.298566,26.749091,45.246423,55.990943,84,20:00
pre_lights,Wednesday,2,1215,left,13.617990,11.999845,4.999329,8.999420,16.997181,21.998173,84,20:15
pre_lights,Wednesday,2,1215,right,34.508346,34.496393,22.297913,26.748907,43.245081,47.995334,84,20:15
pre_lights,Wednesday,2,1230,left,14.521870,13.999102,6.999071,9.999191,18.996941,22.997928,84,20:30
pre_lights,Wednesday,2,1230,right,33.507291,33.998394,21.297824,25.999799,41.996563,47.000291,84,20:30
pre_lights,Wednesday,2,1245,left,13.974745,13.998184,4.999170,8.998435,18.996881,21.699095,84,20:45
pre_lights,Wednesday,2,1245,right,33.365518,33.995016,21.297855,26.745877,40.999662,48.692531,84,20:45
pre_lights,Wednesday,2,1260,left,13.581936,12.999169,4.299670,8.999151,17.999689,22.997453,84,21:00
pre_lights,Wednesday,2,1260,right,31.997116,31.503294,19.996385,24.997912,38.996430,47.693451,84,21:00
pre_lights,Wednesday,2,1275,left,11.844101,10.999410,4.999141,6.999788,14.999259,20.008078,84,21:15
pre_lights,Wednesday,2,1275,right,33.686473,34.496824,21.999033,26.998849,39.993342,45.679818,84,21:15
pre_lights,Wednesday,2,1290,left,11.046741,9.999323,2.999849,6.000051,13.999661,20.697008,84,21:30
pre_lights,Wednesday,2,1290,right,31.532948,30.512333,17.995747,23.998495,39.231676,47.093590,84,21:30
pre_lights,Wednesday,2,1305,left,9.427525,8.999245,3.299658,4.999858,12.998118,15.998731,84,21:45
pre_lights,Wednesday,2,1305,right,29.485180,28.990729,19.298872,22.998532,36.248599,42.997780,84,21:45
pre_lights,Wednesday,2,1320,left,11.606298,10.499109,4.999180,6.749060,15.998864,19.697909,84,22:00
pre_lights,Wednesday,2,1320,right,27.140850,27.998121,12.599581,19.998286,34.246873,40.694817,84,22:00
pre_lights,Wednesday,2,1335,left,10.511105,9.499108,4.999791,6.999654,13.999154,16.998833,84,22:15
pre_lights,Wednesday,2,1335,right,26.640715,26.496995,15.298977,19.999035,34.246580,39.997810,84,22:15
pre_lights,Wednesday,2,1350,left,12.348538,9.998279,4.199863,6.000030,13.000039,17.998131,83,22:30
pre_lights,Wednesday,2,1350,right,25.588497,24.998159,11.199085,18.499583,30.999133,37.998089,83,22:30
pre_lights,Wednesday,2,1365,left,11.189534,10.999257,3.999505,6.999457,13.998990,16.998101,84,22:45
pre_lights,Wednesday,2,1365,right,23.867336,23.497018,9.899478,18.748014,30.997261,36.999526,84,22:45
pre_lights,Wednesday,2,1380,left,10.237397,6.999709,0.999942,3.999728,11.998573,16.399416,84,23:00
pre_lights,Wednesday,2,1380,right,19.510460,18.498375,8.999291,13.749093,25.997705,31.699192,84,23:00
pre_lights,Wednesday,2,1395,left,14.117631,11.499427,3.999834,7.999417,18.998643,25.697015,84,23:15
pre_lights,Wednesday,2,1395,right,18.736231,16.998607,7.999303,11.999751,24.998263,30.997641,84,23:15
pre_lights,Wednesday,2,1410,left,12.772754,10.999772,1.299857,5.999383,16.998965,26.698018,84,23:30
pre_lights,Wednesday,2,1410,right,13.963286,12.999376,4.999591,8.999669,18.996533,23.999432,84,23:30
pre_lights,Wednesday,2,1425,left,10.129938,8.498972,1.999830,4.998392,13.999656,19.698585,84,23:45
pre_lights,Wednesday,2,1425,right,15.593630,14.998943,5.599623,9.999723,19.248328,23.998901,84,23:45
pre_lights,Thursday,3,0,left,10.344809,8.998528,2.999514,3.999770,14.998604,23.995527,81,00:00
pre_lights,Thursday,3,0,right,12.344660,10.999082,4.999393,6.999849,15.998890,19.996549,81,00:00
pre_lights,Thursday,3,15,left,9.937551,8.998894,1.999980,4.999690,12.999284,17.999306,81,00:15
pre_lights,Thursday,3,15,right,11.480652,10.999482,4.000002,6.999267,14.998937,18.996663,81,00:15
pre_lights,Thursday,3,30,left,9.061023,6.999723,2.999154,4.997733,11.011199,17.998431,81,00:30
pre_lights,Thursday,3,30,right,9.665808,7.999346,2.999758,5.999771,10.999206,16.998820,81,00:30
pre_lights,Thursday,3,45,left,9.011519,6.999807,2.999517,3.999986,10.999571,17.999889,81,00:45
pre_lights,Thursday,3,45,right,10.393817,8.998615,3.999264,6.000537,13.998390,19.999103,81,00:45
pre_lights,Thursday,3,60,left,8.529966,6.999258,0.999960,2.999561,10.999742,20.998070,81,01:00
pre_lights,Thursday,3,60,right,7.900438,7.000666,2.999561,3.999894,9.999403,13.997443,81,01:00
pre_lights,Thursday,3,75,left,7.357458,5.999513,0.999909,2.999820,9.998714,14.998756,81,01:15
pre_lights,Thursday,3,75,right,8.567206,6.999470,1.999663,4.999171,12.998390,15.999324,81,01:15
pre_lights,Thursday,3,90,left,6.702785,6.998736,1.999657,2.999492,9.998282,13.997528,81,01:30
pre_lights,Thursday,3,90,right,8.937186,7.999476,1.999843,4.999152,11.998668,16.997190,81,01:30
pre_lights,Thursday,3,105,left,5.666037,4.999480,0.999983,2.999286,8.998448,10.000220,81,01:45
pre_lights,Thursday,3,105,right,11.072930,9.999826,3.999284,4.999930,15.997238,20.996178,81,01:45
pre_lights,Thursday,3,120,left,8.011392,7.998529,0.999946,2.999515,10.998127,15.997248,81,02:00
pre_lights,Thursday,3,120,right,11.492382,10.998054,2.999767,4.999156,14.999790,22.996001,81,02:00
pre_lights,Thursday,3,135,left,7.060822,4.999933,0.999944,2.999764,8.999883,11.998316,81,02:15
pre_lights,Thursday,3,135,right,9.332140,6.999916,1.999911,4.999141,11.998252,17.998015,81,02:15
pre_lights,Thursday,3,150,left,7.801366,6.998749,1.999666,3.999291,10.998779,13.997681,81,02:30
pre_lights,Thursday,3,150,right,11.763915,8.999448,4.992518,6.998744,15.997273,19.997419,81,02:30
pre_lights,Thursday,3,165,left,6.887930,5.998839,0.999825,2.999495,8.998500,14.997506,81,02:45
pre_lights,Thursday,3,165,right,14.961035,12.998920,5.999004,8.998484,17.997395,23.997664,81,02:45
pre_lights,Thursday,3,180,left,7.752210,6.998963,0.999915,2.999535,11.997965,15.000108,81,03:00
pre_lights,Thursday,3,180,right,13.455064,11.998361,4.999532,7.998640,16.997943,20.999830,81,03:00
pre_lights,Thursday,3,195,left,6.468288,4.999162,0.000000,1.999659,9.998643,12.997895,81,03:15
pre_lights,Thursday,3,195,right,14.331400,13.997651,5.999095,8.998779,17.998894,23.997615,81,03:15
pre_lights,Thursday,3,210,left,7.986589,6.999426,0.999838,4.999114,10.998878,13.997635,81,03:30
pre_lights,Thursday,3,210,right,17.837138,15.997657,5.998992,11.997899,20.998131,30.995485,81,03:30
pre_lights,Thursday,3,225,left,8.381704,6.998782,0.999935,2.999464,11.999285,17.999634,81,03:45
pre_lights,Thursday,3,225,right,22.528258,22.996059,7.999637,13.997547,28.995007,35.996710,81,03:45
pre_lights,Thursday,3,240,left,7.381695,5.999697,0.999829,1.999767,10.998089,14.998032,81,04:00
pre_lights,Thursday,3,240,right,24.515181,22.996059,10.998100,16.998349,31.999028,38.996839,81,04:00
pre_lights,Thursday,3,255,left,7.653309,6.999684,0.000000,2.999962,10.998651,14.998057,81,04:15
pre_lights,Thursday,3,255,right,30.946507,32.994454,11.997920,21.999079,39.993346,47.992077,81,04:15
pre_lights,Thursday,3,270,left,8.134760,6.998802,1.999655,3.999328,11.999794,16.001072,81,04:30
pre_lights,Thursday,3,270,right,41.155192,44.993949,12.997756,34.994172,50.992972,57.999380,81,04:30
pre_lights,Thursday,3,285,left,9.492569,8.998656,1.999641,3.999276,13.997588,18.995517,81,04:45
pre_lights,Thursday,3,285,right,51.054803,54.989964,13.998009,46.972570,62.990142,71.995507,81,04:45
pre_lights,Thursday,3,300,left,9.887587,9.999177,1.999624,4.999111,13.997559,16.997233,81,05:00
pre_lights,Thursday,3,300,right,56.783196,61.988931,18.996626,45.992092,72.994233,84.988554,81,05:00
pre_lights,Thursday,3,315,left,10.048231,8.999251,0.999831,4.999990,14.997461,18.996980,81,05:15
pre_lights,Thursday,3,315,right,71.905797,80.986292,13.997640,59.999881,90.989967,102.045405,81,05:15
pre_lights,Thursday,3,330,left,11.702252,10.001329,1.999756,5.999383,15.998023,21.996258,81,05:30
pre_lights,Thursday,3,330,right,79.570189,89.984052,13.998644,71.989502,97.983707,107.986480,81,05:30
pre_lights,Thursday,3,345,left,12.393430,11.998191,2.999739,5.999502,16.999308,22.996163,81,05:45
pre_lights,Thursday,3,345,right,77.990706,85.997377,23.995820,74.997709,93.999399,101.994550,81,05:45
pre_lights,Thursday,3,360,left,15.948092,13.997511,3.999320,7.999362,20.996792,30.994686,81,06:00
pre_lights,Thursday,3,360,right,78.529953,86.985088,21.996201,65.993172,95.992341,106.981025,81,06:00
pre_lights,Thursday,3,375,left,17.750924,17.996853,3.999502,10.998043,24.998613,30.997138,81,06:15
pre_lights,Thursday,3,375,right,78.261564,82.992307,26.998872,67.988363,93.994322,105.981381,81,06:15
pre_lights,Thursday,3,390,left,18.775415,12.997834,4.000507,6.999160,21.998665,44.992448,81,06:30
pre_lights,Thursday,3,390,right,87.902559,89.984940,26.995268,66.994665,108.976065,135.977198,81,06:30
pre_lights,Thursday,3,405,left,19.158237,14.997942,3.999924,7.999631,25.996014,37.999388,81,06:45
pre_lights,Thursday,3,405,right,88.162676,88.993701,19.999619,56.990634,119.980793,144.986475,81,06:45
pre_lights,Thursday,3,420,left,27.143980,23.010212,6.999760,12.997820,34.993852,57.955372,81,07:00
pre_lights,Thursday,3,420,right,98.381573,103.987609,16.996825,70.990606,129.978546,148.987321,81,07:00
pre_lights,Thursday,3,435,left,34.748097,31.997138,11.997869,17.997965,46.991891,66.989201,81,07:15
pre_lights,Thursday,3,435,right,90.493875,85.985996,25.997217,60.988953,126.996755,138.976810,81,07:15
pre_lights,Thursday,3,450,left,34.254828,33.997231,9.999430,17.997227,46.997871,60.989561,81,07:30
pre_lights,Thursday,3,450,right,95.409249,96.982954,33.967691,53.995210,133.977976,151.973356,81,07:30
pre_lights,Thursday,3,465,left,40.514783,40.994260,18.996713,23.997563,50.997549,66.988400,81,07:45
pre_lights,Thursday,3,465,right,98.668926,100.998605,34.993887,60.989569,130.994260,145.983577,81,07:45
pre_lights,Thursday,3,480,left,46.994009,46.991833,17.998856,29.999195,58.995115,76.987193,81,08:00
pre_lights,Thursday,3,480,right,111.269751,114.980361,38.996659,87.993546,143.981006,165.978022,81,08:00
pre_lights,Thursday,3,495,left,51.734333,47.996067,23.995807,34.994024,65.989067,86.985334,81,08:15
pre_lights,Thursday,3,495,right,113.726820,117.991622,41.993006,94.994450,140.976168,158.996592,81,08:15
pre_lights,Thursday,3,510,left,46.352525,45.992081,17.998936,30.994880,60.995869,75.989183,81,08:30
pre_lights,Thursday,3,510,right,102.012442,105.982541,46.991964,63.998983,127.991333,152.979475,81,08:30
pre_lights,Thursday,3,525,left,52.277509,51.989800,23.995770,32.996799,66.988753,81.982157,81,08:45
pre_lights,Thursday,3,525,right,108.728047,114.990860,38.998520,91.983797,140.976544,155.996873,81,08:45
pre_lights,Thursday,3,540,left,49.601041,49.998471,25.999316,32.999860,61.998738,75.016494,81,09:00
pre_lights,Thursday,3,540,right,104.263470,106.981936,40.997008,82.992319,128.994928,153.998000,81,09:00
pre_lights,Thursday,3,555,left,52.094600,48.999355,27.998551,33.999674,70.987399,76.994025,81,09:15
pre_lights,Thursday,3,555,right,106.090325,106.981389,56.995569,90.995547,128.978936,143.997255,81,09:15
pre_lights,Thursday,3,570,left,53.835226,52.998691,29.999579,38.996447,65.995676,79.996951,81,09:30
pre_lights,Thursday,3,570,right,101.732846,102.991253,54.994995,82.992887,124.988628,143.991223,81,09:30
pre_lights,Thursday,3,585,left,50.217629,47.997927,26.997523,36.996835,62.989591,76.995251,81,09:45
pre_lights,Thursday,3,585,right,108.903509,109.988922,64.993700,91.994163,129.980178,149.977101,81,09:45
pre_lights,Thursday,3,600,left,52.969710,51.990732,27.998615,38.996492,63.990413,79.991958,81,10:00
pre_lights,Thursday,3,600,right,103.334894,98.990899,58.997080,83.989879,120.946779,139.998178,81,10:00
pre_lights,Thursday,3,615,left,53.437735,54.991215,29.994735,39.995081,65.994857,77.994620,81,10:15
pre_lights,Thursday,3,615,right,108.456293,110.988457,60.990505,85.992910,129.986839,144.993079,81,10:15
pre_lights,Thursday,3,630,left,52.747068,51.004695,28.998478,40.997923,65.988011,75.992859,81,10:30
pre_lights,Thursday,3,630,right,103.186129,106.982483,62.994046,76.997070,125.993387,141.985555,81,10:30
pre_lights,Thursday,3,645,left,58.177865,57.999256,34.998764,48.991947,69.988493,82.990521,81,10:45
pre_lights,Thursday,3,645,right,99.888939,99.998424,54.994893,77.974513,120.979299,140.996748,81,10:45
pre_lights,Thursday,3,660,left,57.967951,61.000329,27.996526,40.993000,73.986989,81.985580,81,11:00
pre_lights,Thursday,3,660,right,102.838222,103.982505,48.991588,71.988052,133.893988,163.971213,81,11:00
pre_lights,Thursday,3,675,left,56.315030,56.990474,26.997307,42.998714,68.993887,83.986302,81,11:15
pre_lights,Thursday,3,675,right,100.668288,96.983655,43.996406,77.986733,125.988609,147.992472,81,11:15
pre_lights,Thursday,3,690,left,59.795881,56.995468,30.998960,43.998208,72.989900,88.985820,81,11:30
pre_lights,Thursday,3,690,right,105.223388,100.983883,58.998174,79.990425,130.989379,151.973663,81,11:30
pre_lights,Thursday,3,705,left,63.684084,60.999590,33.994717,44.993915,83.987349,97.982399,81,11:45
pre_lights,Thursday,3,705,right,95.989391,97.994436,39.998497,76.995017,119.997904,140.986710,81,11:45
pre_lights,Thursday,3,720,left,64.980019,65.988140,31.997277,50.998469,77.989696,92.984026,81,12:00
pre_lights,Thursday,3,720,right,97.890230,99.984637,52.991714,74.988794,116.981669,142.973057,81,12:00
pre_lights,Thursday,3,735,left,64.991384,65.989519,30.994759,47.997423,78.999842,93.987095,81,12:15
pre_lights,Thursday,3,735,right,91.037058,91.000905,48.999902,68.997236,109.984233,132.977048,81,12:15
pre_lights,Thursday,3,750,left,67.463628,68.071460,34.998810,47.992122,81.020532,97.984324,81,12:30
pre_lights,Thursday,3,750,right,95.943212,93.985086,63.997461,76.988286,112.000375,140.998512,81,12:30
pre_lights,Thursday,3,765,left,67.042751,69.997685,28.999577,50.991908,88.996129,96.994219,81,12:45
pre_lights,Thursday,3,765,right,91.486228,90.991877,57.997322,75.986573,105.988350,129.981684,81,12:45
pre_lights,Thursday,3,780,left,66.832261,66.991552,38.999469,51.992585,76.995511,97.983227,81,13:00
pre_lights,Thursday,3,780,right,91.632415,86.984743,65.981878,71.994176,107.988359,122.979278,81,13:00
pre_lights,Thursday,3,795,left,65.399019,64.988617,37.997767,46.003174,81.986021,92.984955,81,13:15
pre_lights,Thursday,3,795,right,87.778600,86.985095,64.999162,70.988511,100.974702,114.958013,81,13:15
pre_lights,Thursday,3,810,left,68.657309,67.993744,37.996561,50.992838,81.998479,98.990088,81,13:30
pre_lights,Thursday,3,810,right,85.582689,81.997231,67.988182,72.987658,95.992225,107.999561,81,13:30
pre_lights,Thursday,3,825,left,72.742798,71.987976,40.998976,53.998630,87.938620,100.982650,81,13:45
pre_lights,Thursday,3,825,right,90.061450,86.998227,67.988005,72.988974,95.983155,116.987744,81,13:45
pre_lights,Thursday,3,840,left,73.808437,72.987832,38.995486,54.990887,90.995908,108.983923,81,14:00
pre_lights,Thursday,3,840,right,88.263394,84.000126,67.989035,76.986779,94.984803,116.990374,81,14:00
pre_lights,Thursday,3,855,left,72.052853,70.994196,36.998328,52.991115,92.984190,102.984250,81,14:15
pre_lights,Thursday,3,855,right,86.051603,83.985650,65.998847,74.995934,96.992071,108.987757,81,14:15
pre_lights,Thursday,3,870,left,71.387746,73.987597,38.995199,51.990768,91.993818,105.992960,81,14:30
pre_lights,Thursday,3,870,right,86.225781,83.996974,61.991602,70.988150,96.999066,114.994327,81,14:30
pre_lights,Thursday,3,885,left,70.891792,71.000641,35.997871,49.998312,86.985977,101.986926,81,14:45
pre_lights,Thursday,3,885,right,85.766510,82.993198,62.993181,71.988352,96.991919,105.993730,81,14:45
pre_lights,Thursday,3,900,left,64.585355,60.989036,40.996230,50.996267,75.997289,92.991060,81,15:00
pre_lights,Thursday,3,900,right,82.558888,79.993510,61.997772,69.989332,93.986411,107.983521,81,15:00
pre_lights,Thursday,3,915,left,62.103687,60.989664,31.997168,46.999391,80.994942,95.983211,81,15:15
pre_lights,Thursday,3,915,right,85.014817,82.997177,62.989275,70.993213,98.985367,107.983320,81,15:15
pre_lights,Thursday,3,930,left,63.633748,60.995462,37.996548,47.993071,77.992923,89.999843,81,15:30
pre_lights,Thursday,3,930,right,87.692373,84.992471,59.991387,69.988212,99.989043,116.979180,81,15:30
pre_lights,Thursday,3,945,left,64.117541,58.999392,37.999011,49.998422,78.993068,95.991914,81,15:45
pre_lights,Thursday,3,945,right,88.794105,88.990220,57.996573,76.995968,100.990675,108.997162,81,15:45
pre_lights,Thursday,3,960,left,60.797301,57.991012,33.998052,45.999800,73.994706,90.989917,81,16:00
pre_lights,Thursday,3,960,right,84.251895,86.998434,56.995761,65.989538,95.992759,109.981000,81,16:00
pre_lights,Thursday,3,975,left,62.967039,59.995048,35.997789,42.980050,78.989034,87.994326,81,16:15
pre_lights,Thursday,3,975,right,91.480289,88.985347,63.995067,72.994900,106.981825,117.980083,81,16:15
pre_lights,Thursday,3,990,left,64.342746,62.494390,38.793729,49.742561,84.492843,95.083565,80,16:30
pre_lights,Thursday,3,990,right,87.752902,85.495888,60.689851,71.994936,101.227989,118.280858,80,16:30
pre_lights,Thursday,3,1005,left,63.424613,63.988985,34.998129,47.981757,80.995275,94.982784,81,16:45
pre_lights,Thursday,3,1005,right,85.730170,83.986036,51.997919,68.000247,100.986013,120.986966,81,16:45
pre_lights,Thursday,3,1020,left,56.375735,58.992748,16.998764,40.992693,72.989632,94.983476,81,17:00
pre_lights,Thursday,3,1020,right,81.113780,79.998067,45.993102,60.995262,98.981940,111.993169,81,17:00
pre_lights,Thursday,3,1035,left,52.093371,55.990052,12.998860,23.999726,75.994698,84.984523,81,17:15
pre_lights,Thursday,3,1035,right,69.141195,68.988204,30.997518,44.992194,90.983430,107.994188,81,17:15
pre_lights,Thursday,3,1050,left,49.055291,47.991443,12.998922,24.995712,70.988857,91.999695,81,17:30
pre_lights,Thursday,3,1050,right,67.151684,63.994010,39.996488,50.991233,82.986534,97.988195,81,17:30
pre_lights,Thursday,3,1065,left,47.285881,38.993810,15.997609,22.998773,71.988702,84.985337,81,17:45
pre_lights,Thursday,3,1065,right,64.765645,64.998741,36.009231,44.996165,82.985482,98.989408,81,17:45
pre_lights,Thursday,3,1080,left,48.918585,30.494768,9.894518,16.999360,82.235829,105.181490,80,18:00
pre_lights,Thursday,3,1080,right,66.966468,61.494015,31.896296,46.743331,86.989799,103.188036,80,18:00
pre_lights,Thursday,3,1095,left,48.288889,31.994680,11.998673,20.996482,77.986759,95.985681,81,18:15
pre_lights,Thursday,3,1095,right,64.447136,62.994046,36.994433,45.991777,78.986275,93.982754,81,18:15
pre_lights,Thursday,3,1110,left,46.722633,30.994706,10.998210,21.996321,78.987353,95.999944,81,18:30
pre_lights,Thursday,3,1110,right,65.992155,62.988724,35.992550,45.996218,86.985604,100.982565,81,18:30
pre_lights,Thursday,3,1125,left,40.180684,26.998955,10.998685,19.998057,60.994258,88.986206,81,18:45
pre_lights,Thursday,3,1125,right,63.055020,60.990023,39.993327,47.997201,73.992236,91.996216,81,18:45
pre_lights,Thursday,3,1140,left,35.612418,20.996621,11.997297,15.998204,47.995548,79.989742,81,19:00
pre_lights,Thursday,3,1140,right,61.659039,54.991814,32.997218,45.997624,72.994169,97.983844,81,19:00
pre_lights,Thursday,3,1155,left,28.503188,18.999115,9.998998,13.999461,28.999153,62.014920,81,19:15
pre_lights,Thursday,3,1155,right,52.722450,48.991587,32.995953,40.996653,64.991886,74.987375,81,19:15
pre_lights,Thursday,3,1170,left,26.465702,18.998900,9.998313,13.998227,26.997298,53.991567,81,19:30
pre_lights,Thursday,3,1170,right,49.179485,45.996165,26.999511,36.995314,59.989453,68.994114,81,19:30
pre_lights,Thursday,3,1185,left,22.342901,16.997753,5.998923,10.999211,23.999110,45.998063,81,19:45
pre_lights,Thursday,3,1185,right,41.785903,40.995721,22.998556,28.999015,50.996038,61.989190,81,19:45
pre_lights,Thursday,3,1200,left,19.022165,16.997083,6.999062,11.997899,21.998366,34.994071,81,20:00
pre_lights,Thursday,3,1200,right,37.353692,36.993907,21.996148,27.997632,45.997840,53.990418,81,20:00
pre_lights,Thursday,3,1215,left,16.615493,14.998881,6.999590,10.999710,18.999042,27.998335,81,20:15
pre_lights,Thursday,3,1215,right,37.156460,35.993581,21.999668,27.995169,45.998079,52.997608,81,20:15
pre_lights,Thursday,3,1230,left,16.504023,15.997154,7.998550,10.000648,21.996074,26.999972,81,20:30
pre_lights,Thursday,3,1230,right,36.823147,37.996221,19.997027,28.999969,42.999121,50.991176,81,20:30
pre_lights,Thursday,3,1245,left,14.862923,13.999452,6.998994,9.998961,19.996851,23.995730,81,20:45
pre_lights,Thursday,3,1245,right,34.577092,35.996855,19.999227,25.999436,39.997806,49.992201,81,20:45
pre_lights,Thursday,3,1260,left,15.430756,14.999882,6.999324,9.999188,19.996486,23.993143,81,21:00
pre_lights,Thursday,3,1260,right,34.441303,32.995275,19.996678,25.995703,42.993806,52.991148,81,21:00
pre_lights,Thursday,3,1275,left,14.430908,11.999585,6.998745,7.999570,16.999447,19.999890,81,21:15
pre_lights,Thursday,3,1275,right,34.922874,32.995009,18.015040,26.997454,41.998642,46.998938,81,21:15
pre_lights,Thursday,3,1290,left,13.233346,12.997812,5.999508,7.000010,16.997060,20.999573,81,21:30
pre_lights,Thursday,3,1290,right,33.256295,32.997086,19.999354,26.998681,39.994876,44.993307,81,21:30
pre_lights,Thursday,3,1305,left,12.949409,10.999540,4.999791,7.999527,13.999503,20.996344,81,21:45
pre_lights,Thursday,3,1305,right,32.108161,31.994719,15.999240,23.996180,39.998328,46.995755,81,21:45
pre_lights,Thursday,3,1320,left,14.591697,9.999895,3.999847,7.998457,14.999743,20.989409,81,22:00
pre_lights,Thursday,3,1320,right,32.405341,31.998555,15.998992,21.996263,40.998398,49.984041,81,22:00
pre_lights,Thursday,3,1335,left,11.616395,10.999819,4.999647,7.999427,14.993786,19.997048,81,22:15
pre_lights,Thursday,3,1335,right,31.071799,29.999297,16.997050,21.999590,36.993597,47.998174,81,22:15
pre_lights,Thursday,3,1350,left,10.875663,10.998972,3.999912,6.999417,14.998609,17.998758,81,22:30
pre_lights,Thursday,3,1350,right,27.182877,25.999535,13.998879,19.998378,31.999393,41.997792,81,22:30
pre_lights,Thursday,3,1365,left,13.578996,12.997782,4.999662,8.999564,17.003514,22.995838,81,22:45
pre_lights,Thursday,3,1365,right,27.059535,25.997365,14.998593,18.998938,33.997704,41.996641,81,22:45
pre_lights,Thursday,3,1380,left,10.505607,8.999214,1.999920,4.999942,12.999651,18.998568,81,23:00
pre_lights,Thursday,3,1380,right,20.912322,19.999354,9.998534,13.999518,24.999423,31.997241,81,23:00
pre_lights,Thursday,3,1395,left,13.147315,10.999095,3.999581,6.999447,16.997282,24.998044,81,23:15
pre_lights,Thursday,3,1395,right,19.974198,18.998958,8.999851,13.998728,24.996537,32.997268,81,23:15
pre_lights,Thursday,3,1410,left,15.825919,14.002978,4.999575,8.999733,20.997904,26.999135,81,23:30
pre_lights,Thursday,3,1410,right,16.936971,14.998111,7.998654,11.997912,20.998323,30.994651,81,23:30
pre_lights,Thursday,3,1425,left,15.295471,13.999609,3.999787,7.998776,20.996389,28.998211,81,23:45
pre_lights,Thursday,3,1425,right,16.394120,15.998671,8.999269,11.999737,19.999441,22.999063,81,23:45
pre_lights,Friday,4,0,left,10.165836,7.999864,0.999921,3.999767,14.999488,20.996116,84,00:00
pre_lights,Friday,4,0,right,13.082369,11.998964,5.299403,8.749405,16.999822,18.998959,84,00:00
pre_lights,Friday,4,15,left,9.725427,7.999496,1.999819,5.749194,12.997980,17.998099,84,00:15
pre_lights,Friday,4,15,right,12.474947,10.999725,5.299692,7.999377,16.998419,20.996814,84,00:15
pre_lights,Friday,4,30,left,11.546557,8.999825,2.299848,4.999553,16.997106,22.997720,84,00:30
pre_lights,Friday,4,30,right,10.903776,9.999487,3.999899,6.749160,13.998913,17.999763,84,00:30
pre_lights,Friday,4,45,left,11.938948,9.998330,2.299860,4.999734,16.996854,21.999787,84,00:45
pre_lights,Friday,4,45,right,10.808170,9.998303,3.999410,6.749057,12.998776,18.998753,84,00:45
pre_lights,Friday,4,60,left,9.468640,7.999904,1.199922,3.999819,12.999353,19.797922,83,01:00
pre_lights,Friday,4,60,right,8.818244,7.999137,2.999508,4.999604,11.997898,15.997364,83,01:00
pre_lights,Friday,4,75,left,8.245893,5.999649,1.999665,2.999901,12.997707,16.996840,81,01:15
pre_lights,Friday,4,75,right,10.764026,9.998252,3.999807,5.998973,13.998905,16.997189,81,01:15
pre_lights,Friday,4,90,left,7.225326,6.998789,1.299930,3.999317,8.998344,13.698829,84,01:30
pre_lights,Friday,4,90,right,9.462881,8.998447,2.999513,5.999004,11.999441,17.996909,84,01:30
pre_lights,Friday,4,105,left,6.213618,4.999142,0.999851,2.999407,8.999121,13.398701,84,01:45
pre_lights,Friday,4,105,right,11.034752,9.998410,3.299776,6.749029,13.998592,17.999224,84,01:45
pre_lights,Friday,4,120,left,7.082446,6.998794,0.999939,2.999694,9.998927,12.998322,84,02:00
pre_lights,Friday,4,120,right,10.439473,9.002062,3.999455,5.998996,12.997882,18.697766,84,02:00
pre_lights,Friday,4,135,left,6.697951,5.998974,0.999856,3.999303,9.496701,11.998024,83,02:15
pre_lights,Friday,4,135,right,9.456786,7.999983,2.999847,4.999764,10.998231,19.798262,83,02:15
pre_lights,Friday,4,150,left,7.248782,6.498435,1.999788,2.999790,10.248579,13.997449,84,02:30
pre_lights,Friday,4,150,right,12.831426,11.997951,4.999030,7.999786,15.997703,23.995719,84,02:30
pre_lights,Friday,4,165,left,7.177771,5.998953,0.999823,1.999868,9.249268,17.397051,84,02:45
pre_lights,Friday,4,165,right,12.403259,10.499083,3.999355,6.999382,15.997234,19.998338,84,02:45
pre_lights,Friday,4,180,left,6.713440,4.999606,0.999834,2.999485,8.999269,11.999273,84,03:00
pre_lights,Friday,4,180,right,12.986344,12.498854,3.999487,6.998897,19.996414,23.697101,84,03:00
pre_lights,Friday,4,195,left,8.272805,6.998932,1.999632,3.999296,11.997830,16.997120,84,03:15
pre_lights,Friday,4,195,right,14.129162,12.997799,4.999242,8.999384,18.996724,23.395996,84,03:15
pre_lights,Friday,4,210,left,6.927512,5.999637,0.999845,2.999629,9.998267,13.697529,84,03:30
pre_lights,Friday,4,210,right,19.056587,17.996984,7.998989,11.999401,25.246295,32.095175,84,03:30
pre_lights,Friday,4,225,left,7.558578,6.999049,0.999932,3.999342,10.998056,13.998230,84,03:45
pre_lights,Friday,4,225,right,22.937809,22.497605,12.299353,16.996655,29.244784,33.996236,84,03:45
pre_lights,Friday,4,240,left,8.320427,6.998827,1.999863,3.999370,10.998060,16.698121,84,04:00
pre_lights,Friday,4,240,right,23.461595,20.996943,11.298603,16.747700,29.996870,36.996688,84,04:00
pre_lights,Friday,4,255,left,7.427581,6.998767,0.999826,2.999664,10.998142,13.998963,84,04:15
pre_lights,Friday,4,255,right,31.579079,30.997671,17.997066,23.999852,36.997345,46.696251,84,04:15
pre_lights,Friday,4,270,left,10.010635,8.999143,1.999685,5.749185,12.997859,18.999381,84,04:30
pre_lights,Friday,4,270,right,42.494558,42.995648,24.299094,32.994179,50.991098,58.689441,84,04:30
pre_lights,Friday,4,285,left,11.343529,9.998996,2.999486,5.999012,15.997295,22.696305,84,04:45
pre_lights,Friday,4,285,right,51.849871,51.493620,29.996748,43.000011,60.989311,72.693495,84,04:45
pre_lights,Friday,4,300,left,11.951015,9.999672,3.999509,6.999658,15.997323,21.000491,84,05:00
pre_lights,Friday,4,300,right,55.314657,56.490341,34.295983,42.997698,64.249177,79.889122,84,05:00
pre_lights,Friday,4,315,left,10.808084,10.998140,3.999330,6.999151,14.997328,17.000049,84,05:15
pre_lights,Friday,4,315,right,78.668109,84.984929,42.994501,67.745263,94.986321,103.997238,84,05:15
pre_lights,Friday,4,330,left,11.581865,9.999202,2.999499,4.999872,15.499185,22.995971,84,05:30
pre_lights,Friday,4,330,right,86.192066,89.993411,58.300854,73.996329,99.241520,108.685712,84,05:30
pre_lights,Friday,4,345,left,14.140163,12.998676,4.299389,7.749768,19.996750,26.662590,84,05:45
pre_lights,Friday,4,345,right,88.319069,92.490026,58.196414,78.737595,100.986731,106.683340,84,05:45
pre_lights,Friday,4,360,left,16.605229,14.998302,7.998834,10.998530,20.998998,27.695191,84,06:00
pre_lights,Friday,4,360,right,83.621210,88.484462,49.194431,74.492648,99.241620,108.988316,84,06:00
pre_lights,Friday,4,375,left,19.628109,17.497915,7.299069,12.748105,24.987008,32.693702,84,06:15
pre_lights,Friday,4,375,right,83.048628,83.477515,47.993343,68.474343,96.988500,107.683584,84,06:15
pre_lights,Friday,4,390,left,21.759410,18.998649,8.998981,12.998776,27.247224,36.696848,84,06:30
pre_lights,Friday,4,390,right,84.193641,80.992800,48.295017,63.739456,100.493626,130.483828,84,06:30
pre_lights,Friday,4,405,left,23.949477,16.997706,7.998708,10.999459,33.247125,46.692329,84,06:45
pre_lights,Friday,4,405,right,98.892962,94.983198,48.593421,65.741665,129.977085,148.994625,84,06:45
pre_lights,Friday,4,420,left,33.200431,33.998841,10.995084,19.497375,45.992866,55.590074,83,07:00
pre_lights,Friday,4,420,right,107.829183,100.988947,53.994831,78.969227,137.977080,164.788984,83,07:00
pre_lights,Friday,4,435,left,40.090104,37.475849,16.997900,23.994789,52.241382,67.998982,84,07:15
pre_lights,Friday,4,435,right,104.210158,108.994180,58.297551,72.490886,125.298729,141.383427,84,07:15
pre_lights,Friday,4,450,left,40.663741,37.995561,17.299258,24.749466,52.993085,68.700355,84,07:30
pre_lights,Friday,4,450,right,100.456801,99.482580,60.992392,75.765340,125.229297,142.092438,84,07:30
pre_lights,Friday,4,465,left,45.827708,41.989422,21.996847,31.994569,56.994962,74.991153,84,07:45
pre_lights,Friday,4,465,right,112.831206,106.480884,65.995370,81.742706,131.983191,173.772537,84,07:45
pre_lights,Friday,4,480,left,49.754512,48.488830,27.995192,38.997576,60.994199,71.992125,84,08:00
pre_lights,Friday,4,480,right,110.638639,112.995604,65.294212,88.994615,131.243467,148.391217,84,08:00
pre_lights,Friday,4,495,left,50.100325,47.496963,29.994309,36.996473,62.991313,73.691162,84,08:15
pre_lights,Friday,4,495,right,109.223092,106.454545,69.888202,89.742131,131.476106,152.980453,84,08:15
pre_lights,Friday,4,510,left,55.862463,52.012826,32.590394,40.998100,66.988732,83.185406,84,08:30
pre_lights,Friday,4,510,right,111.963129,109.980949,75.489446,93.996640,128.231610,149.694406,84,08:30
pre_lights,Friday,4,525,left,51.090191,48.998090,33.597080,41.738063,61.244393,69.994339,84,08:45
pre_lights,Friday,4,525,right,111.667864,112.492366,72.890353,94.739001,132.246218,150.475447,84,08:45
pre_lights,Friday,4,540,left,53.565539,51.498454,34.298680,43.997593,64.246350,74.672877,84,09:00
pre_lights,Friday,4,540,right,108.286080,108.990839,73.992994,91.493341,125.246361,142.674587,84,09:00
pre_lights,Friday,4,555,left,54.398533,51.994374,37.295994,46.743423,64.245682,70.998413,84,09:15
pre_lights,Friday,4,555,right,105.369089,102.488049,73.989805,83.485279,122.982431,140.679980,84,09:15
pre_lights,Friday,4,570,left,55.207101,54.997060,32.297824,45.742227,64.988570,78.998131,84,09:30
pre_lights,Friday,4,570,right,102.344420,99.982441,71.997220,80.995529,119.231146,132.379161,84,09:30
pre_lights,Friday,4,585,left,53.268367,51.497051,34.301040,39.000061,64.490058,76.386742,84,09:45
pre_lights,Friday,4,585,right,99.453476,97.983896,71.993557,86.234589,117.246435,132.991806,84,09:45
pre_lights,Friday,4,600,left,54.268174,53.492446,34.994186,43.994054,65.490145,73.694338,84,10:00
pre_lights,Friday,4,600,right,97.751644,100.983563,66.297784,76.739769,112.232799,131.986746,84,10:00
pre_lights,Friday,4,615,left,60.765277,60.492512,34.995781,46.746374,74.959252,84.992870,84,10:15
pre_lights,Friday,4,615,right,95.818237,95.483515,69.290371,79.985420,109.983077,131.678318,84,10:15
pre_lights,Friday,4,630,left,59.766268,58.490191,35.321309,46.992168,73.241321,84.666990,84,10:30
pre_lights,Friday,4,630,right,95.227681,95.446280,64.291224,73.993641,117.479093,126.377771,84,10:30
pre_lights,Friday,4,645,left,58.160397,58.989323,35.294548,46.996011,68.998413,81.695755,84,10:45
pre_lights,Friday,4,645,right,93.906251,91.988466,59.090614,73.990331,113.995799,129.687230,84,10:45
pre_lights,Friday,4,660,left,60.158472,57.494950,34.998595,44.997446,73.240778,83.992760,84,11:00
pre_lights,Friday,4,660,right,95.594844,94.483637,68.991799,80.742083,113.984295,124.379507,84,11:00
pre_lights,Friday,4,675,left,58.479639,54.993845,31.298965,44.998670,73.487405,90.788422,84,11:15
pre_lights,Friday,4,675,right,95.512866,94.987995,68.891848,80.944624,111.980194,127.985283,84,11:15
pre_lights,Friday,4,690,left,60.040220,56.997822,37.192572,45.497118,70.488436,88.586544,83,11:30
pre_lights,Friday,4,690,right,99.251591,99.991662,60.197007,82.458877,117.982628,140.605756,83,11:30
pre_lights,Friday,4,705,left,61.719289,60.989638,35.297171,49.991505,70.988713,84.682709,84,11:45
pre_lights,Friday,4,705,right,98.144878,97.490147,64.189028,84.488127,110.242976,130.683486,84,11:45
pre_lights,Friday,4,720,left,65.051099,59.991529,44.296137,47.998793,79.987731,98.082375,84,12:00
pre_lights,Friday,4,720,right,97.582345,96.489453,71.293601,83.001887,109.487780,129.682708,84,12:00
pre_lights,Friday,4,735,left,66.240688,64.994845,41.992487,53.743477,78.989520,89.684972,84,12:15
pre_lights,Friday,4,735,right,100.819324,97.983129,70.889715,84.739955,113.237752,136.087824,84,12:15
pre_lights,Friday,4,750,left,66.812549,65.491630,44.617733,50.742746,82.987921,89.992666,84,12:30
pre_lights,Friday,4,750,right,99.307597,93.992621,69.595445,79.993402,109.497221,140.782656,84,12:30
pre_lights,Friday,4,765,left,66.158170,65.494488,41.597058,53.989222,75.989444,90.687386,84,12:45
pre_lights,Friday,4,765,right,96.440072,90.987452,67.995875,81.986439,110.985108,131.377346,84,12:45
pre_lights,Friday,4,780,left,69.492429,67.989804,43.993683,56.993984,82.993447,97.683742,84,13:00
pre_lights,Friday,4,780,right,94.645276,91.492327,63.489272,76.736572,108.748123,129.681467,84,13:00
pre_lights,Friday,4,795,left,69.748728,67.491822,46.294827,57.741672,81.241511,90.387256,84,13:15
pre_lights,Friday,4,795,right,93.744935,90.484871,67.988641,78.742952,104.984029,128.182523,84,13:15
pre_lights,Friday,4,810,left,73.870980,71.491012,43.992724,54.998442,88.234962,111.781893,84,13:30
pre_lights,Friday,4,810,right,90.857433,87.986491,67.976952,76.986484,102.242668,113.992698,84,13:30
pre_lights,Friday,4,825,left,69.992396,66.995612,42.307005,54.996481,82.236641,98.983981,84,13:45
pre_lights,Friday,4,825,right,85.895134,84.995730,63.292775,72.995789,95.986215,107.685128,84,13:45
pre_lights,Friday,4,840,left,68.236421,64.491782,43.096312,52.992834,81.238165,98.754542,82,14:00
pre_lights,Friday,4,840,right,86.783469,87.985025,67.989188,73.494040,96.982587,108.896345,82,14:00
pre_lights,Friday,4,855,left,67.917190,65.988162,41.196044,51.991213,80.488010,97.788110,83,14:15
pre_lights,Friday,4,855,right,86.300049,85.990062,59.391294,71.981869,96.490027,112.984044,83,14:15
pre_lights,Friday,4,870,left,67.874214,66.488692,37.996862,53.992287,82.240719,98.691393,84,14:30
pre_lights,Friday,4,870,right,87.944229,86.035245,55.293227,70.988052,104.238670,128.679322,84,14:30
pre_lights,Friday,4,885,left,64.790053,64.990274,36.597620,47.995402,82.236753,96.395970,84,14:45
pre_lights,Friday,4,885,right,94.488990,95.995598,53.293652,80.482770,113.980456,129.997068,84,14:45
pre_lights,Friday,4,900,left,64.468461,63.990956,33.994943,47.997464,82.240533,93.987393,84,15:00
pre_lights,Friday,4,900,right,87.894256,87.499079,56.991229,69.746703,105.984079,125.078137,84,15:00
pre_lights,Friday,4,915,left,59.743070,59.997719,32.294725,43.994728,75.988085,95.387200,84,15:15
pre_lights,Friday,4,915,right,84.050144,82.992427,52.890598,73.746295,100.245085,112.989076,84,15:15
pre_lights,Friday,4,930,left,57.671845,56.993702,35.596571,43.746832,68.994393,86.396508,84,15:30
pre_lights,Friday,4,930,right,84.704342,85.991439,53.992805,71.995837,98.243459,121.390506,84,15:30
pre_lights,Friday,4,945,left,56.028760,56.990706,33.288628,45.743438,67.988982,75.999418,84,15:45
pre_lights,Friday,4,945,right,86.369911,86.988399,56.291225,67.748594,99.236959,124.085898,84,15:45
pre_lights,Friday,4,960,left,53.327072,54.992466,27.997359,40.997143,62.498869,79.396073,84,16:00
pre_lights,Friday,4,960,right,86.882432,89.488407,53.294877,74.739322,105.984656,121.679220,84,16:00
pre_lights,Friday,4,975,left,57.541473,56.496762,36.297266,46.743814,68.992742,82.386518,84,16:15
pre_lights,Friday,4,975,right,88.144571,82.993636,58.992984,72.029472,103.989449,117.681171,84,16:15
pre_lights,Friday,4,990,left,57.981001,56.992348,37.298912,46.742070,70.990241,83.076549,84,16:30
pre_lights,Friday,4,990,right,89.298775,86.985002,60.995947,70.987827,100.986956,123.482545,84,16:30
pre_lights,Friday,4,1005,left,59.571734,61.993719,24.597330,46.997738,74.992581,87.188668,83,16:45
pre_lights,Friday,4,1005,right,87.749956,84.992801,52.994729,68.991328,102.993046,125.378772,83,16:45
pre_lights,Friday,4,1020,left,55.779039,58.494215,20.298459,40.495690,73.737826,85.685112,84,17:00
pre_lights,Friday,4,1020,right,80.146500,79.489845,41.695583,59.741180,99.238377,118.998042,84,17:00
pre_lights,Friday,4,1035,left,50.125447,48.992319,11.298684,25.498435,73.744639,87.693173,84,17:15
pre_lights,Friday,4,1035,right,66.635521,62.493050,37.896731,46.998543,82.245104,103.683081,84,17:15
pre_lights,Friday,4,1050,left,48.137762,38.993318,15.999627,22.996676,71.237760,92.783255,84,17:30
pre_lights,Friday,4,1050,right,66.993336,62.996361,33.298628,46.996144,84.494308,104.782552,84,17:30
pre_lights,Friday,4,1065,left,49.566253,33.497410,15.298928,22.746477,80.238498,99.384710,84,17:45
pre_lights,Friday,4,1065,right,67.564288,64.490675,34.991821,44.748306,84.985384,107.982960,84,17:45
pre_lights,Friday,4,1080,left,45.218017,30.997335,11.299413,17.747125,72.238273,90.989995,84,18:00
pre_lights,Friday,4,1080,right,70.166628,67.992726,38.997602,55.741689,86.232080,99.694152,84,18:00
pre_lights,Friday,4,1095,left,47.303244,28.499272,12.297972,17.749334,76.486884,100.982973,84,18:15
pre_lights,Friday,4,1095,right,66.801310,64.493144,37.296142,49.743665,81.245133,106.989400,84,18:15
pre_lights,Friday,4,1110,left,45.624743,25.489703,11.298832,17.996767,77.486357,102.582314,84,18:30
pre_lights,Friday,4,1110,right,65.967716,64.994569,34.898469,49.996511,78.987031,100.885327,84,18:30
pre_lights,Friday,4,1125,left,37.303243,22.995994,12.299108,14.999069,55.996832,89.884624,84,18:45
pre_lights,Friday,4,1125,right,66.219220,66.990099,39.294981,50.748778,78.491486,96.383803,84,18:45
pre_lights,Friday,4,1140,left,31.627372,17.999487,9.996039,13.748277,34.246956,80.689721,84,19:00
pre_lights,Friday,4,1140,right,63.588227,63.994073,33.595114,49.999503,76.246443,90.688000,84,19:00
pre_lights,Friday,4,1155,left,28.963069,17.498624,6.999605,13.747994,30.997714,76.388618,84,19:15
pre_lights,Friday,4,1155,right,59.532027,57.998065,28.997963,41.747237,74.989372,85.693553,84,19:15
pre_lights,Friday,4,1170,left,24.033145,16.998562,6.299642,10.997718,23.249281,63.096822,84,19:30
pre_lights,Friday,4,1170,right,54.352132,56.994492,29.298000,39.996612,67.496509,78.390349,84,19:30
pre_lights,Friday,4,1185,left,18.891417,13.999629,4.999533,8.999523,20.248869,42.994540,84,19:45
pre_lights,Friday,4,1185,right,50.508962,50.497811,24.996473,37.994624,66.002879,74.994225,84,19:45
pre_lights,Friday,4,1200,left,17.319846,14.498408,4.299810,9.003267,23.249331,29.396313,84,20:00
pre_lights,Friday,4,1200,right,45.555831,46.011040,22.298732,33.746481,60.990325,70.697185,84,20:00
pre_lights,Friday,4,1215,left,14.606168,12.999497,5.299519,7.999688,19.997043,24.696562,84,20:15
pre_lights,Friday,4,1215,right,43.461460,43.042769,18.198785,32.747149,58.246935,70.993953,84,20:15
pre_lights,Friday,4,1230,left,14.605396,13.501597,5.999157,9.998230,19.987356,25.398039,84,20:30
pre_lights,Friday,4,1230,right,39.139146,39.998790,22.987055,31.749021,47.993421,57.395471,84,20:30
pre_lights,Friday,4,1245,left,15.201275,13.998765,3.999708,9.748865,21.998029,25.399503,84,20:45
pre_lights,Friday,4,1245,right,37.687990,37.996703,18.997189,29.499661,45.984989,58.397403,84,20:45
pre_lights,Friday,4,1260,left,13.415522,12.998966,4.999669,7.999381,18.248634,24.698624,84,21:00
pre_lights,Friday,4,1260,right,36.115920,36.496181,18.298558,28.997386,46.496634,54.997813,84,21:00
pre_lights,Friday,4,1275,left,11.618290,9.999801,4.999566,7.998887,15.999074,19.697774,84,21:15
pre_lights,Friday,4,1275,right,33.414561,32.997604,9.798801,25.749454,45.495644,50.997668,84,21:15
pre_lights,Friday,4,1290,left,13.260805,13.998843,5.997353,8.999384,16.998579,19.998508,84,21:30
pre_lights,Friday,4,1290,right,34.675516,35.997252,12.299530,24.998333,44.246920,53.091140,84,21:30
pre_lights,Friday,4,1305,left,10.701778,9.498924,3.999635,5.999504,13.998107,20.701124,84,21:45
pre_lights,Friday,4,1305,right,34.629096,36.496150,16.398771,28.747554,42.998796,50.694977,84,21:45
pre_lights,Friday,4,1320,left,10.879580,9.999683,2.999766,6.999449,14.998865,19.699121,84,22:00
pre_lights,Friday,4,1320,right,32.364372,32.497864,13.099019,28.746219,38.260012,48.996963,84,22:00
pre_lights,Friday,4,1335,left,10.722218,10.998452,3.199517,6.999603,12.999375,19.007021,83,22:15
pre_lights,Friday,4,1335,right,34.010102,34.997435,16.998930,27.999167,41.496615,51.013612,83,22:15
pre_lights,Friday,4,1350,left,11.332704,11.998871,3.999784,7.999586,14.998753,17.698016,84,22:30
pre_lights,Friday,4,1350,right,32.712327,32.999309,12.699256,25.997147,42.245116,52.393531,84,22:30
pre_lights,Friday,4,1365,left,11.808497,10.999307,4.297719,6.999822,14.998912,19.999753,84,22:45
pre_lights,Friday,4,1365,right,30.306233,31.498874,11.298614,22.998362,40.996104,43.697468,84,22:45
pre_lights,Friday,4,1380,left,10.155482,8.999718,2.999800,5.999712,12.999137,18.998500,83,23:00
pre_lights,Friday,4,1380,right,26.250312,27.998465,8.999197,17.997582,33.496733,42.797676,83,23:00
pre_lights,Friday,4,1395,left,9.633400,8.999008,3.999341,4.999934,11.999287,17.998311,82,23:15
pre_lights,Friday,4,1395,right,23.632269,25.498030,4.100609,15.248649,33.997519,36.897036,82,23:15
pre_lights,Friday,4,1410,left,9.665618,8.998405,2.999481,4.999241,13.997583,17.996823,81,23:30
pre_lights,Friday,4,1410,right,20.763188,19.998770,6.999375,13.998906,28.994928,31.994812,81,23:30
pre_lights,Friday,4,1425,left,8.777012,7.999254,0.999975,5.998752,11.000017,16.998948,81,23:45
pre_lights,Friday,4,1425,right,20.442721,20.006575,9.999104,14.998994,26.995665,28.997735,81,23:45
pre_lights,Saturday,5,0,left,7.542447,6.998770,2.999170,3.999951,9.999239,13.997658,81,00:00
pre_lights,Saturday,5,0,right,16.850222,16.999125,5.999757,12.998793,20.999542,27.997383,81,00:00
pre_lights,Saturday,5,15,left,6.900698,5.999847,1.999809,3.999346,9.998335,12.997719,81,00:15
pre_lights,Saturday,5,15,right,15.714663,15.998696,2.999882,9.998320,21.989851,25.002308,81,00:15
pre_lights,Saturday,5,30,left,7.727670,6.999814,1.999792,4.999106,9.999381,13.998039,81,00:30
pre_lights,Saturday,5,30,right,12.542021,11.999760,2.998620,7.999326,16.997076,20.998089,81,00:30
pre_lights,Saturday,5,45,left,7.369802,6.999631,0.999937,3.999621,9.999106,13.997585,81,00:45
pre_lights,Saturday,5,45,right,12.998931,11.999402,2.999483,7.999578,17.998610,20.997367,81,00:45
pre_lights,Saturday,5,60,left,7.443922,5.999547,0.000000,1.999880,10.999531,15.999784,81,01:00
pre_lights,Saturday,5,60,right,10.283153,8.999966,1.999653,6.998773,13.999207,16.998291,81,01:00
pre_lights,Saturday,5,75,left,6.468489,5.999073,0.999817,1.999897,9.998229,13.997936,81,01:15
pre_lights,Saturday,5,75,right,9.937256,9.998542,0.000000,4.999168,14.998422,16.997101,81,01:15
pre_lights,Saturday,5,90,left,7.344914,5.999558,1.999936,4.999092,10.998055,12.998652,81,01:30
pre_lights,Saturday,5,90,right,11.480166,9.999145,3.999297,7.998549,14.997439,19.998053,81,01:30
pre_lights,Saturday,5,105,left,6.332482,4.999893,0.000000,1.999864,7.999401,11.997989,81,01:45
pre_lights,Saturday,5,105,right,10.443028,8.999805,1.999680,5.999858,14.997339,17.998543,81,01:45
pre_lights,Saturday,5,120,left,5.641247,3.999724,0.999831,2.999387,7.998651,10.999250,81,02:00
pre_lights,Saturday,5,120,right,10.146760,9.999426,1.999810,5.999719,12.997824,15.999736,81,02:00
pre_lights,Saturday,5,135,left,6.962291,5.999204,0.999848,2.999966,9.999381,11.999310,81,02:15
pre_lights,Saturday,5,135,right,10.973972,7.999848,0.999831,3.999915,16.997940,23.996510,81,02:15
pre_lights,Saturday,5,150,left,6.814067,5.998946,0.999986,1.999983,9.999208,14.002270,81,02:30
pre_lights,Saturday,5,150,right,12.665189,9.999530,1.999790,4.999799,17.996882,23.996557,81,02:30
pre_lights,Saturday,5,165,left,5.715324,4.999532,0.999437,2.999466,7.999504,10.999234,81,02:45
pre_lights,Saturday,5,165,right,11.887473,11.002840,3.999609,6.999676,14.999069,20.996320,81,02:45
pre_lights,Saturday,5,180,left,7.060496,5.998959,0.999826,2.999055,9.998247,13.998483,81,03:00
pre_lights,Saturday,5,180,right,10.615573,9.998461,1.999669,3.999954,14.997647,20.999100,81,03:00
pre_lights,Saturday,5,195,left,6.616589,5.999006,0.000000,2.999519,8.999025,11.999057,81,03:15
pre_lights,Saturday,5,195,right,12.516900,10.998127,3.999397,6.998833,16.998728,25.996113,81,03:15
pre_lights,Saturday,5,210,left,6.974325,5.998980,0.999956,2.999546,7.998707,14.998644,81,03:30
pre_lights,Saturday,5,210,right,12.245040,11.998222,1.999979,5.999925,17.996910,21.997241,81,03:30
pre_lights,Saturday,5,225,left,6.073166,4.999151,0.000000,2.986952,8.998452,13.998193,81,03:45
pre_lights,Saturday,5,225,right,12.343469,10.999687,1.999987,6.999885,17.997817,20.997290,81,03:45
pre_lights,Saturday,5,240,left,5.999204,5.997919,0.000000,0.999974,7.999830,13.997310,81,04:00
pre_lights,Saturday,5,240,right,13.183271,12.998642,3.999606,6.998732,17.996867,21.999319,81,04:00
pre_lights,Saturday,5,255,left,5.764276,4.000487,0.000000,1.999749,8.998842,11.999575,81,04:15
pre_lights,Saturday,5,255,right,15.639637,14.998537,0.999853,9.999279,20.996658,26.995391,81,04:15
pre_lights,Saturday,5,270,left,6.511624,5.497903,0.000000,2.999491,8.998701,12.199701,80,04:30
pre_lights,Saturday,5,270,right,19.209715,18.996837,7.599169,13.748146,24.996029,32.994300,80,04:30
pre_lights,Saturday,5,285,left,7.011382,5.998953,0.999827,2.999478,10.998089,13.999543,81,04:45
pre_lights,Saturday,5,285,right,21.737815,20.999891,8.998430,13.992373,27.994987,33.999530,81,04:45
pre_lights,Saturday,5,300,left,7.752165,6.998785,0.999956,3.999296,9.999905,15.998412,81,05:00
pre_lights,Saturday,5,300,right,22.046968,22.996274,9.998338,15.997067,28.995950,33.997786,81,05:00
pre_lights,Saturday,5,315,left,7.505170,6.999302,0.999827,2.999128,9.999673,14.997943,81,05:15
pre_lights,Saturday,5,315,right,27.848142,27.995171,12.998925,20.998926,35.993930,41.995112,81,05:15
pre_lights,Saturday,5,330,left,6.702860,6.002611,1.999646,3.999291,9.998249,11.998097,81,05:30
pre_lights,Saturday,5,330,right,30.514781,29.999226,15.999723,23.995751,36.993519,42.994559,81,05:30
pre_lights,Saturday,5,345,left,7.887965,6.999811,1.999644,2.999909,9.999559,15.997272,81,05:45
pre_lights,Saturday,5,345,right,32.588591,32.996524,16.999756,27.999338,39.993157,46.000758,81,05:45
pre_lights,Saturday,5,360,left,7.097807,5.998983,0.000000,2.999515,10.998133,15.997240,81,06:00
pre_lights,Saturday,5,360,right,28.712386,29.997904,1.000667,19.999905,35.997279,43.992381,81,06:00
pre_lights,Saturday,5,375,left,8.727450,7.999351,0.000000,3.997118,13.000069,17.996976,81,06:15
pre_lights,Saturday,5,375,right,34.526885,34.994020,0.000000,27.995072,43.992633,54.995205,81,06:15
pre_lights,Saturday,5,390,left,10.455125,8.998501,0.000000,4.999127,13.997632,20.994400,81,06:30
pre_lights,Saturday,5,390,right,40.770141,40.996061,11.997905,25.999567,58.990696,67.981867,81,06:30
pre_lights,Saturday,5,405,left,14.294647,8.999968,0.000000,3.999705,16.999838,33.994298,81,06:45
pre_lights,Saturday,5,405,right,51.388073,54.990829,18.997326,36.993802,67.999758,83.987955,81,06:45
pre_lights,Saturday,5,420,left,20.626645,16.997852,0.000000,6.999602,29.997372,44.969123,81,07:00
pre_lights,Saturday,5,420,right,49.819630,53.991212,0.000000,40.955972,62.996860,74.994387,81,07:00
pre_lights,Saturday,5,435,left,29.267868,27.995599,2.999453,13.998455,41.992553,54.998541,81,07:15
pre_lights,Saturday,5,435,right,56.165593,59.997790,22.999681,47.991415,68.986381,80.987668,81,07:15
pre_lights,Saturday,5,450,left,27.651077,27.996075,6.998776,14.999979,35.999889,50.991055,81,07:30
pre_lights,Saturday,5,450,right,60.832863,61.995675,26.995364,52.988189,73.987611,91.984317,81,07:30
pre_lights,Saturday,5,465,left,35.748674,35.993899,11.999929,24.997661,46.991810,57.989664,81,07:45
pre_lights,Saturday,5,465,right,63.263793,65.989174,41.995211,54.990922,74.986681,83.985115,81,07:45
pre_lights,Saturday,5,480,left,34.464302,34.994112,10.998214,21.996417,47.992898,57.998322,81,08:00
pre_lights,Saturday,5,480,right,62.423769,65.999549,30.008048,51.998866,75.996688,88.985405,81,08:00
pre_lights,Saturday,5,495,left,41.327837,41.992749,19.995974,29.996265,53.997929,61.988907,81,08:15
pre_lights,Saturday,5,495,right,67.880289,67.988670,45.992163,56.993250,80.986080,90.999395,81,08:15
pre_lights,Saturday,5,510,left,40.870488,42.495447,19.999483,30.997918,54.246056,60.090062,80,08:30
pre_lights,Saturday,5,510,right,77.179076,79.497028,59.589016,65.988884,92.988816,103.082524,80,08:30
pre_lights,Saturday,5,525,left,46.002899,45.991963,23.986494,30.992807,61.989791,69.988296,81,08:45
pre_lights,Saturday,5,525,right,84.939176,85.995038,56.994959,72.998364,103.981528,111.995242,81,08:45
pre_lights,Saturday,5,540,left,43.058037,40.998117,19.997648,30.994966,56.994052,67.996838,81,09:00
pre_lights,Saturday,5,540,right,81.548737,83.945996,57.996017,68.997154,94.987935,114.992801,81,09:00
pre_lights,Saturday,5,555,left,45.352622,43.997293,27.998647,34.998489,54.999325,66.993532,81,09:15
pre_lights,Saturday,5,555,right,86.742508,89.000470,64.989456,76.991333,98.993717,117.979513,81,09:15
pre_lights,Saturday,5,570,left,47.868790,47.997763,24.998513,34.999067,59.994932,74.996399,81,09:30
pre_lights,Saturday,5,570,right,90.365630,93.995604,64.988789,84.989887,106.993466,117.995111,81,09:30
pre_lights,Saturday,5,585,left,51.711595,52.996794,29.996239,38.996996,62.997592,77.993406,81,09:45
pre_lights,Saturday,5,585,right,95.966717,99.992789,64.990271,86.994738,112.981459,125.998127,81,09:45
pre_lights,Saturday,5,600,left,51.137340,50.995959,18.698861,39.246549,59.993836,75.997309,78,10:00
pre_lights,Saturday,5,600,right,94.044220,97.991685,61.396008,79.246851,110.742795,130.280673,78,10:00
pre_lights,Saturday,5,615,left,52.786464,50.997863,30.997333,38.999237,64.000393,79.993409,81,10:15
pre_lights,Saturday,5,615,right,98.079540,102.990568,75.995085,86.994780,111.996595,125.988724,81,10:15
pre_lights,Saturday,5,630,left,52.427551,49.999101,31.997505,39.996375,60.989194,76.992574,81,10:30
pre_lights,Saturday,5,630,right,108.681482,105.995958,60.998042,92.995302,125.998473,160.985262,81,10:30
pre_lights,Saturday,5,645,left,55.365527,52.997567,35.998915,45.995898,64.990556,78.992606,81,10:45
pre_lights,Saturday,5,645,right,104.608403,105.990570,65.996970,87.998583,121.994991,145.989642,81,10:45
pre_lights,Saturday,5,660,left,54.366675,52.998280,34.996903,43.996966,64.995798,73.997696,81,11:00
pre_lights,Saturday,5,660,right,105.091696,102.989945,67.997105,84.997395,118.983083,140.991896,81,11:00
pre_lights,Saturday,5,675,left,56.032319,51.995225,38.997009,43.994019,65.998547,79.992369,81,11:15
pre_lights,Saturday,5,675,right,108.472622,103.997974,80.993502,91.992945,120.991275,137.979006,81,11:15
pre_lights,Saturday,5,690,left,56.650326,53.995355,35.998879,42.996355,65.994424,82.993278,81,11:30
pre_lights,Saturday,5,690,right,109.090867,102.991658,85.992603,89.995563,118.989654,138.996757,81,11:30
pre_lights,Saturday,5,705,left,58.551344,55.996820,38.997029,42.996457,69.998973,81.992499,81,11:45
pre_lights,Saturday,5,705,right,113.312234,103.997967,77.998540,89.993506,120.988407,179.992254,81,11:45
pre_lights,Saturday,5,720,left,57.564523,54.001785,39.994822,44.998500,67.996884,81.992984,81,12:00
pre_lights,Saturday,5,720,right,109.374240,106.993916,74.995090,88.988707,122.989884,148.994338,81,12:00
pre_lights,Saturday,5,735,left,59.204840,56.996405,42.999773,47.995902,68.993986,78.995803,81,12:15
pre_lights,Saturday,5,735,right,114.866828,107.993189,74.002375,90.999078,136.990324,160.833583,81,12:15
pre_lights,Saturday,5,750,left,60.269855,59.024853,40.996942,48.982143,73.994247,79.995830,81,12:30
pre_lights,Saturday,5,750,right,110.071328,102.996780,74.972667,92.993063,120.981008,151.989872,81,12:30
pre_lights,Saturday,5,765,left,63.452483,63.991537,44.996329,50.997300,71.993224,84.001197,81,12:45
pre_lights,Saturday,5,765,right,116.906105,110.998258,78.994561,92.987123,133.994148,160.995430,81,12:45
pre_lights,Saturday,5,780,left,60.823343,57.994572,37.998719,45.998428,70.997052,83.999490,81,13:00
pre_lights,Saturday,5,780,right,104.746036,100.983850,67.988810,83.999490,115.988780,139.993087,81,13:00
pre_lights,Saturday,5,795,left,59.380003,58.995064,35.993971,47.996468,72.975992,80.990122,81,13:15
pre_lights,Saturday,5,795,right,103.501828,100.995226,57.994017,82.994210,118.990102,164.972609,81,13:15
pre_lights,Saturday,5,810,left,62.142468,61.936959,39.998495,50.991869,72.999923,86.997688,81,13:30
pre_lights,Saturday,5,810,right,104.324697,94.991807,64.994840,76.994693,119.995702,141.998930,81,13:30
pre_lights,Saturday,5,825,left,59.694760,58.994946,38.099251,48.974195,70.989668,81.995478,80,13:45
pre_lights,Saturday,5,825,right,99.091939,96.015483,67.995426,75.498917,110.504083,155.502800,80,13:45
pre_lights,Saturday,5,840,left,63.348260,62.990409,40.995994,48.491281,72.996182,90.185968,79,14:00
pre_lights,Saturday,5,840,right,100.687026,94.992191,66.796976,78.492954,113.493878,151.193821,79,14:00
pre_lights,Saturday,5,855,left,65.353742,61.994439,42.995851,51.997227,74.992602,91.992506,81,14:15
pre_lights,Saturday,5,855,right,96.326705,91.992506,67.987223,75.997195,107.989279,137.967428,81,14:15
pre_lights,Saturday,5,870,left,63.365341,63.999215,41.995406,50.992617,71.990491,79.993582,81,14:30
pre_lights,Saturday,5,870,right,95.066682,90.987267,60.995219,70.995820,110.982790,129.993752,81,14:30
pre_lights,Saturday,5,885,left,60.772354,61.989366,38.008786,48.995065,72.987266,77.994318,81,14:45
pre_lights,Saturday,5,885,right,98.621865,93.993012,66.998545,80.994888,106.989991,125.986757,81,14:45
pre_lights,Saturday,5,900,left,60.032324,59.994758,34.996570,45.996295,71.996323,85.987558,81,15:00
pre_lights,Saturday,5,900,right,95.153074,87.036764,64.997803,75.993790,101.994791,131.976806,81,15:00
pre_lights,Saturday,5,915,left,57.735102,54.987356,36.994260,42.993788,68.000014,80.000843,81,15:15
pre_lights,Saturday,5,915,right,94.187558,88.984671,65.995319,73.995865,103.985959,141.976134,81,15:15
pre_lights,Saturday,5,930,left,57.031760,54.995816,34.998286,39.999508,71.988001,77.994578,81,15:30
pre_lights,Saturday,5,930,right,96.398432,93.996929,64.990639,72.998868,103.996667,139.996362,81,15:30
pre_lights,Saturday,5,945,left,57.451396,54.996988,34.997226,43.995987,66.995969,82.985202,81,15:45
pre_lights,Saturday,5,945,right,95.410562,90.989785,62.989736,74.994792,107.993578,125.974899,81,15:45
pre_lights,Saturday,5,960,left,56.759107,55.996515,36.995130,45.996491,65.992349,76.986266,81,16:00
pre_lights,Saturday,5,960,right,98.606179,92.986588,71.993509,77.999636,109.991600,142.986788,81,16:00
pre_lights,Saturday,5,975,left,58.302056,56.997640,38.999985,48.998421,65.998772,73.993793,81,16:15
pre_lights,Saturday,5,975,right,94.459037,90.990140,60.997759,75.993914,109.994442,128.979415,81,16:15
pre_lights,Saturday,5,990,left,58.402636,57.989191,36.994157,46.996073,67.997959,82.989516,81,16:30
pre_lights,Saturday,5,990,right,92.622115,88.993470,65.997500,74.993982,104.980666,123.990816,81,16:30
pre_lights,Saturday,5,1005,left,59.921437,58.995189,39.992879,48.001355,67.992699,86.995401,81,16:45
pre_lights,Saturday,5,1005,right,97.559716,96.992734,63.995160,76.990063,110.990841,129.002230,81,16:45
pre_lights,Saturday,5,1020,left,51.832972,54.999839,18.998501,33.998463,65.995440,79.986959,81,17:00
pre_lights,Saturday,5,1020,right,89.026568,90.984049,58.002509,68.987281,104.986310,116.994630,81,17:00
pre_lights,Saturday,5,1035,left,46.884031,45.999413,12.999384,19.999856,68.997570,78.995371,81,17:15
pre_lights,Saturday,5,1035,right,81.202140,83.983287,45.998331,55.999416,102.984175,119.993076,81,17:15
pre_lights,Saturday,5,1050,left,44.589808,45.992886,13.998584,18.998291,67.991654,80.986034,81,17:30
pre_lights,Saturday,5,1050,right,76.600294,74.988615,44.995986,59.998141,92.985611,107.994523,81,17:30
pre_lights,Saturday,5,1065,left,44.217968,32.998099,10.999583,13.999734,74.991822,86.986533,81,17:45
pre_lights,Saturday,5,1065,right,77.795724,73.986997,47.994073,56.996955,95.985343,104.998078,81,17:45
pre_lights,Saturday,5,1080,left,42.129123,30.998543,9.997740,12.999368,66.994059,82.997452,81,18:00
pre_lights,Saturday,5,1080,right,69.963255,65.989270,46.991570,52.999526,80.997514,100.983834,81,18:00
pre_lights,Saturday,5,1095,left,42.661514,24.997939,11.999636,14.999770,70.988224,90.985646,81,18:15
pre_lights,Saturday,5,1095,right,72.202547,66.993554,48.995162,56.996437,83.995220,100.992054,81,18:15
pre_lights,Saturday,5,1110,left,41.046643,20.999344,9.999089,14.998871,72.997174,86.991346,81,18:30
pre_lights,Saturday,5,1110,right,68.217298,61.996125,44.994404,50.991076,82.992558,98.999154,81,18:30
pre_lights,Saturday,5,1125,left,37.231174,18.998387,8.999180,11.999042,68.991112,82.996024,81,18:45
pre_lights,Saturday,5,1125,right,66.463268,62.994315,38.996529,52.991450,76.999268,96.986405,81,18:45
pre_lights,Saturday,5,1140,left,31.255993,16.997189,8.999301,12.998836,46.999388,77.991201,81,19:00
pre_lights,Saturday,5,1140,right,64.129252,63.999018,41.989175,49.998297,73.998088,86.999314,81,19:00
pre_lights,Saturday,5,1155,left,25.651260,13.999681,6.999129,9.999766,26.998211,60.999765,81,19:15
pre_lights,Saturday,5,1155,right,62.906890,59.996951,37.993647,48.996693,71.995273,85.984103,81,19:15
pre_lights,Saturday,5,1170,left,22.034928,13.998373,5.899491,9.998594,19.998102,49.991215,80,19:30
pre_lights,Saturday,5,1170,right,64.404733,60.489893,38.795930,49.994672,74.494077,96.191313,80,19:30
pre_lights,Saturday,5,1185,left,20.417177,13.999452,5.999881,10.998063,18.999594,51.996534,81,19:45
pre_lights,Saturday,5,1185,right,59.068420,60.993620,38.996450,47.995875,71.996212,78.998367,81,19:45
pre_lights,Saturday,5,1200,left,15.282499,11.998380,6.999844,8.999778,16.998765,21.999115,81,20:00
pre_lights,Saturday,5,1200,right,55.143815,56.997706,30.999309,43.996424,66.995095,73.987876,81,20:00
pre_lights,Saturday,5,1215,left,14.158990,11.999300,5.999826,7.999435,16.999132,23.998589,81,20:15
pre_lights,Saturday,5,1215,right,53.068534,53.995584,33.995024,42.996044,62.991538,69.993492,81,20:15
pre_lights,Saturday,5,1230,left,12.517904,11.994257,5.002665,7.999455,14.998925,19.999264,81,20:30
pre_lights,Saturday,5,1230,right,49.998024,47.995664,34.999362,39.996412,60.989086,66.995993,81,20:30
pre_lights,Saturday,5,1245,left,12.468155,11.999103,5.999833,7.999474,14.999922,21.996253,81,20:45
pre_lights,Saturday,5,1245,right,49.304940,46.998676,33.994452,39.999412,56.995741,65.993419,81,20:45
pre_lights,Saturday,5,1260,left,12.949471,11.999316,5.999443,7.999818,16.998423,20.998135,81,21:00
pre_lights,Saturday,5,1260,right,49.156102,49.964118,34.993858,38.997635,56.994877,65.994139,81,21:00
pre_lights,Saturday,5,1275,left,11.789270,10.999389,5.999205,7.999275,13.999191,16.999936,81,21:15
pre_lights,Saturday,5,1275,right,49.033662,48.998131,30.998361,38.992758,58.994993,65.999001,81,21:15
pre_lights,Saturday,5,1290,left,11.344639,10.999010,5.999458,7.999301,13.998720,16.998666,81,21:30
pre_lights,Saturday,5,1290,right,47.304557,46.995481,28.997753,36.996686,57.994823,63.994650,81,21:30
pre_lights,Saturday,5,1305,left,11.196390,10.999096,5.999489,7.998611,13.999339,16.998514,81,21:45
pre_lights,Saturday,5,1305,right,47.316260,44.996929,28.997671,37.997058,57.998606,67.994413,81,21:45
pre_lights,Saturday,5,1320,left,11.641186,10.998755,5.999491,7.999509,14.998631,16.998716,81,22:00
pre_lights,Saturday,5,1320,right,40.602511,40.996410,25.995760,31.994796,50.005518,55.997695,81,22:00
pre_lights,Saturday,5,1335,left,11.776890,10.999662,4.999193,7.999667,13.998819,19.996685,81,22:15
pre_lights,Saturday,5,1335,right,41.799545,41.993220,28.996930,33.993951,48.999142,54.994803,81,22:15
pre_lights,Saturday,5,1350,left,11.394130,9.999375,4.999537,6.999322,14.998428,21.998014,81,22:30
pre_lights,Saturday,5,1350,right,40.528249,39.992949,27.997387,33.998892,46.995548,56.989758,81,22:30
pre_lights,Saturday,5,1365,left,11.653369,10.999473,5.999014,6.999781,14.999398,18.997225,81,22:45
pre_lights,Saturday,5,1365,right,38.688286,37.996619,23.998885,27.997451,45.995363,57.998929,81,22:45
pre_lights,Saturday,5,1380,left,10.221524,9.999392,4.999542,6.999530,13.997762,16.998557,81,23:00
pre_lights,Saturday,5,1380,right,33.047207,31.999687,19.998389,26.998277,37.997011,42.998951,81,23:00
pre_lights,Saturday,5,1395,left,10.492974,9.999225,3.999667,6.999008,12.999600,18.998114,81,23:15
pre_lights,Saturday,5,1395,right,31.195259,31.996823,19.998637,22.999574,37.996702,42.993052,81,23:15
pre_lights,Saturday,5,1410,left,9.048711,8.999029,2.999904,4.999904,11.999103,15.998996,81,23:30
pre_lights,Saturday,5,1410,right,26.923731,25.995929,14.998858,18.999541,31.998644,43.996904,81,23:30
pre_lights,Saturday,5,1425,left,9.184463,8.999322,3.998493,5.999533,11.999269,14.997868,81,23:45
pre_lights,Saturday,5,1425,right,24.652483,22.998006,13.998873,17.998332,27.997989,39.993750,81,23:45
pre_lights,Sunday,6,0,left,7.884114,7.003416,2.999744,4.249703,10.749332,13.299316,78,00:00
pre_lights,Sunday,6,0,right,22.024557,20.998049,10.699157,14.998946,29.747626,35.294822,78,00:00
pre_lights,Sunday,6,15,left,7.882346,7.998661,1.999822,4.999400,10.999214,13.998103,77,00:15
pre_lights,Sunday,6,15,right,19.517531,17.998484,7.999675,13.999955,24.999677,31.396542,77,00:15
pre_lights,Sunday,6,30,left,6.563446,5.999609,1.999734,3.999673,8.749390,11.298924,78,00:30
pre_lights,Sunday,6,30,right,16.152292,15.998797,7.999679,12.998841,19.997839,25.297214,78,00:30
pre_lights,Sunday,6,45,left,6.832772,4.999691,0.999890,2.999484,9.999497,14.297857,78,00:45
pre_lights,Sunday,6,45,right,14.332031,13.998697,3.699686,8.999241,19.998609,22.999302,78,00:45
pre_lights,Sunday,6,60,left,5.962549,4.999939,0.999978,2.999892,7.999760,10.998462,81,01:00
pre_lights,Sunday,6,60,right,12.789136,12.001115,4.999742,8.998480,15.998768,20.998860,81,01:00
pre_lights,Sunday,6,75,left,5.369771,4.999153,0.999925,1.999833,6.999709,9.999218,81,01:15
pre_lights,Sunday,6,75,right,12.924647,11.998130,5.999959,7.998810,16.998950,20.997628,81,01:15
pre_lights,Sunday,6,90,left,6.061168,3.999831,1.999742,2.999640,7.999098,11.999015,81,01:30
pre_lights,Sunday,6,90,right,10.912484,9.999179,3.999739,6.999211,13.999265,17.997041,81,01:30
pre_lights,Sunday,6,105,left,5.345216,4.999200,0.999944,2.999462,7.998627,9.998359,81,01:45
pre_lights,Sunday,6,105,right,10.838626,9.999925,4.999685,6.998749,13.002293,17.994457,81,01:45
pre_lights,Sunday,6,120,left,5.319912,3.999675,0.999832,1.999826,6.999735,9.998587,78,02:00
pre_lights,Sunday,6,120,right,10.716820,9.997954,3.999700,6.999306,12.999116,17.298561,78,02:00
pre_lights,Sunday,6,135,left,5.127629,3.999507,0.999867,1.999910,6.999862,10.299619,78,02:15
pre_lights,Sunday,6,135,right,10.498498,9.998335,3.999538,6.999512,13.997408,16.997146,78,02:15
pre_lights,Sunday,6,150,left,6.102028,5.998925,0.999840,2.250025,8.998719,10.999073,78,02:30
pre_lights,Sunday,6,150,right,9.909248,8.998512,3.999540,5.999016,12.998966,18.297271,78,02:30
pre_lights,Sunday,6,165,left,5.358283,3.999567,0.999864,2.999477,5.999694,10.299513,78,02:45
pre_lights,Sunday,6,165,right,9.819160,8.999387,3.999280,5.999701,12.997589,15.997227,78,02:45
pre_lights,Sunday,6,180,left,4.896914,3.999731,0.000000,1.249880,6.749006,10.998128,78,03:00
pre_lights,Sunday,6,180,right,9.050166,8.998508,2.699531,5.998962,11.998581,15.997413,78,03:00
pre_lights,Sunday,6,195,left,5.281374,4.501105,0.000000,0.999904,6.999390,11.999039,78,03:15
pre_lights,Sunday,6,195,right,10.344812,7.999857,3.999004,5.999127,11.747244,15.997814,78,03:15
pre_lights,Sunday,6,210,left,4.601915,2.999565,0.000000,0.999939,5.999470,9.298096,78,03:30
pre_lights,Sunday,6,210,right,8.896223,7.998630,3.699413,5.998935,9.998304,17.297884,78,03:30
pre_lights,Sunday,6,225,left,3.050882,1.999939,0.000000,0.999822,3.999838,6.999186,78,03:45
pre_lights,Sunday,6,225,right,10.011522,9.998437,4.999213,6.998738,12.997651,15.998074,78,03:45
pre_lights,Sunday,6,240,left,3.576494,2.499925,0.000000,0.999856,4.999205,8.299365,78,04:00
pre_lights,Sunday,6,240,right,9.793613,9.499007,1.999652,6.998781,13.001851,16.997370,78,04:00
pre_lights,Sunday,6,255,left,3.678992,1.999964,0.000000,0.999872,5.998979,7.998909,78,04:15
pre_lights,Sunday,6,255,right,12.024001,11.998189,4.999142,7.248783,15.997298,20.298792,78,04:15
pre_lights,Sunday,6,270,left,4.230206,2.999494,0.000000,0.999941,6.998800,10.998052,78,04:30
pre_lights,Sunday,6,270,right,13.472719,12.997776,6.699479,8.998687,16.999592,21.296971,78,04:30
pre_lights,Sunday,6,285,left,3.717396,2.999492,0.000000,1.999080,4.999178,7.999138,78,04:45
pre_lights,Sunday,6,285,right,15.202816,13.998360,8.998424,10.248603,17.999164,22.996545,78,04:45
pre_lights,Sunday,6,300,left,3.947557,2.999649,0.000000,0.999964,5.999969,7.999178,77,05:00
pre_lights,Sunday,6,300,right,13.699609,11.998686,6.999349,9.998332,17.000721,21.798320,77,05:00
pre_lights,Sunday,6,315,left,4.653234,3.999343,0.999254,1.999654,6.999800,9.998575,78,05:15
pre_lights,Sunday,6,315,right,17.497533,15.998829,7.999357,13.996177,20.996595,25.995568,78,05:15
pre_lights,Sunday,6,330,left,4.243067,3.498951,0.999700,1.999657,5.998934,8.000821,78,05:30
pre_lights,Sunday,6,330,right,18.702685,17.998485,8.999472,13.999016,22.998370,28.295211,78,05:30
pre_lights,Sunday,6,345,left,4.960928,3.999488,0.999821,1.999641,6.749069,10.299228,78,05:45
pre_lights,Sunday,6,345,right,21.612800,21.996193,11.999051,15.997484,25.995568,31.298207,78,05:45
pre_lights,Sunday,6,360,left,5.076196,3.999956,0.999844,1.999721,6.998766,8.999021,78,06:00
pre_lights,Sunday,6,360,right,19.638314,18.998901,8.699880,14.997370,24.742921,28.995017,78,06:00
pre_lights,Sunday,6,375,left,6.332501,5.499495,1.699428,2.999748,7.999328,12.297920,78,06:15
pre_lights,Sunday,6,375,right,25.778556,24.496490,13.694611,17.997157,30.748134,40.593419,78,06:15
pre_lights,Sunday,6,390,left,8.524557,6.999511,1.999684,3.999308,9.999541,15.298366,78,06:30
pre_lights,Sunday,6,390,right,33.508501,32.996877,14.697483,20.248677,43.744139,55.295269,78,06:30
pre_lights,Sunday,6,405,left,10.819119,6.998845,1.699646,3.999324,13.998800,26.895318,78,06:45
pre_lights,Sunday,6,405,right,39.559085,38.493515,14.697898,27.996139,51.997330,59.991836,78,06:45
pre_lights,Sunday,6,420,left,15.767472,11.501451,1.999742,4.999583,23.996122,35.293908,78,07:00
pre_lights,Sunday,6,420,right,40.970218,41.994907,14.797920,33.995644,52.742073,56.296544,78,07:00
pre_lights,Sunday,6,435,left,18.472361,18.498769,3.698825,7.998867,25.996681,33.594563,78,07:15
pre_lights,Sunday,6,435,right,44.802266,44.995395,25.095723,33.248815,51.991382,60.190092,78,07:15
pre_lights,Sunday,6,450,left,24.458081,22.998300,5.999363,14.249512,33.496234,44.291945,78,07:30
pre_lights,Sunday,6,450,right,45.903564,47.994584,30.694806,38.247143,54.988450,63.996914,78,07:30
pre_lights,Sunday,6,465,left,29.547354,29.994907,13.997595,21.246597,36.997690,47.292658,78,07:45
pre_lights,Sunday,6,465,right,50.570262,50.998742,38.393792,45.247288,55.990725,66.296075,78,07:45
pre_lights,Sunday,6,480,left,29.624368,26.996765,14.998367,21.248778,38.744529,47.591672,78,08:00
pre_lights,Sunday,6,480,right,49.749982,49.494453,33.997483,41.994279,58.491990,67.295174,78,08:00
pre_lights,Sunday,6,495,left,35.687657,34.998448,19.398320,28.246802,42.743729,50.588593,78,08:15
pre_lights,Sunday,6,495,right,57.492660,57.492931,43.995967,50.994547,64.738719,72.287563,78,08:15
pre_lights,Sunday,6,510,left,37.764469,36.993692,16.997138,25.497882,49.496109,58.295645,78,08:30
pre_lights,Sunday,6,510,right,64.838156,64.492377,46.693511,56.990032,70.997058,80.285743,78,08:30
pre_lights,Sunday,6,525,left,38.354083,37.997281,20.998535,29.248288,47.748889,54.294623,78,08:45
pre_lights,Sunday,6,525,right,71.966678,71.988893,51.697198,60.242463,82.997480,93.004319,78,08:45
pre_lights,Sunday,6,540,left,37.547206,37.506441,19.000426,29.995662,43.998104,54.990812,78,09:00
pre_lights,Sunday,6,540,right,66.287791,68.490451,50.092666,56.990012,75.993205,85.985111,78,09:00
pre_lights,Sunday,6,555,left,42.367157,41.495531,28.796752,33.997438,52.496855,59.991177,78,09:15
pre_lights,Sunday,6,555,right,74.068630,73.990836,54.392126,61.498151,86.741838,95.991139,78,09:15
pre_lights,Sunday,6,570,left,46.471612,45.996946,28.696278,37.995505,56.493667,67.994453,78,09:30
pre_lights,Sunday,6,570,right,86.109837,86.492156,66.697159,76.249225,100.237166,112.584574,78,09:30
pre_lights,Sunday,6,585,left,50.661607,51.995820,29.697671,41.001611,61.994679,71.294503,78,09:45
pre_lights,Sunday,6,585,right,92.695897,91.992453,73.095942,81.987298,106.987532,122.579386,78,09:45
pre_lights,Sunday,6,600,left,46.559700,48.497583,24.898443,39.243562,55.994838,64.994381,78,10:00
pre_lights,Sunday,6,600,right,82.786639,83.995814,62.997015,69.506521,100.996437,106.292122,78,10:00
pre_lights,Sunday,6,615,left,48.906193,47.995678,30.696045,38.997348,58.007333,68.195384,78,10:15
pre_lights,Sunday,6,615,right,89.953498,88.470664,68.795497,80.994947,99.485982,110.594707,78,10:15
pre_lights,Sunday,6,630,left,52.418111,50.995208,27.697257,40.996389,63.993961,76.795965,78,10:30
pre_lights,Sunday,6,630,right,95.337205,94.486434,72.094734,84.246702,105.742463,117.984989,78,10:30
pre_lights,Sunday,6,645,left,54.110339,52.494813,35.695611,43.996775,62.993689,73.296444,78,10:45
pre_lights,Sunday,6,645,right,102.195513,101.989619,77.688654,89.991935,115.980100,132.577202,78,10:45
pre_lights,Sunday,6,660,left,52.482834,50.993607,34.997066,41.247840,61.993889,72.994503,78,11:00
pre_lights,Sunday,6,660,right,102.900992,98.986164,79.496874,88.960039,116.737206,127.990710,78,11:00
pre_lights,Sunday,6,675,left,52.571302,50.486136,34.996696,43.995456,59.998021,74.994980,78,11:15
pre_lights,Sunday,6,675,right,102.117581,94.994235,72.689143,81.986283,114.987908,143.980563,78,11:15
pre_lights,Sunday,6,690,left,51.291089,47.996139,32.997696,41.494807,61.993029,70.594797,78,11:30
pre_lights,Sunday,6,690,right,103.376409,98.987620,69.689947,84.988776,115.737422,129.790732,78,11:30
pre_lights,Sunday,6,705,left,52.016838,50.494566,36.694065,41.495695,58.918833,71.989968,78,11:45
pre_lights,Sunday,6,705,right,106.523172,98.990826,75.090943,88.241091,111.741422,141.288095,78,11:45
pre_lights,Sunday,6,720,left,52.394594,50.992424,37.996704,41.246699,58.995997,72.493350,78,12:00
pre_lights,Sunday,6,720,right,104.854881,94.997503,73.689704,83.242034,113.992615,141.590344,78,12:00
pre_lights,Sunday,6,735,left,54.238345,52.494746,37.694855,44.246567,61.998292,75.987253,78,12:15
pre_lights,Sunday,6,735,right,107.566751,95.491940,74.996906,82.993109,121.238364,161.591310,78,12:15
pre_lights,Sunday,6,750,left,55.136014,52.995409,34.697461,44.245101,64.740269,77.289052,78,12:30
pre_lights,Sunday,6,750,right,98.106462,89.998712,64.389855,78.241773,107.738349,137.288784,78,12:30
pre_lights,Sunday,6,765,left,54.774501,50.996797,37.596577,45.995599,64.989974,75.186738,77,12:45
pre_lights,Sunday,6,765,right,101.873527,95.993071,69.391645,79.997499,108.990554,145.788615,77,12:45
pre_lights,Sunday,6,780,left,56.326144,53.996888,36.394765,44.993632,66.738420,79.293194,78,13:00
pre_lights,Sunday,6,780,right,103.051292,97.496132,66.690519,79.240892,113.738967,149.177630,78,13:00
pre_lights,Sunday,6,795,left,56.578217,54.999584,38.996934,43.989972,65.995742,82.388621,77,13:15
pre_lights,Sunday,6,795,right,101.547067,93.994495,66.614195,78.992930,113.980650,159.988672,77,13:15
pre_lights,Sunday,6,810,left,57.097526,54.993762,38.695883,46.992955,65.997135,80.294732,78,13:30
pre_lights,Sunday,6,810,right,97.684429,89.986856,71.693856,79.494430,103.483500,127.281689,78,13:30
pre_lights,Sunday,6,825,left,55.812044,53.996189,37.993393,44.994739,65.997349,77.397261,77,13:45
pre_lights,Sunday,6,825,right,93.080234,88.993814,59.594125,73.993056,102.995825,131.391700,77,13:45
pre_lights,Sunday,6,840,left,56.277015,54.997756,29.996189,40.246112,70.740106,81.297131,78,14:00
pre_lights,Sunday,6,840,right,91.235176,86.988843,60.108542,72.226901,98.735136,124.586889,78,14:00
pre_lights,Sunday,6,855,left,58.071786,55.997419,37.996323,43.996161,66.741093,82.292947,78,14:15
pre_lights,Sunday,6,855,right,89.876507,88.991268,64.003016,74.245210,98.992510,113.196665,78,14:15
pre_lights,Sunday,6,870,left,54.954713,51.998726,36.697261,44.996689,63.753849,79.295621,78,14:30
pre_lights,Sunday,6,870,right,87.936451,81.486218,53.994393,69.247808,97.735333,121.191364,78,14:30
pre_lights,Sunday,6,885,left,55.289502,53.992069,32.997179,42.248881,63.998389,78.197179,78,14:45
pre_lights,Sunday,6,885,right,93.529072,90.991966,57.698765,75.005273,104.990181,123.268565,78,14:45
pre_lights,Sunday,6,900,left,54.956141,52.993425,32.994969,44.247154,66.496541,77.293955,78,15:00
pre_lights,Sunday,6,900,right,90.272789,84.493943,60.897394,70.990902,105.982267,136.383210,78,15:00
pre_lights,Sunday,6,915,left,53.061098,49.498093,30.997329,39.245278,63.989689,75.990182,78,15:15
pre_lights,Sunday,6,915,right,80.725052,77.997740,48.496372,64.244835,95.991140,122.591282,78,15:15
pre_lights,Sunday,6,930,left,53.060039,51.995388,28.997909,41.244259,66.740197,75.990957,78,15:30
pre_lights,Sunday,6,930,right,78.930263,75.490822,49.693953,61.998332,96.992892,112.289037,78,15:30
pre_lights,Sunday,6,945,left,55.321048,52.997540,29.996376,39.993472,67.996039,87.984918,77,15:45
pre_lights,Sunday,6,945,right,91.409901,85.993218,61.996000,72.991087,107.993101,124.992545,77,15:45
pre_lights,Sunday,6,960,left,53.320031,51.998868,28.997395,41.998063,62.989104,84.392545,77,16:00
pre_lights,Sunday,6,960,right,88.005264,79.993678,53.605544,66.988044,97.991186,124.382118,77,16:00
pre_lights,Sunday,6,975,left,51.675122,48.997221,26.697052,41.245123,65.996763,74.289424,78,16:15
pre_lights,Sunday,6,975,right,79.467418,75.989724,47.700754,59.992368,89.978198,121.889004,78,16:15
pre_lights,Sunday,6,990,left,50.814818,47.494036,33.998194,41.994642,62.740984,76.989843,78,16:30
pre_lights,Sunday,6,990,right,78.286788,76.487465,53.994203,61.971668,92.998363,107.980236,78,16:30
pre_lights,Sunday,6,1005,left,52.340193,47.993877,29.998802,40.979031,60.741830,79.294236,78,16:45
pre_lights,Sunday,6,1005,right,81.477876,79.967145,49.993393,62.497726,95.992918,116.880605,78,16:45
pre_lights,Sunday,6,1020,left,46.392682,46.497673,16.997582,35.247313,58.991524,67.888455,78,17:00
pre_lights,Sunday,6,1020,right,83.927851,81.494495,42.998381,57.992031,98.995857,123.293826,78,17:00
pre_lights,Sunday,6,1035,left,40.316617,40.986978,10.699550,14.998706,62.991476,74.990047,78,17:15
pre_lights,Sunday,6,1035,right,69.313857,69.995349,36.997875,49.247627,83.737519,100.379285,78,17:15
pre_lights,Sunday,6,1050,left,37.676439,24.997621,7.998858,11.997984,61.747331,77.289286,78,17:30
pre_lights,Sunday,6,1050,right,67.981886,63.997105,40.998340,51.248978,85.490661,96.293685,78,17:30
pre_lights,Sunday,6,1065,left,36.176328,17.497604,6.999419,11.249299,67.494800,78.597583,78,17:45
pre_lights,Sunday,6,1065,right,65.776638,63.497115,43.393939,49.997242,79.987744,94.288615,78,17:45
pre_lights,Sunday,6,1080,left,35.176768,17.998376,8.999107,11.999223,60.739659,77.897210,78,18:00
pre_lights,Sunday,6,1080,right,66.405496,65.991662,39.397214,50.996565,78.737745,87.997842,78,18:00
pre_lights,Sunday,6,1095,left,36.778188,20.498435,8.999180,12.998907,62.993749,76.197046,78,18:15
pre_lights,Sunday,6,1095,right,64.057531,63.989208,40.999127,53.990459,72.740154,82.294592,78,18:15
pre_lights,Sunday,6,1110,left,36.855067,18.498061,9.698801,11.998649,66.995382,82.294450,78,18:30
pre_lights,Sunday,6,1110,right,67.031486,64.998778,40.995038,50.244873,76.997940,93.488352,78,18:30
pre_lights,Sunday,6,1125,left,29.778109,15.004200,5.999610,10.998037,51.494284,72.588347,78,18:45
pre_lights,Sunday,6,1125,right,65.220765,60.492213,36.694511,47.245007,81.744974,98.233760,78,18:45
pre_lights,Sunday,6,1140,left,25.407353,14.498680,7.698878,9.999629,29.245070,66.992395,78,19:00
pre_lights,Sunday,6,1140,right,60.262671,60.494454,35.995814,46.992162,70.490978,80.592268,78,19:00
pre_lights,Sunday,6,1155,left,20.305486,11.999255,5.999625,8.249529,24.996270,57.291356,78,19:15
pre_lights,Sunday,6,1155,right,52.173770,50.998300,32.699374,38.997371,62.494457,72.988213,78,19:15
pre_lights,Sunday,6,1170,left,20.331472,13.997812,5.999906,9.998268,22.746232,52.293879,78,19:30
pre_lights,Sunday,6,1170,right,55.391705,54.996399,33.699635,41.256982,66.992679,76.993442,78,19:30
pre_lights,Sunday,6,1185,left,17.331618,11.998763,5.999554,7.999298,18.748555,45.092394,78,19:45
pre_lights,Sunday,6,1185,right,53.213289,51.998033,31.997391,42.993461,63.993341,71.295093,78,19:45
pre_lights,Sunday,6,1200,left,15.651740,11.998922,5.999287,7.998700,16.998077,24.297564,78,20:00
pre_lights,Sunday,6,1200,right,51.775916,50.993354,31.997094,43.992125,60.739457,72.289342,78,20:00
pre_lights,Sunday,6,1215,left,13.909211,10.999116,4.999710,7.999048,16.998764,26.895814,78,20:15
pre_lights,Sunday,6,1215,right,49.803881,47.494448,33.697220,39.246953,58.744298,65.295072,78,20:15
pre_lights,Sunday,6,1230,left,11.127420,9.999397,3.999786,6.999176,13.996750,20.999436,78,20:30
pre_lights,Sunday,6,1230,right,46.470714,46.497750,27.998694,37.249116,53.745546,64.196389,78,20:30
pre_lights,Sunday,6,1245,left,11.857884,10.001840,4.999453,7.999325,14.999604,19.998597,78,20:45
pre_lights,Sunday,6,1245,right,47.969498,44.997904,25.698463,36.002503,57.748476,70.892996,78,20:45
pre_lights,Sunday,6,1260,left,12.114393,11.999023,5.699275,7.998726,15.998824,20.297969,78,21:00
pre_lights,Sunday,6,1260,right,45.252532,43.994689,25.998645,33.997301,51.997680,70.983985,78,21:00
pre_lights,Sunday,6,1275,left,10.076134,8.999257,3.999891,5.999580,11.998368,17.998143,78,21:15
pre_lights,Sunday,6,1275,right,45.098511,41.998672,24.704909,34.247614,54.998508,64.291205,78,21:15
pre_lights,Sunday,6,1290,left,11.062990,9.999705,5.999614,7.249206,13.998387,16.999018,78,21:30
pre_lights,Sunday,6,1290,right,42.982793,41.476771,25.398409,33.247890,52.988013,60.992656,78,21:30
pre_lights,Sunday,6,1305,left,8.832675,6.999954,3.999586,3.999981,11.999082,15.998915,78,21:45
pre_lights,Sunday,6,1305,right,39.099777,38.995694,23.997972,28.497686,47.746735,52.896785,78,21:45
pre_lights,Sunday,6,1320,left,9.230133,8.000908,3.699481,5.998945,11.998901,15.999256,78,22:00
pre_lights,Sunday,6,1320,right,33.984838,31.997719,22.999152,26.999758,40.996823,44.996062,78,22:00
pre_lights,Sunday,6,1335,left,10.306850,9.999171,3.999887,6.998794,13.748733,17.997362,78,22:15
pre_lights,Sunday,6,1335,right,31.343510,30.997639,18.698555,24.994927,36.997104,45.996894,78,22:15
pre_lights,Sunday,6,1350,left,8.871173,7.999878,2.999935,4.999621,11.998947,15.298661,78,22:30
pre_lights,Sunday,6,1350,right,28.049410,27.999535,17.998340,23.248737,31.997463,38.299043,78,22:30
pre_lights,Sunday,6,1365,left,9.050665,7.999504,2.999821,4.999667,11.999054,15.299021,78,22:45
pre_lights,Sunday,6,1365,right,28.241649,28.498077,15.699832,19.998312,35.746922,42.994325,78,22:45
pre_lights,Sunday,6,1380,left,8.204607,6.999363,0.999971,2.999890,9.999823,18.597958,78,23:00
pre_lights,Sunday,6,1380,right,21.780806,20.999400,12.999169,16.998661,24.998344,32.297061,78,23:00
pre_lights,Sunday,6,1395,left,12.858244,11.999327,3.999695,6.999452,17.999187,22.998766,78,23:15
pre_lights,Sunday,6,1395,right,20.511589,19.499138,9.999671,13.998745,23.999353,31.997864,78,23:15
pre_lights,Sunday,6,1410,left,11.512105,9.499485,2.999916,5.999821,14.999526,21.998882,78,23:30
pre_lights,Sunday,6,1410,right,19.024463,17.997710,10.699072,12.999671,22.999253,30.297485,78,23:30
pre_lights,Sunday,6,1425,left,8.884060,6.999689,1.999830,3.999754,11.999152,17.299346,78,23:45
pre_lights,Sunday,6,1425,right,16.127203,15.998675,7.999317,10.999230,20.749441,25.997702,78,23:45
