analysis_period,weekday,weekday_number,quarter_hour,direction,mean,median,p25,p75,sample_count
all,Monday,0,0,left,111.616287,122.593576,113.107264,133.121718,129
all,Monday,0,0,right,116.079518,124.121038,113.978807,138.257407,129
all,Monday,0,15,left,114.288696,125.045409,115.821402,139.233990,129
all,Monday,0,15,right,121.761871,126.016697,114.817698,141.631306,129
all,Monday,0,30,left,124.694430,127.167862,116.004649,147.487647,129
all,Monday,0,30,right,117.695201,124.693157,112.935792,142.938575,129
all,Monday,0,45,left,121.465587,128.883436,115.859124,151.211889,129
all,Monday,0,45,right,109.906950,125.184349,108.457270,144.104154,129
all,Monday,0,60,left,123.842768,130.880648,115.677401,157.862977,128
all,Monday,0,60,right,115.395307,129.671283,113.297432,142.251371,128
all,Monday,0,75,left,119.313024,123.318460,111.497980,148.282651,129
all,Monday,0,75,right,120.921400,131.552551,120.121199,146.510737,129
all,Monday,0,90,left,128.116395,128.207321,116.250268,153.266647,129
all,Monday,0,90,right,120.252062,129.930087,120.684817,140.876680,129
all,Monday,0,105,left,122.787182,126.257032,116.066180,148.942001,129
all,Monday,0,105,right,122.134436,127.837817,113.156643,142.161844,129
all,Monday,0,120,left,122.857628,127.533771,108.977145,152.537024,129
all,Monday,0,120,right,123.527817,128.233422,118.512137,142.968845,129
all,Monday,0,135,left,114.231932,127.889617,103.062616,153.487518,129
all,Monday,0,135,right,126.585891,134.505619,118.254399,153.625827,129
all,Monday,0,150,left,105.836109,128.612017,62.069814,152.210083,128
all,Monday,0,150,right,130.987282,137.345531,121.906780,153.813475,128
all,Monday,0,165,left,106.705416,127.072057,89.854353,149.928999,129
all,Monday,0,165,right,126.597751,135.447284,118.999695,156.724910,129
all,Monday,0,180,left,114.090995,134.120154,111.002398,150.248118,129
all,Monday,0,180,right,134.020874,135.759404,125.069857,153.771867,129
all,Monday,0,195,left,120.190405,135.600397,112.170968,154.702830,129
all,Monday,0,195,right,130.997799,138.569700,119.462037,158.565833,129
all,Monday,0,210,left,107.623796,128.462672,83.485141,155.711866,129
all,Monday,0,210,right,128.122611,137.676501,118.119030,154.657665,129
all,Monday,0,225,left,123.975066,131.268161,112.040198,156.267926,129
all,Monday,0,225,right,133.851702,138.935229,125.463961,149.632831,129
all,Monday,0,240,left,119.424945,135.597948,106.685951,156.494867,129
all,Monday,0,240,right,132.999431,137.336114,122.654852,149.915549,129
all,Monday,0,255,left,119.714864,137.326820,110.575319,155.431449,129
all,Monday,0,255,right,135.227547,136.282525,127.808870,151.286014,129
all,Monday,0,270,left,121.367599,128.806131,111.270154,153.134170,129
all,Monday,0,270,right,129.699701,132.422467,124.555612,146.730351,129
all,Monday,0,285,left,128.731686,137.133357,116.442800,156.076945,129
all,Monday,0,285,right,126.933197,131.323532,121.131295,143.880068,129
all,Monday,0,300,left,136.232557,140.583342,122.868151,156.567476,129
all,Monday,0,300,right,132.224876,134.923961,126.986233,144.533379,129
all,Monday,0,315,left,133.676958,138.913732,122.179733,155.576392,129
all,Monday,0,315,right,133.526792,137.874548,129.803818,142.249137,129
all,Monday,0,330,left,126.164675,131.829017,116.356381,149.565989,129
all,Monday,0,330,right,134.495741,137.813685,129.242124,145.026003,129
all,Monday,0,345,left,125.419961,136.054362,117.817340,148.861144,129
all,Monday,0,345,right,136.365079,140.223959,133.382524,145.623752,129
all,Monday,0,360,left,134.267980,140.247356,125.678827,150.264478,129
all,Monday,0,360,right,134.505628,137.786940,132.076851,143.413594,129
all,Monday,0,375,left,132.969617,134.759043,122.631285,147.503326,129
all,Monday,0,375,right,134.255912,136.605884,130.311372,144.237412,129
all,Monday,0,390,left,135.718534,139.254804,128.905324,148.198820,129
all,Monday,0,390,right,135.699435,137.158614,133.443542,143.656819,129
all,Monday,0,405,left,130.866736,135.257977,123.426819,147.367765,129
all,Monday,0,405,right,136.323098,139.027240,133.736563,144.661715,129
all,Monday,0,420,left,128.482621,133.565149,125.938560,140.282272,129
all,Monday,0,420,right,134.919940,138.290886,132.923521,142.786238,129
all,Monday,0,435,left,132.181138,135.233750,129.983274,138.368225,128
all,Monday,0,435,right,134.602430,138.247545,133.022820,141.688507,128
all,Monday,0,450,left,132.305595,135.603725,127.936695,142.163817,129
all,Monday,0,450,right,134.186711,137.111696,131.902995,142.332411,129
all,Monday,0,465,left,130.842661,134.863186,126.609838,140.867476,128
all,Monday,0,465,right,134.380699,136.597777,132.464665,142.331871,128
all,Monday,0,480,left,132.146680,135.540044,128.285805,142.695752,129
all,Monday,0,480,right,134.174383,137.729201,133.348117,142.047715,129
all,Monday,0,495,left,130.363389,133.818789,128.904988,139.112880,129
all,Monday,0,495,right,134.432715,136.827318,132.450358,142.935123,129
all,Monday,0,510,left,129.218649,133.390877,125.817115,138.758719,127
all,Monday,0,510,right,135.201181,137.877589,131.387489,143.604442,127
all,Monday,0,525,left,130.159022,134.078098,128.710764,139.417973,129
all,Monday,0,525,right,132.738726,135.349331,129.974538,139.658036,129
all,Monday,0,540,left,132.037893,135.325975,125.911564,139.240036,129
all,Monday,0,540,right,133.409608,134.762316,128.895811,139.762566,129
all,Monday,0,555,left,129.874674,131.312362,122.693273,137.750425,129
all,Monday,0,555,right,133.019409,134.448956,127.606198,139.806612,129
all,Monday,0,570,left,129.521849,130.609834,121.781010,136.669979,129
all,Monday,0,570,right,132.664028,133.205197,126.636227,140.613480,129
all,Monday,0,585,left,130.513929,131.057039,125.618442,137.193975,128
all,Monday,0,585,right,131.635879,132.207326,126.641633,139.144079,128
all,Monday,0,600,left,131.931545,132.358007,126.477697,138.238990,129
all,Monday,0,600,right,132.517177,134.114218,127.938012,139.711284,129
all,Monday,0,615,left,131.972853,133.816470,127.919640,138.968561,129
all,Monday,0,615,right,130.605311,133.992708,126.854504,140.085789,129
all,Monday,0,630,left,129.549309,133.543359,125.484174,139.111556,128
all,Monday,0,630,right,128.882314,133.363694,126.350940,139.774309,128
all,Monday,0,645,left,130.004046,132.491267,127.762337,138.768674,129
all,Monday,0,645,right,129.234979,133.720012,128.432330,138.255225,129
all,Monday,0,660,left,129.792483,132.723979,127.385535,139.224417,129
all,Monday,0,660,right,130.081712,132.557086,129.038333,139.326623,129
all,Monday,0,675,left,129.663440,132.587649,126.728524,138.454981,129
all,Monday,0,675,right,130.305848,134.657149,125.610515,139.937157,129
all,Monday,0,690,left,129.391572,133.746382,125.071023,139.165939,129
all,Monday,0,690,right,130.953608,135.414200,129.372724,141.893242,129
all,Monday,0,705,left,129.825519,133.226074,124.449082,140.545435,129
all,Monday,0,705,right,131.127365,135.849595,128.562183,142.791782,129
all,Monday,0,720,left,129.886366,133.808587,125.602625,141.078055,129
all,Monday,0,720,right,129.417225,134.477245,124.193815,141.975723,129
all,Monday,0,735,left,129.701387,134.318310,126.405202,140.043130,129
all,Monday,0,735,right,131.543895,134.238317,129.230481,143.371833,129
all,Monday,0,750,left,131.874977,135.725514,127.423452,143.725553,129
all,Monday,0,750,right,132.167138,135.729213,127.093078,143.405245,129
all,Monday,0,765,left,131.913061,135.949082,128.519771,142.726132,129
all,Monday,0,765,right,130.774370,134.148718,124.848157,141.292946,129
all,Monday,0,780,left,133.390595,137.386236,128.597020,144.328143,129
all,Monday,0,780,right,130.404417,131.892362,124.410572,142.282960,129
all,Monday,0,795,left,133.820223,136.872151,129.495303,145.313488,129
all,Monday,0,795,right,133.568763,137.204264,129.213657,146.024859,129
all,Monday,0,810,left,131.861259,136.139961,126.035351,141.842928,129
all,Monday,0,810,right,132.104033,136.562169,128.298542,142.294750,129
all,Monday,0,825,left,131.800272,135.894676,128.922718,141.606362,129
all,Monday,0,825,right,130.278573,132.823638,123.103356,141.956946,129
all,Monday,0,840,left,133.753470,139.100694,130.339448,143.404948,129
all,Monday,0,840,right,131.620224,134.548429,128.188870,141.622893,129
all,Monday,0,855,left,133.151220,138.510942,128.952962,143.670538,129
all,Monday,0,855,right,133.345369,136.265518,130.040749,145.293457,129
all,Monday,0,870,left,132.444396,136.078748,130.188097,141.652571,129
all,Monday,0,870,right,134.019929,136.191380,127.855687,146.241972,129
all,Monday,0,885,left,133.482078,136.740128,130.599871,143.290365,129
all,Monday,0,885,right,135.065288,137.990637,131.704155,144.434583,129
all,Monday,0,900,left,132.387687,136.932968,130.158907,142.142709,129
all,Monday,0,900,right,134.695060,138.077335,129.353092,144.157502,129
all,Monday,0,915,left,133.408302,135.861089,130.982087,143.396233,129
all,Monday,0,915,right,132.175459,134.064670,125.473718,143.416969,129
all,Monday,0,930,left,132.789949,137.172113,127.450336,144.711581,129
all,Monday,0,930,right,132.556074,133.007395,128.937585,143.786179,129
all,Monday,0,945,left,133.944778,136.601210,127.705446,145.579767,128
all,Monday,0,945,right,133.141312,135.109078,128.179115,141.143958,128
all,Monday,0,960,left,136.102941,138.850683,129.455192,145.663829,129
all,Monday,0,960,right,134.009172,133.402753,127.785765,140.448601,129
all,Monday,0,975,left,135.798602,137.153502,129.884073,142.264145,129
all,Monday,0,975,right,133.052977,133.828347,127.211513,139.649279,129
all,Monday,0,990,left,135.709406,136.277610,130.338088,141.701968,129
all,Monday,0,990,right,132.774205,132.435664,126.242898,138.797372,129
all,Monday,0,1005,left,130.747113,134.684929,128.564910,140.892570,129
all,Monday,0,1005,right,130.942089,134.133937,128.868064,138.810452,129
all,Monday,0,1020,left,135.071967,135.670687,129.081054,141.139273,129
all,Monday,0,1020,right,134.035667,133.063609,128.283440,139.930001,129
all,Monday,0,1035,left,131.520980,134.573212,126.493736,141.139372,129
all,Monday,0,1035,right,130.238390,133.261428,125.803136,139.617110,129
all,Monday,0,1050,left,130.748723,133.547683,126.847926,139.255912,129
all,Monday,0,1050,right,128.768550,131.870393,124.062944,138.684373,129
all,Monday,0,1065,left,130.332769,132.369814,126.064429,138.656359,129
all,Monday,0,1065,right,128.372704,131.037003,123.657031,138.686313,129
all,Monday,0,1080,left,131.487611,135.723049,127.188394,140.226271,129
all,Monday,0,1080,right,129.879310,132.460353,126.184948,140.643272,129
all,Monday,0,1095,left,131.943060,133.933854,127.269462,139.317834,129
all,Monday,0,1095,right,128.796703,132.734447,124.086045,140.279119,129
all,Monday,0,1110,left,132.222227,134.526772,128.594181,140.738726,128
all,Monday,0,1110,right,132.888458,136.672970,127.276432,142.876260,128
all,Monday,0,1125,left,133.897183,135.229042,127.936199,142.449349,129
all,Monday,0,1125,right,131.530335,134.541978,128.420562,142.600480,129
all,Monday,0,1140,left,129.871353,132.430552,122.853386,138.981161,129
all,Monday,0,1140,right,131.290610,134.774399,125.646209,146.408885,129
all,Monday,0,1155,left,131.222149,134.082184,125.095859,141.797960,129
all,Monday,0,1155,right,135.159844,139.946881,128.593802,151.073617,129
all,Monday,0,1170,left,129.028695,132.967709,124.134252,143.595921,128
all,Monday,0,1170,right,131.794003,135.406193,126.673698,144.715676,128
all,Monday,0,1185,left,130.605316,133.451104,119.114068,148.236863,128
all,Monday,0,1185,right,128.891384,134.109832,117.771074,145.840989,128
all,Monday,0,1200,left,125.106058,133.026730,117.771115,141.635694,129
all,Monday,0,1200,right,127.602971,132.432398,120.899825,144.220857,129
all,Monday,0,1215,left,132.461387,136.590136,121.721019,149.513583,129
all,Monday,0,1215,right,129.178388,134.068934,122.004467,145.735674,129
all,Monday,0,1230,left,127.862706,133.245142,119.233566,150.270177,129
all,Monday,0,1230,right,126.324071,127.875589,119.750252,141.470528,129
all,Monday,0,1245,left,129.106628,129.571021,114.960285,153.658910,128
all,Monday,0,1245,right,128.789201,131.477758,118.283072,147.659379,128
all,Monday,0,1260,left,116.817340,128.042918,100.575710,153.676456,129
all,Monday,0,1260,right,133.811217,133.334607,119.268743,151.217939,129
all,Monday,0,1275,left,121.206249,130.208354,111.106038,148.465530,129
all,Monday,0,1275,right,123.966320,127.843934,115.724782,141.697250,129
all,Monday,0,1290,left,119.328784,123.145854,110.466538,143.486028,129
all,Monday,0,1290,right,126.024067,129.023828,117.214227,144.181393,129
all,Monday,0,1305,left,121.959386,123.861620,112.252515,148.439590,129
all,Monday,0,1305,right,125.928869,128.222724,119.322291,140.167401,129
all,Monday,0,1320,left,111.886572,127.416132,102.263059,145.098037,129
all,Monday,0,1320,right,125.897632,127.152858,117.371551,139.326008,129
all,Monday,0,1335,left,120.343175,126.470806,108.147493,147.443790,129
all,Monday,0,1335,right,124.085570,128.534161,114.375882,142.500795,129
all,Monday,0,1350,left,123.930366,123.777445,111.134993,151.839928,129
all,Monday,0,1350,right,123.333368,128.390458,116.891635,137.285563,129
all,Monday,0,1365,left,116.249344,120.291769,106.052305,143.226503,129
all,Monday,0,1365,right,116.221959,125.025803,112.460056,139.504281,129
all,Monday,0,1380,left,124.077335,127.778136,115.881590,139.871377,129
all,Monday,0,1380,right,126.447975,126.802595,118.121588,143.167964,129
all,Monday,0,1395,left,119.905041,127.248471,116.207612,139.339192,129
all,Monday,0,1395,right,119.950257,127.358488,112.211806,137.916041,129
all,Monday,0,1410,left,119.171668,127.776437,116.463583,141.281533,129
all,Monday,0,1410,right,121.098554,126.203539,114.901277,145.263925,129
all,Monday,0,1425,left,127.729126,129.712395,119.596481,145.804447,129
all,Monday,0,1425,right,124.871338,127.846000,120.652065,145.448064,129
all,Tuesday,1,0,left,123.125260,124.896856,115.070908,146.672315,135
all,Tuesday,1,0,right,123.002093,126.882459,115.786252,144.336158,135
all,Tuesday,1,15,left,123.977160,128.744933,120.234186,140.594954,135
all,Tuesday,1,15,right,119.220208,126.613802,111.381819,143.463850,135
all,Tuesday,1,30,left,114.643605,126.744016,108.269301,138.563373,135
all,Tuesday,1,30,right,113.955496,125.407180,103.583642,143.370404,135
all,Tuesday,1,45,left,111.824588,121.944960,101.796694,135.701778,135
all,Tuesday,1,45,right,114.676296,123.630394,94.016559,146.380191,135
all,Tuesday,1,60,left,118.791961,124.558497,109.432387,142.675322,135
all,Tuesday,1,60,right,117.966177,127.932211,111.269361,149.114886,135
all,Tuesday,1,75,left,110.700636,124.272222,101.906340,142.057500,135
all,Tuesday,1,75,right,119.453138,128.719659,111.765188,151.989464,135
all,Tuesday,1,90,left,112.455642,117.993700,98.773587,147.976447,135
all,Tuesday,1,90,right,120.315440,125.201201,111.855291,147.019742,135
all,Tuesday,1,105,left,115.223833,121.619917,105.344756,140.602986,135
all,Tuesday,1,105,right,114.617238,123.837160,104.491232,142.850537,135
all,Tuesday,1,120,left,123.161558,124.017356,112.729321,147.532225,135
all,Tuesday,1,120,right,118.568883,123.335796,111.145286,134.073268,135
all,Tuesday,1,135,left,118.917547,133.432944,108.189390,152.523623,135
all,Tuesday,1,135,right,123.408118,129.027758,113.820370,146.823447,135
all,Tuesday,1,150,left,117.814966,130.048141,107.072051,152.640821,135
all,Tuesday,1,150,right,127.968640,135.852428,118.716513,152.931366,135
all,Tuesday,1,165,left,123.711779,135.992577,113.988428,150.702967,135
all,Tuesday,1,165,right,128.866120,140.246386,118.551361,154.472382,135
all,Tuesday,1,180,left,112.308377,125.616664,97.018779,150.996548,135
all,Tuesday,1,180,right,134.227396,135.890633,122.949116,153.527931,135
all,Tuesday,1,195,left,119.944867,125.984218,107.479312,158.147989,134
all,Tuesday,1,195,right,130.840801,138.830141,121.017602,157.991590,134
all,Tuesday,1,210,left,119.896466,129.760133,103.261838,151.973037,135
all,Tuesday,1,210,right,133.835487,141.386743,124.607895,152.811584,135
all,Tuesday,1,225,left,126.939403,133.411643,116.788736,155.140291,135
all,Tuesday,1,225,right,125.651694,131.160070,119.465225,146.759193,135
all,Tuesday,1,240,left,120.460420,132.201210,114.516736,154.856178,134
all,Tuesday,1,240,right,129.978120,134.617036,124.202732,145.005650,134
all,Tuesday,1,255,left,121.324238,134.336177,113.963374,153.841704,135
all,Tuesday,1,255,right,132.332885,136.608729,126.036997,148.540160,135
all,Tuesday,1,270,left,124.141143,134.052191,114.003659,153.222831,135
all,Tuesday,1,270,right,131.798886,131.481890,120.332597,148.534559,135
all,Tuesday,1,285,left,123.318955,134.810192,115.743667,149.758945,135
all,Tuesday,1,285,right,134.790801,136.661381,125.544398,147.963452,135
all,Tuesday,1,300,left,129.770367,131.774877,120.202850,146.511080,135
all,Tuesday,1,300,right,130.954916,133.656140,126.906369,140.927123,135
all,Tuesday,1,315,left,129.451312,133.119271,117.829386,147.911627,135
all,Tuesday,1,315,right,129.726529,132.843885,125.071690,139.895956,135
all,Tuesday,1,330,left,133.021989,132.206702,118.763512,152.660396,134
all,Tuesday,1,330,right,134.233031,137.851701,128.926908,144.527201,134
all,Tuesday,1,345,left,129.973430,131.634277,120.862339,142.599846,135
all,Tuesday,1,345,right,135.697629,139.226382,132.064381,145.986983,135
all,Tuesday,1,360,left,133.687715,135.604376,125.493507,148.221634,135
all,Tuesday,1,360,right,133.934063,136.981143,130.517978,142.640410,135
all,Tuesday,1,375,left,132.450585,134.547492,125.265882,145.216864,135
all,Tuesday,1,375,right,132.876292,136.393171,127.897261,142.437553,135
all,Tuesday,1,390,left,130.640227,134.427027,122.383316,145.569379,135
all,Tuesday,1,390,right,132.773334,135.174548,128.255661,142.711123,135
all,Tuesday,1,405,left,130.248143,133.578959,125.727242,144.063793,134
all,Tuesday,1,405,right,133.676167,136.992065,131.467856,143.380088,134
all,Tuesday,1,420,left,132.097153,134.694356,126.882127,143.304598,135
all,Tuesday,1,420,right,133.086568,135.998838,131.458982,141.120330,135
all,Tuesday,1,435,left,133.698328,136.675637,129.557814,143.450931,135
all,Tuesday,1,435,right,134.133745,137.579263,132.752969,141.908242,135
all,Tuesday,1,450,left,129.349638,133.787215,123.980501,139.495240,135
all,Tuesday,1,450,right,132.039025,135.476647,130.824146,141.167756,135
all,Tuesday,1,465,left,126.257012,129.873036,120.790438,136.380005,135
all,Tuesday,1,465,right,132.495640,136.486734,130.268660,142.047383,135
all,Tuesday,1,480,left,126.800893,128.829002,120.231523,138.511996,135
all,Tuesday,1,480,right,132.341673,135.861570,128.770592,142.344854,135
all,Tuesday,1,495,left,127.452169,130.363881,122.666859,137.237242,135
all,Tuesday,1,495,right,132.430651,135.404837,128.460708,142.597216,135
all,Tuesday,1,510,left,129.691187,132.676605,126.070598,140.236402,135
all,Tuesday,1,510,right,132.609297,136.665441,129.389788,141.642043,135
all,Tuesday,1,525,left,130.045702,135.011438,125.149818,141.277733,135
all,Tuesday,1,525,right,132.023653,135.082084,128.785977,142.191950,135
all,Tuesday,1,540,left,129.840918,135.474650,125.179684,141.218310,135
all,Tuesday,1,540,right,131.041567,134.775949,127.721667,142.059010,135
all,Tuesday,1,555,left,130.295366,134.980133,126.775903,141.003796,135
all,Tuesday,1,555,right,131.384060,136.173362,129.904467,141.318233,135
all,Tuesday,1,570,left,131.889252,136.645404,128.332749,142.514911,135
all,Tuesday,1,570,right,129.462232,133.256346,127.825677,140.482534,135
all,Tuesday,1,585,left,131.379708,135.672567,126.363460,141.670842,135
all,Tuesday,1,585,right,129.195328,133.755844,125.188627,140.386855,135
all,Tuesday,1,600,left,128.737677,132.130925,124.648137,138.159229,134
all,Tuesday,1,600,right,129.608589,134.649725,125.533302,139.206754,134
all,Tuesday,1,615,left,129.090087,133.539460,125.403327,139.823516,135
all,Tuesday,1,615,right,129.218482,134.655989,127.330814,140.225855,135
all,Tuesday,1,630,left,125.595512,132.478734,121.851220,137.749959,135
all,Tuesday,1,630,right,125.647448,132.915274,125.449873,136.825593,135
all,Tuesday,1,645,left,122.782057,128.877841,121.270361,135.610764,135
all,Tuesday,1,645,right,125.552841,131.800744,125.100016,137.955210,135
all,Tuesday,1,660,left,125.846203,131.722514,123.636823,138.566892,135
all,Tuesday,1,660,right,125.339203,131.460007,126.306924,137.764689,135
all,Tuesday,1,675,left,127.549347,135.634663,124.298481,140.232063,135
all,Tuesday,1,675,right,126.943449,133.366959,126.516932,138.296716,135
all,Tuesday,1,690,left,126.339718,131.950276,125.719986,140.004782,135
all,Tuesday,1,690,right,126.722643,133.883715,126.521482,138.736401,135
all,Tuesday,1,705,left,126.575569,132.364631,124.810638,140.465663,135
all,Tuesday,1,705,right,127.565914,134.209448,127.618318,140.282954,135
all,Tuesday,1,720,left,125.647666,131.045578,124.299886,138.827407,135
all,Tuesday,1,720,right,126.753958,134.462258,125.332828,140.105183,135
all,Tuesday,1,735,left,125.690949,132.512395,122.599189,140.021911,135
all,Tuesday,1,735,right,127.216014,135.404688,127.084300,139.983949,135
all,Tuesday,1,750,left,126.459463,131.837618,124.230333,140.325934,135
all,Tuesday,1,750,right,128.343074,135.406594,126.187419,143.573009,135
all,Tuesday,1,765,left,126.911066,133.322563,124.659429,141.410058,134
all,Tuesday,1,765,right,129.506039,135.762025,126.111805,143.538601,134
all,Tuesday,1,780,left,127.246382,133.567732,125.296155,139.403930,135
all,Tuesday,1,780,right,129.725534,135.487987,128.137187,142.366851,135
all,Tuesday,1,795,left,128.510285,134.321672,128.240228,140.741408,135
all,Tuesday,1,795,right,130.085214,137.180379,128.481786,145.328988,135
all,Tuesday,1,810,left,129.801360,135.958296,128.607503,143.049071,135
all,Tuesday,1,810,right,131.028947,136.651123,130.300343,144.633688,135
all,Tuesday,1,825,left,129.571190,136.594822,129.169473,141.539551,135
all,Tuesday,1,825,right,129.663016,136.582731,125.379229,142.445338,135
all,Tuesday,1,840,left,130.275198,138.250317,131.824018,141.999499,135
all,Tuesday,1,840,right,129.048788,135.210109,127.647108,141.192665,135
all,Tuesday,1,855,left,130.344093,138.011370,132.731981,141.802185,135
all,Tuesday,1,855,right,129.020613,134.374307,126.420560,142.499857,135
all,Tuesday,1,870,left,130.049073,137.641876,131.200033,140.941886,135
all,Tuesday,1,870,right,131.147783,135.985030,129.213837,143.596433,135
all,Tuesday,1,885,left,130.979212,137.188847,133.644028,141.176220,135
all,Tuesday,1,885,right,130.260998,136.804049,128.704096,142.435887,135
all,Tuesday,1,900,left,129.180493,135.994850,131.457543,140.360524,135
all,Tuesday,1,900,right,131.046922,136.303076,130.377706,144.102288,135
all,Tuesday,1,915,left,129.303304,135.384652,129.635161,140.726797,135
all,Tuesday,1,915,right,131.143919,137.526716,127.945561,144.224240,135
all,Tuesday,1,930,left,129.463534,136.521784,130.671818,140.412733,135
all,Tuesday,1,930,right,129.350055,135.087808,127.406116,142.001465,135
all,Tuesday,1,945,left,130.229378,136.733057,131.477886,142.072215,135
all,Tuesday,1,945,right,129.610318,135.216686,126.553321,141.509022,135
all,Tuesday,1,960,left,129.825040,136.324354,131.158067,140.411657,135
all,Tuesday,1,960,right,129.202071,135.335713,125.894180,142.246289,135
all,Tuesday,1,975,left,130.299615,136.422566,130.673157,140.555351,134
all,Tuesday,1,975,right,128.913064,135.253473,126.496090,141.606531,134
all,Tuesday,1,990,left,130.096535,135.825302,131.000911,140.501569,135
all,Tuesday,1,990,right,128.361359,134.419352,128.880633,139.191382,135
all,Tuesday,1,1005,left,129.224631,134.946516,129.627666,139.610306,135
all,Tuesday,1,1005,right,128.541045,134.740534,128.494278,139.640555,135
all,Tuesday,1,1020,left,129.083815,134.321342,129.102625,140.133999,135
all,Tuesday,1,1020,right,127.613578,133.915957,127.888238,137.719061,135
all,Tuesday,1,1035,left,128.783098,134.273009,128.711858,139.345676,135
all,Tuesday,1,1035,right,127.243894,132.737368,126.939141,138.458419,135
all,Tuesday,1,1050,left,129.027327,134.051457,126.790760,139.479416,135
all,Tuesday,1,1050,right,127.759175,133.032476,127.319412,139.888278,135
all,Tuesday,1,1065,left,129.406082,134.620748,129.119986,139.983257,135
all,Tuesday,1,1065,right,128.470845,134.165946,129.620795,137.951325,135
all,Tuesday,1,1080,left,130.216880,135.298248,128.731724,141.515463,135
all,Tuesday,1,1080,right,128.380214,134.811205,129.616830,140.347122,135
all,Tuesday,1,1095,left,131.681652,136.126631,131.376692,142.448153,135
all,Tuesday,1,1095,right,129.921544,135.508354,130.299412,140.495975,135
all,Tuesday,1,1110,left,127.670124,134.243116,128.049326,141.624061,135
all,Tuesday,1,1110,right,128.715422,133.342137,129.121975,139.757730,135
all,Tuesday,1,1125,left,126.082534,133.745397,127.442686,141.989961,135
all,Tuesday,1,1125,right,131.761080,136.108903,131.198003,141.068625,135
all,Tuesday,1,1140,left,128.442536,134.880456,126.521728,141.537228,135
all,Tuesday,1,1140,right,130.784365,136.029097,129.119745,143.621419,135
all,Tuesday,1,1155,left,126.717951,134.806908,127.154484,142.752808,135
all,Tuesday,1,1155,right,127.922210,134.678708,129.788418,141.211916,135
all,Tuesday,1,1170,left,127.613161,133.416129,123.801579,143.739038,135
all,Tuesday,1,1170,right,128.356715,135.077883,125.011796,146.202859,135
all,Tuesday,1,1185,left,124.341535,132.906150,118.012596,140.914528,135
all,Tuesday,1,1185,right,129.440839,136.284392,125.485970,145.061426,135
all,Tuesday,1,1200,left,126.000596,132.650101,119.740953,141.989670,135
all,Tuesday,1,1200,right,130.203543,136.431941,123.858730,147.342813,135
all,Tuesday,1,1215,left,124.306875,131.783937,116.758874,145.805206,135
all,Tuesday,1,1215,right,128.061651,133.544541,119.200303,146.233679,135
all,Tuesday,1,1230,left,123.020857,130.573057,115.267166,144.974220,135
all,Tuesday,1,1230,right,132.123497,134.838772,122.951508,150.006103,135
all,Tuesday,1,1245,left,119.484208,127.094807,112.625388,139.575377,135
all,Tuesday,1,1245,right,129.388255,131.650316,119.488130,147.630665,135
all,Tuesday,1,1260,left,121.889261,130.056206,114.264159,147.280581,135
all,Tuesday,1,1260,right,119.355452,126.294831,111.268247,144.391921,135
all,Tuesday,1,1275,left,119.302971,126.313953,106.632513,142.591679,135
all,Tuesday,1,1275,right,120.696799,126.485434,112.848531,140.180572,135
all,Tuesday,1,1290,left,108.790678,121.740218,99.020489,136.214846,135
all,Tuesday,1,1290,right,124.889753,128.746151,119.134301,143.513641,135
all,Tuesday,1,1305,left,110.530138,121.568454,98.507004,139.195851,135
all,Tuesday,1,1305,right,119.211557,123.812283,114.789034,137.786492,135
all,Tuesday,1,1320,left,120.233990,123.829569,113.237532,147.378866,135
all,Tuesday,1,1320,right,124.551020,129.076068,115.864382,144.497267,135
all,Tuesday,1,1335,left,119.561325,125.742506,113.347339,143.801835,135
all,Tuesday,1,1335,right,122.269731,126.139830,115.488574,143.725583,135
all,Tuesday,1,1350,left,114.263689,123.775128,107.150327,138.753362,135
all,Tuesday,1,1350,right,120.804346,125.783914,113.981957,138.523936,135
all,Tuesday,1,1365,left,120.228155,124.679810,114.966812,142.677010,134
all,Tuesday,1,1365,right,123.497084,128.003045,117.063179,144.893357,134
all,Tuesday,1,1380,left,119.667917,124.552374,114.493323,141.239517,134
all,Tuesday,1,1380,right,122.513785,127.447405,118.005260,140.727463,134
all,Tuesday,1,1395,left,120.278782,126.016805,117.729964,135.866413,135
all,Tuesday,1,1395,right,120.041890,125.667518,117.048580,136.186762,135
all,Tuesday,1,1410,left,117.602791,127.197301,114.308681,136.252540,135
all,Tuesday,1,1410,right,119.155857,125.102012,114.927838,135.592360,135
all,Tuesday,1,1425,left,114.533524,123.830361,107.972107,134.474421,134
all,Tuesday,1,1425,right,123.452146,125.819396,114.377828,141.724572,134
all,Wednesday,2,0,left,114.828018,123.699761,113.047338,133.956184,135
all,Wednesday,2,0,right,121.992643,124.189535,112.282608,145.802452,135
all,Wednesday,2,15,left,118.483646,127.095316,119.145707,133.468446,135
all,Wednesday,2,15,right,119.652788,124.449896,109.949330,146.383717,135
all,Wednesday,2,30,left,116.523157,125.206486,116.812831,135.052202,135
all,Wednesday,2,30,right,116.558333,124.066497,110.852728,142.036462,135
all,Wednesday,2,45,left,117.134978,126.758204,113.873524,141.092978,135
all,Wednesday,2,45,right,123.181589,126.946827,117.297023,144.346238,135
all,Wednesday,2,60,left,115.876828,126.139922,111.700992,144.248044,135
all,Wednesday,2,60,right,112.212856,120.644947,99.792680,136.399560,135
all,Wednesday,2,75,left,112.758951,122.941156,111.412956,139.152029,135
all,Wednesday,2,75,right,112.775630,123.253549,111.150428,135.964980,135
all,Wednesday,2,90,left,115.089379,124.578500,107.351865,141.002844,135
all,Wednesday,2,90,right,118.072891,125.266883,115.989963,139.475074,135
all,Wednesday,2,105,left,126.918226,130.517712,115.099808,148.700655,135
all,Wednesday,2,105,right,121.046185,124.065587,112.041622,143.770716,135
all,Wednesday,2,120,left,113.254132,122.383171,101.617673,145.401222,135
all,Wednesday,2,120,right,119.463904,124.237957,105.402571,141.593284,135
all,Wednesday,2,135,left,122.744306,135.777723,107.151172,162.010084,135
all,Wednesday,2,135,right,121.901024,126.909091,116.527757,154.408106,135
all,Wednesday,2,150,left,116.935417,132.694116,106.352928,151.929232,135
all,Wednesday,2,150,right,130.749820,140.904014,121.040898,156.887988,135
all,Wednesday,2,165,left,108.295850,128.023436,100.522036,146.745332,135
all,Wednesday,2,165,right,133.368985,138.539966,120.657978,153.669735,135
all,Wednesday,2,180,left,112.339156,134.277650,94.578109,151.816123,135
all,Wednesday,2,180,right,122.263704,130.621850,115.830587,154.220911,135
all,Wednesday,2,195,left,120.102555,129.602066,105.747293,150.223853,135
all,Wednesday,2,195,right,128.195880,136.101717,119.185425,150.265075,135
all,Wednesday,2,210,left,117.744759,134.391475,108.882827,149.791128,134
all,Wednesday,2,210,right,130.444167,139.805758,124.268281,151.238779,134
all,Wednesday,2,225,left,116.234332,135.549557,110.679407,151.354236,135
all,Wednesday,2,225,right,133.105762,139.015279,126.237817,153.132043,135
all,Wednesday,2,240,left,129.113465,138.961561,116.919090,154.579035,135
all,Wednesday,2,240,right,134.783144,141.448340,126.116759,156.719997,135
all,Wednesday,2,255,left,131.569121,142.545963,116.711207,160.080146,135
all,Wednesday,2,255,right,130.247236,136.193383,122.036022,148.438270,135
all,Wednesday,2,270,left,127.828654,136.567427,116.512166,155.059996,135
all,Wednesday,2,270,right,130.271703,136.100002,126.136205,145.972099,135
all,Wednesday,2,285,left,129.357945,135.600041,121.378695,151.077865,134
all,Wednesday,2,285,right,128.947782,136.818281,127.847838,143.489696,134
all,Wednesday,2,300,left,125.333014,130.954221,116.878780,142.363017,135
all,Wednesday,2,300,right,129.011388,133.237975,126.231450,143.221973,135
all,Wednesday,2,315,left,124.753092,130.274930,115.946333,147.701242,135
all,Wednesday,2,315,right,126.017259,133.861057,122.255186,141.589159,135
all,Wednesday,2,330,left,124.795142,130.382375,115.705250,149.504088,135
all,Wednesday,2,330,right,129.656584,135.660926,127.832494,140.645673,135
all,Wednesday,2,345,left,124.038892,132.296749,118.927332,145.986386,135
all,Wednesday,2,345,right,130.670098,137.254751,129.374497,142.348013,135
all,Wednesday,2,360,left,133.157691,136.510786,124.045099,148.789719,135
all,Wednesday,2,360,right,131.414411,137.396490,130.819432,143.613942,135
all,Wednesday,2,375,left,126.839555,133.919541,123.619213,145.236992,135
all,Wednesday,2,375,right,130.568424,135.966321,127.897989,143.381929,135
all,Wednesday,2,390,left,126.266451,134.009030,123.356636,145.740680,134
all,Wednesday,2,390,right,131.433887,136.664700,130.445093,144.567276,134
all,Wednesday,2,405,left,131.130911,134.165361,126.078825,147.063319,135
all,Wednesday,2,405,right,132.326320,137.378356,132.653582,143.668942,135
all,Wednesday,2,420,left,128.075069,132.393748,124.550641,141.624162,135
all,Wednesday,2,420,right,131.333493,137.252730,131.205103,141.080753,135
all,Wednesday,2,435,left,127.424639,133.267841,122.793423,143.482585,135
all,Wednesday,2,435,right,131.401567,137.706033,133.124236,142.352851,135
all,Wednesday,2,450,left,127.202699,132.901371,123.342269,141.196747,135
all,Wednesday,2,450,right,132.126680,137.746598,132.828119,142.881969,135
all,Wednesday,2,465,left,126.678218,134.149335,124.537003,140.169329,135
all,Wednesday,2,465,right,129.646722,136.336293,130.209844,141.470781,135
all,Wednesday,2,480,left,129.619077,134.999893,127.616949,142.263067,135
all,Wednesday,2,480,right,129.046151,134.874364,130.695477,140.309218,135
all,Wednesday,2,495,left,128.172100,134.474007,126.535775,139.323036,135
all,Wednesday,2,495,right,130.251697,136.532501,131.568153,140.802646,135
all,Wednesday,2,510,left,127.334395,132.114543,124.853788,139.032742,135
all,Wednesday,2,510,right,129.955400,136.843757,129.726519,140.794834,135
all,Wednesday,2,525,left,127.864211,133.035076,125.751635,139.663637,135
all,Wednesday,2,525,right,129.645155,137.150737,131.374086,141.155298,135
all,Wednesday,2,540,left,127.136049,132.611342,126.351653,139.634806,135
all,Wednesday,2,540,right,128.944937,134.139376,129.464526,139.477220,135
all,Wednesday,2,555,left,126.596788,132.734565,124.080126,140.351662,135
all,Wednesday,2,555,right,126.473416,132.294701,126.191226,138.823680,135
all,Wednesday,2,570,left,126.010781,131.858041,125.388037,137.493704,135
all,Wednesday,2,570,right,126.010593,133.186957,126.731418,137.839880,135
all,Wednesday,2,585,left,121.370892,129.090502,122.376629,135.163375,135
all,Wednesday,2,585,right,121.678577,129.941415,121.861659,136.488859,135
all,Wednesday,2,600,left,119.948059,130.328419,116.893975,136.850025,135
all,Wednesday,2,600,right,120.110263,129.643803,119.694934,136.338557,135
all,Wednesday,2,615,left,123.431852,131.149363,123.491391,139.099184,135
all,Wednesday,2,615,right,121.833699,131.572292,123.067739,135.775981,135
all,Wednesday,2,630,left,122.234161,129.967621,123.220917,137.508307,135
all,Wednesday,2,630,right,123.827231,132.155925,124.761171,137.423349,135
all,Wednesday,2,645,left,123.621636,130.156734,123.578351,138.652952,135
all,Wednesday,2,645,right,124.842977,133.528486,127.476647,138.826232,135
all,Wednesday,2,660,left,124.960860,132.895217,123.454391,137.697174,135
all,Wednesday,2,660,right,125.598966,133.265515,125.369204,139.122122,135
all,Wednesday,2,675,left,125.486751,133.807223,121.914021,138.937709,135
all,Wednesday,2,675,right,126.475471,132.889986,124.835901,138.324307,135
all,Wednesday,2,690,left,124.961462,131.421646,122.324595,139.697705,135
all,Wednesday,2,690,right,125.181821,132.059835,126.586296,136.319569,135
all,Wednesday,2,705,left,128.654297,132.744488,126.040349,138.978996,134
all,Wednesday,2,705,right,129.668481,133.513717,128.779940,140.095070,134
all,Wednesday,2,720,left,128.806083,132.050925,123.109279,141.721277,135
all,Wednesday,2,720,right,130.167961,134.016071,129.076700,140.808050,135
all,Wednesday,2,735,left,130.238249,134.185890,125.706418,142.088621,134
all,Wednesday,2,735,right,129.505894,133.164128,126.913157,138.203380,134
all,Wednesday,2,750,left,129.926141,135.674558,128.084458,140.800367,135
all,Wednesday,2,750,right,130.994007,133.979992,128.876853,140.035244,135
all,Wednesday,2,765,left,129.757245,133.835159,124.039054,140.374600,135
all,Wednesday,2,765,right,131.268208,134.138712,127.631963,141.037529,135
all,Wednesday,2,780,left,131.543597,133.962590,127.991552,140.702717,135
all,Wednesday,2,780,right,133.817290,135.219589,130.961439,143.590765,135
all,Wednesday,2,795,left,132.359575,135.214348,128.807377,142.768094,135
all,Wednesday,2,795,right,132.984841,135.417003,128.409161,142.516811,135
all,Wednesday,2,810,left,133.566270,136.057201,131.027559,143.092261,135
all,Wednesday,2,810,right,135.188827,139.141861,130.180300,146.901521,135
all,Wednesday,2,825,left,134.834775,138.072190,132.272064,143.068735,135
all,Wednesday,2,825,right,134.952862,138.161583,131.600176,145.255765,135
all,Wednesday,2,840,left,133.605460,136.707120,130.672988,142.931690,135
all,Wednesday,2,840,right,134.735960,137.681434,130.771626,145.265211,135
all,Wednesday,2,855,left,134.410989,136.934846,132.592811,143.299901,135
all,Wednesday,2,855,right,133.694858,136.803549,129.196328,144.481518,135
all,Wednesday,2,870,left,133.133825,136.784146,130.179974,143.341684,135
all,Wednesday,2,870,right,134.690404,138.226154,130.594990,144.898445,135
all,Wednesday,2,885,left,133.546777,135.796367,131.992506,140.966326,135
all,Wednesday,2,885,right,133.018368,136.793877,129.379324,141.846431,135
all,Wednesday,2,900,left,133.616240,136.309041,130.884109,141.719851,135
all,Wednesday,2,900,right,134.884400,136.227745,130.997049,144.811559,135
all,Wednesday,2,915,left,132.524377,136.226581,128.673434,140.964013,135
all,Wednesday,2,915,right,132.098764,133.161792,128.008256,144.952546,135
all,Wednesday,2,930,left,133.220335,136.618471,130.355374,141.318001,135
all,Wednesday,2,930,right,132.643597,134.245386,128.589242,143.286074,135
all,Wednesday,2,945,left,132.758393,135.524572,129.523785,143.234167,135
all,Wednesday,2,945,right,132.081898,134.406811,129.218694,140.498081,135
all,Wednesday,2,960,left,133.930479,136.604941,130.357386,143.435427,135
all,Wednesday,2,960,right,130.775104,133.975975,128.644757,138.269433,135
all,Wednesday,2,975,left,133.723901,136.961403,131.563602,142.000566,135
all,Wednesday,2,975,right,130.860774,133.336985,128.927145,139.725586,135
all,Wednesday,2,990,left,132.915479,137.176652,131.013486,141.374717,135
all,Wednesday,2,990,right,129.626721,132.342019,128.419933,136.957979,135
all,Wednesday,2,1005,left,131.693713,133.956945,128.618543,141.042247,134
all,Wednesday,2,1005,right,130.965872,133.746206,128.084224,139.827472,134
all,Wednesday,2,1020,left,130.752737,133.715815,127.654563,139.673862,135
all,Wednesday,2,1020,right,130.954897,133.536033,129.604362,138.457492,135
all,Wednesday,2,1035,left,130.953144,133.258482,127.275211,140.223362,135
all,Wednesday,2,1035,right,130.832771,133.751450,129.254040,139.544337,135
all,Wednesday,2,1050,left,130.550549,133.299721,126.059121,140.449302,135
all,Wednesday,2,1050,right,130.905894,133.790790,130.043430,140.086430,135
all,Wednesday,2,1065,left,131.064177,133.628895,128.740521,141.205348,135
all,Wednesday,2,1065,right,131.448680,133.517241,128.973559,138.853124,135
all,Wednesday,2,1080,left,130.936638,132.589138,127.492140,139.816286,134
all,Wednesday,2,1080,right,130.711660,133.286702,129.867683,137.582031,134
all,Wednesday,2,1095,left,134.507632,135.338582,130.082037,143.563978,135
all,Wednesday,2,1095,right,131.443947,134.493558,128.786103,139.442102,135
all,Wednesday,2,1110,left,133.007214,135.038204,128.331545,142.701057,135
all,Wednesday,2,1110,right,131.066367,133.567580,126.771498,142.381630,135
all,Wednesday,2,1125,left,132.377595,133.982982,127.476774,141.775917,135
all,Wednesday,2,1125,right,131.702665,135.938645,126.904344,143.027985,135
all,Wednesday,2,1140,left,133.751560,135.690976,127.325262,142.965933,135
all,Wednesday,2,1140,right,130.925495,136.188671,126.152812,141.756503,135
all,Wednesday,2,1155,left,128.213489,133.295282,127.606838,138.984956,135
all,Wednesday,2,1155,right,130.157230,132.137394,124.317617,142.325036,135
all,Wednesday,2,1170,left,130.477919,132.879554,125.346528,142.266759,135
all,Wednesday,2,1170,right,129.776298,133.984092,125.083165,145.372476,135
all,Wednesday,2,1185,left,128.522366,134.616902,121.679003,141.768759,135
all,Wednesday,2,1185,right,129.922008,134.624253,119.608360,144.527928,135
all,Wednesday,2,1200,left,132.088167,137.914973,123.799663,147.250689,135
all,Wednesday,2,1200,right,124.972649,130.100708,119.780857,141.466420,135
all,Wednesday,2,1215,left,126.782497,134.821915,118.611922,146.167117,135
all,Wednesday,2,1215,right,126.931346,132.183684,120.565393,142.078811,135
all,Wednesday,2,1230,left,129.113696,135.552029,122.679792,148.648799,134
all,Wednesday,2,1230,right,130.785933,132.218575,123.486132,145.797431,134
all,Wednesday,2,1245,left,126.940453,131.064563,119.087433,146.677231,135
all,Wednesday,2,1245,right,130.236960,129.764174,120.807970,145.684173,135
all,Wednesday,2,1260,left,125.161864,130.686665,112.676973,154.532515,135
all,Wednesday,2,1260,right,127.063081,128.655290,119.064151,144.430352,135
all,Wednesday,2,1275,left,120.208973,120.413585,110.624112,142.232140,135
all,Wednesday,2,1275,right,129.414889,130.461154,117.329509,149.145466,135
all,Wednesday,2,1290,left,124.365608,126.180939,114.639458,145.745202,135
all,Wednesday,2,1290,right,129.032952,132.224277,120.417084,147.487905,135
all,Wednesday,2,1305,left,126.881389,128.672749,116.381482,150.189130,135
all,Wednesday,2,1305,right,127.206269,128.714658,117.902370,145.214510,135
all,Wednesday,2,1320,left,122.128650,121.764185,110.296043,148.399371,135
all,Wednesday,2,1320,right,127.806040,127.937487,116.948488,141.859722,135
all,Wednesday,2,1335,left,124.656809,129.615338,111.663797,156.840118,133
all,Wednesday,2,1335,right,124.881244,127.483999,116.142258,141.405745,133
all,Wednesday,2,1350,left,117.840188,123.376976,111.327333,150.405152,134
all,Wednesday,2,1350,right,121.525281,124.226446,111.772972,135.741863,134
all,Wednesday,2,1365,left,118.779740,120.982180,108.978520,143.612716,135
all,Wednesday,2,1365,right,124.796035,126.952955,116.110204,141.182886,135
all,Wednesday,2,1380,left,119.762720,126.251993,110.334629,142.943404,137
all,Wednesday,2,1380,right,121.225514,127.749067,112.525673,140.464642,137
all,Wednesday,2,1395,left,115.420562,126.897397,110.300674,136.306625,138
all,Wednesday,2,1395,right,121.737699,126.917410,109.338397,141.515864,138
all,Wednesday,2,1410,left,121.898536,128.992174,116.926644,140.134838,138
all,Wednesday,2,1410,right,122.223735,128.264635,117.868524,139.515895,138
all,Wednesday,2,1425,left,119.757992,127.976566,115.832361,138.548711,138
all,Wednesday,2,1425,right,123.899604,128.129154,118.080538,144.898675,138
all,Thursday,3,0,left,120.299703,124.419644,114.323686,138.478653,138
all,Thursday,3,0,right,122.302398,124.521599,111.389725,142.753654,138
all,Thursday,3,15,left,118.397710,123.478984,117.302914,129.831989,138
all,Thursday,3,15,right,123.484313,126.074293,112.509498,144.204372,138
all,Thursday,3,30,left,127.692239,129.273379,120.823162,137.430649,138
all,Thursday,3,30,right,124.768154,125.675348,112.886374,142.283445,138
all,Thursday,3,45,left,124.363283,130.796736,115.090290,144.320355,138
all,Thursday,3,45,right,120.760973,125.367764,111.576375,142.783577,138
all,Thursday,3,60,left,115.567098,125.554832,114.487712,140.297741,138
all,Thursday,3,60,right,121.456402,125.181428,115.276654,139.938408,138
all,Thursday,3,75,left,109.493074,119.499959,102.973226,135.954537,138
all,Thursday,3,75,right,124.426500,126.316500,107.139007,143.192279,138
all,Thursday,3,90,left,122.194396,127.183850,110.224212,147.842440,138
all,Thursday,3,90,right,123.999962,126.540593,111.989938,147.368215,138
all,Thursday,3,105,left,113.912976,119.727150,99.964986,137.853617,138
all,Thursday,3,105,right,117.901487,121.461460,103.980353,139.103073,138
all,Thursday,3,120,left,111.549162,120.418841,98.649499,138.310438,138
all,Thursday,3,120,right,121.116782,127.503220,114.057795,142.685714,138
all,Thursday,3,135,left,118.662761,124.984052,105.077768,146.368825,138
all,Thursday,3,135,right,123.703831,128.941281,109.217724,149.774156,138
all,Thursday,3,150,left,114.256388,128.718425,97.383605,151.305533,138
all,Thursday,3,150,right,124.336922,132.445216,118.077710,154.503252,138
all,Thursday,3,165,left,110.382108,128.673444,95.528629,154.796910,138
all,Thursday,3,165,right,125.524356,132.772154,116.234858,154.506136,138
all,Thursday,3,180,left,119.485056,135.180729,115.528418,159.747044,138
all,Thursday,3,180,right,129.933760,137.829030,120.302370,155.381974,138
all,Thursday,3,195,left,117.172953,130.340187,112.327593,156.352244,138
all,Thursday,3,195,right,129.415419,138.796630,120.862301,156.400423,138
all,Thursday,3,210,left,118.515450,133.936253,113.323206,154.454356,138
all,Thursday,3,210,right,121.737966,137.230296,113.657125,153.653055,138
all,Thursday,3,225,left,112.470404,132.157648,99.323863,154.498626,138
all,Thursday,3,225,right,120.542608,136.471860,119.827069,150.798801,138
all,Thursday,3,240,left,119.630062,138.210043,115.477478,155.982415,138
all,Thursday,3,240,right,124.637493,134.123755,118.474317,148.422639,138
all,Thursday,3,255,left,116.918547,137.654434,107.256789,158.976874,138
all,Thursday,3,255,right,118.373524,132.483737,118.994136,144.680698,138
all,Thursday,3,270,left,112.462176,132.483543,97.086249,155.374170,138
all,Thursday,3,270,right,120.761809,130.862074,119.702352,144.447192,138
all,Thursday,3,285,left,119.363216,131.493727,111.696022,157.350938,138
all,Thursday,3,285,right,124.431048,135.002205,120.971697,147.017291,138
all,Thursday,3,300,left,125.272946,134.027403,116.462118,154.078304,138
all,Thursday,3,300,right,123.277574,134.465352,124.637461,142.573325,138
all,Thursday,3,315,left,115.727828,123.878103,114.026291,139.741941,138
all,Thursday,3,315,right,123.178453,134.489460,124.967923,140.479711,138
all,Thursday,3,330,left,116.436109,126.948003,116.815665,141.836185,138
all,Thursday,3,330,right,121.454528,133.355444,124.473086,143.564715,138
all,Thursday,3,345,left,121.147034,133.813289,114.688289,145.174803,138
all,Thursday,3,345,right,124.867105,135.990102,128.148499,142.767570,138
all,Thursday,3,360,left,122.918175,131.871178,118.947350,142.503715,138
all,Thursday,3,360,right,123.061481,135.502721,127.478890,142.069101,138
all,Thursday,3,375,left,123.206145,134.191154,117.977177,142.229303,138
all,Thursday,3,375,right,125.548980,135.574576,126.542274,142.423430,138
all,Thursday,3,390,left,125.029504,132.473614,120.012001,145.082566,138
all,Thursday,3,390,right,126.537176,136.486424,129.664717,142.135884,138
all,Thursday,3,405,left,119.129484,132.430935,118.525540,142.338954,138
all,Thursday,3,405,right,125.452085,136.282203,132.079943,140.997966,138
all,Thursday,3,420,left,121.275001,131.315172,120.674926,140.452915,138
all,Thursday,3,420,right,123.984174,135.406925,131.068939,139.651548,138
all,Thursday,3,435,left,127.490473,135.401870,126.024833,143.828201,138
all,Thursday,3,435,right,128.679204,136.305149,131.076104,141.082552,138
all,Thursday,3,450,left,131.011374,136.677554,126.618526,142.542828,138
all,Thursday,3,450,right,129.721231,135.287468,127.836443,140.303727,138
all,Thursday,3,465,left,131.135378,135.492087,126.082347,143.613379,138
all,Thursday,3,465,right,130.854416,134.779753,126.086342,141.887170,138
all,Thursday,3,480,left,130.751463,136.249129,127.294942,145.503641,138
all,Thursday,3,480,right,127.281863,134.615169,128.051234,139.136417,138
all,Thursday,3,495,left,129.020141,132.607001,124.930917,140.967551,138
all,Thursday,3,495,right,130.322001,135.813679,128.028288,142.774122,138
all,Thursday,3,510,left,132.076223,136.537070,129.666924,142.075535,137
all,Thursday,3,510,right,131.459167,136.282942,127.412396,140.308934,137
all,Thursday,3,525,left,128.369206,134.590377,126.509632,141.897055,138
all,Thursday,3,525,right,125.161065,133.198699,124.245713,140.744935,138
all,Thursday,3,540,left,126.865868,132.961671,125.678907,139.202258,138
all,Thursday,3,540,right,127.051033,134.145182,124.823296,141.851393,138
all,Thursday,3,555,left,125.499389,132.103848,125.073945,139.004197,138
all,Thursday,3,555,right,125.639992,133.464475,124.983749,140.477386,138
all,Thursday,3,570,left,127.532229,133.660296,126.923974,139.507622,138
all,Thursday,3,570,right,124.226496,133.918759,122.397724,141.521649,138
all,Thursday,3,585,left,127.530970,134.117878,126.710243,138.553520,138
all,Thursday,3,585,right,125.207133,133.280458,124.622890,139.605311,138
all,Thursday,3,600,left,126.091564,133.260339,123.778660,139.513731,138
all,Thursday,3,600,right,127.370964,134.146011,127.185941,140.643574,138
all,Thursday,3,615,left,126.861522,132.833135,126.972035,138.789900,138
all,Thursday,3,615,right,130.424247,134.816932,128.295971,141.108199,138
all,Thursday,3,630,left,125.626957,131.930409,124.583679,139.020383,138
all,Thursday,3,630,right,127.104078,134.228831,125.804419,138.556889,138
all,Thursday,3,645,left,126.514848,130.787841,122.235769,138.078399,138
all,Thursday,3,645,right,129.399585,133.537313,127.376607,138.517259,138
all,Thursday,3,660,left,126.610892,129.806686,120.669057,139.493857,138
all,Thursday,3,660,right,128.458327,133.287942,124.775654,139.099516,138
all,Thursday,3,675,left,127.530362,131.195946,125.623561,137.827195,138
all,Thursday,3,675,right,129.887031,133.272285,127.084376,138.798178,138
all,Thursday,3,690,left,128.244400,132.228455,124.129856,138.115475,138
all,Thursday,3,690,right,129.109615,134.158024,128.575417,138.817156,138
all,Thursday,3,705,left,128.157294,131.071945,122.903719,136.747519,138
all,Thursday,3,705,right,129.521223,132.927640,125.979947,138.222362,138
all,Thursday,3,720,left,128.465014,131.476650,126.817719,136.855952,138
all,Thursday,3,720,right,129.098656,133.329977,124.955173,139.891560,138
all,Thursday,3,735,left,131.695968,133.396979,126.857608,141.440311,138
all,Thursday,3,735,right,130.048997,134.226562,125.936834,139.113873,138
all,Thursday,3,750,left,131.836787,133.899848,129.144724,140.026366,138
all,Thursday,3,750,right,130.545801,134.750901,128.158388,139.890889,138
all,Thursday,3,765,left,133.697824,135.766100,128.985414,144.512044,138
all,Thursday,3,765,right,131.251833,133.830004,127.860210,141.994555,138
all,Thursday,3,780,left,132.489032,134.797454,128.332857,141.861424,138
all,Thursday,3,780,right,132.706814,135.166801,129.272462,142.738614,138
all,Thursday,3,795,left,131.813259,133.849621,128.015137,139.933231,138
all,Thursday,3,795,right,133.039982,136.665125,129.073740,142.356452,138
all,Thursday,3,810,left,131.430885,133.051650,127.193435,139.619157,138
all,Thursday,3,810,right,133.014453,136.483349,128.580370,142.557439,138
all,Thursday,3,825,left,132.130545,134.999457,127.772898,141.640542,138
all,Thursday,3,825,right,134.862225,136.916347,131.146490,144.402227,138
all,Thursday,3,840,left,131.896300,134.007042,129.057685,140.831614,138
all,Thursday,3,840,right,133.137988,136.814288,126.911838,143.785005,138
all,Thursday,3,855,left,132.073314,134.422147,129.578094,139.850753,138
all,Thursday,3,855,right,133.544901,136.583163,126.569741,144.784845,138
all,Thursday,3,870,left,130.311654,133.292470,127.956893,138.461967,138
all,Thursday,3,870,right,135.029874,136.867054,129.019721,146.671090,138
all,Thursday,3,885,left,131.706490,135.912131,128.721616,140.594736,138
all,Thursday,3,885,right,133.870320,136.839772,129.610919,144.766876,138
all,Thursday,3,900,left,132.594844,135.574379,130.957342,141.112394,138
all,Thursday,3,900,right,133.603022,136.207342,129.337210,143.524627,138
all,Thursday,3,915,left,131.877034,134.861241,129.691168,139.363279,138
all,Thursday,3,915,right,131.473876,133.087753,125.169903,142.851470,138
all,Thursday,3,930,left,131.109833,133.519433,128.505805,138.853587,138
all,Thursday,3,930,right,131.482469,134.513562,126.252116,141.921028,138
all,Thursday,3,945,left,130.505257,132.275402,126.722350,138.937491,138
all,Thursday,3,945,right,131.715476,135.249886,129.025732,140.363337,138
all,Thursday,3,960,left,130.304932,132.909576,126.394109,139.178964,138
all,Thursday,3,960,right,129.224875,133.008578,128.103375,137.861152,138
all,Thursday,3,975,left,130.835738,133.627407,127.305156,139.876072,138
all,Thursday,3,975,right,129.773498,133.126558,128.074531,137.431381,138
all,Thursday,3,990,left,129.911092,132.811434,124.823839,139.617178,137
all,Thursday,3,990,right,129.674435,132.975348,126.968379,137.562601,137
all,Thursday,3,1005,left,131.404089,133.461674,127.143339,141.610808,138
all,Thursday,3,1005,right,130.274872,134.038768,127.910314,137.982252,138
all,Thursday,3,1020,left,132.615087,135.445849,129.895449,140.638853,138
all,Thursday,3,1020,right,129.905917,133.490296,127.779158,138.937009,138
all,Thursday,3,1035,left,132.009874,134.315634,129.166184,139.938640,138
all,Thursday,3,1035,right,129.809130,134.077283,126.458317,137.568478,138
all,Thursday,3,1050,left,128.212850,133.691578,129.250013,138.875600,138
all,Thursday,3,1050,right,129.818919,133.286986,127.309366,138.329031,138
all,Thursday,3,1065,left,125.276374,132.133191,126.205925,139.153058,138
all,Thursday,3,1065,right,129.947419,133.457711,128.316310,138.327121,138
all,Thursday,3,1080,left,131.215481,134.400797,128.627773,140.126701,138
all,Thursday,3,1080,right,130.613903,134.509330,126.686208,140.022125,138
all,Thursday,3,1095,left,131.917039,135.363090,129.151130,143.146204,138
all,Thursday,3,1095,right,131.179600,135.166836,128.402099,140.853965,138
all,Thursday,3,1110,left,130.457822,135.155648,127.659040,143.211086,138
all,Thursday,3,1110,right,131.515254,135.691159,128.610004,140.501072,138
all,Thursday,3,1125,left,132.541560,136.484770,128.188757,142.105960,138
all,Thursday,3,1125,right,131.944210,136.081710,129.437673,141.656287,138
all,Thursday,3,1140,left,131.489486,136.166649,130.004729,142.416048,138
all,Thursday,3,1140,right,133.107741,135.974743,129.393957,142.273089,138
all,Thursday,3,1155,left,135.138189,138.026458,130.754019,146.635833,138
all,Thursday,3,1155,right,133.474242,137.286138,131.322590,142.615417,138
all,Thursday,3,1170,left,135.247154,137.267085,132.129071,146.001385,138
all,Thursday,3,1170,right,133.003918,136.070868,127.507246,146.000844,138
all,Thursday,3,1185,left,130.321868,134.800232,127.364468,143.451099,138
all,Thursday,3,1185,right,128.910475,134.410731,123.999776,146.117519,138
all,Thursday,3,1200,left,129.580112,134.463676,121.465100,144.612099,138
all,Thursday,3,1200,right,130.394497,134.907109,120.559768,147.689041,138
all,Thursday,3,1215,left,132.031709,134.313046,122.638210,147.840099,137
all,Thursday,3,1215,right,132.260399,138.881076,118.504485,149.625720,137
all,Thursday,3,1230,left,130.924237,132.878988,122.820348,146.720413,135
all,Thursday,3,1230,right,132.603189,135.334518,125.008103,146.652522,135
all,Thursday,3,1245,left,124.665203,129.629691,116.912479,146.579418,136
all,Thursday,3,1245,right,131.090329,134.551792,124.595713,144.703226,136
all,Thursday,3,1260,left,127.060752,127.929286,113.748147,150.322881,138
all,Thursday,3,1260,right,130.629004,133.692308,120.337919,147.609515,138
all,Thursday,3,1275,left,127.602857,129.803195,112.307676,152.601233,138
all,Thursday,3,1275,right,129.865783,130.065965,118.096973,144.107330,138
all,Thursday,3,1290,left,124.726231,126.983963,114.580311,142.847611,138
all,Thursday,3,1290,right,133.155375,132.267629,121.377462,146.737079,138
all,Thursday,3,1305,left,128.434005,131.094933,118.929699,149.918460,138
all,Thursday,3,1305,right,131.706545,132.077562,121.795401,143.078708,138
all,Thursday,3,1320,left,125.727931,128.506548,116.730047,148.939075,138
all,Thursday,3,1320,right,126.018181,128.901352,119.915318,138.886491,138
all,Thursday,3,1335,left,123.390530,126.800085,114.486041,141.406817,137
all,Thursday,3,1335,right,127.431254,128.063290,117.680943,141.673680,137
all,Thursday,3,1350,left,120.227804,125.109067,109.593212,141.226623,138
all,Thursday,3,1350,right,132.231898,129.062705,117.767046,146.957606,138
all,Thursday,3,1365,left,125.279676,131.117132,116.420570,150.355182,138
all,Thursday,3,1365,right,127.383227,127.716122,116.590550,145.388860,138
all,Thursday,3,1380,left,134.144496,132.508187,119.880150,150.967733,138
all,Thursday,3,1380,right,127.875487,127.595079,117.243266,143.634243,138
all,Thursday,3,1395,left,125.391702,128.035963,118.097773,136.378960,138
all,Thursday,3,1395,right,129.414028,128.803825,116.382436,141.693112,138
all,Thursday,3,1410,left,123.555686,129.922651,119.862641,137.507309,138
all,Thursday,3,1410,right,128.019892,128.158456,118.895482,139.017818,138
all,Thursday,3,1425,left,127.476426,128.347226,117.881791,139.202129,138
all,Thursday,3,1425,right,129.228454,130.024198,121.141180,145.612713,138
all,Friday,4,0,left,123.377422,128.291533,119.113609,135.960134,129
all,Friday,4,0,right,125.833600,130.263213,118.391917,140.925328,129
all,Friday,4,15,left,120.768923,123.571940,115.601088,130.398684,129
all,Friday,4,15,right,127.831795,128.816400,116.791348,144.377950,129
all,Friday,4,30,left,118.028794,121.410157,114.882572,128.997336,129
all,Friday,4,30,right,126.714203,129.817137,113.805972,142.210007,129
all,Friday,4,45,left,126.723235,123.737969,118.025709,135.089835,129
all,Friday,4,45,right,123.723682,128.899995,111.329420,145.617984,129
all,Friday,4,60,left,121.793835,125.165065,117.563498,137.670777,128
all,Friday,4,60,right,120.222030,122.817807,114.114237,140.227757,128
all,Friday,4,75,left,126.099775,132.487080,118.408333,147.339641,126
all,Friday,4,75,right,116.761587,127.053459,114.283625,141.893716,126
all,Friday,4,90,left,128.887095,132.418182,114.687890,153.364180,129
all,Friday,4,90,right,127.021874,126.594744,115.394529,146.939788,129
all,Friday,4,105,left,117.019193,122.430335,101.421952,139.341047,129
all,Friday,4,105,right,129.805676,131.696905,119.466406,157.998016,129
all,Friday,4,120,left,123.760912,128.858143,113.128093,146.988333,129
all,Friday,4,120,right,126.506313,128.552141,117.353227,141.287038,129
all,Friday,4,135,left,123.416489,130.224361,108.216312,157.845793,128
all,Friday,4,135,right,131.260431,135.572000,116.722767,161.019537,128
all,Friday,4,150,left,113.373437,121.989406,93.583188,152.333261,129
all,Friday,4,150,right,129.028036,141.025239,120.149537,156.379896,129
all,Friday,4,165,left,110.472845,122.891867,93.361632,147.498690,129
all,Friday,4,165,right,130.224840,135.234412,112.954002,151.345339,129
all,Friday,4,180,left,119.549897,129.419833,105.507647,156.038584,129
all,Friday,4,180,right,129.128511,135.697682,117.011515,153.084113,129
all,Friday,4,195,left,118.996749,130.087908,109.443466,152.954421,129
all,Friday,4,195,right,135.404462,133.375734,120.084304,154.467179,129
all,Friday,4,210,left,131.578169,138.231838,122.829370,162.183695,129
all,Friday,4,210,right,130.253951,139.006059,122.078257,149.061407,129
all,Friday,4,225,left,121.728664,137.504498,105.456120,160.775768,129
all,Friday,4,225,right,137.646497,137.643275,120.065245,156.249771,129
all,Friday,4,240,left,134.293924,141.752647,118.618096,161.629238,129
all,Friday,4,240,right,135.083376,134.683682,123.067874,150.406469,129
all,Friday,4,255,left,127.870253,136.940414,114.019186,160.916504,129
all,Friday,4,255,right,135.631487,138.087812,123.345777,153.483374,129
all,Friday,4,270,left,128.162535,138.005859,118.820663,154.950044,129
all,Friday,4,270,right,137.608504,141.622591,128.628995,150.535665,129
all,Friday,4,285,left,127.210685,131.446077,121.619910,149.720204,129
all,Friday,4,285,right,139.513455,140.919099,129.492512,149.606700,129
all,Friday,4,300,left,134.807634,135.253887,122.455458,148.376822,129
all,Friday,4,300,right,135.320833,135.034312,125.456681,146.657083,129
all,Friday,4,315,left,135.688841,134.510075,121.424783,155.716930,129
all,Friday,4,315,right,133.509277,135.537426,125.397685,143.479558,129
all,Friday,4,330,left,130.292843,131.317110,119.505597,153.862576,129
all,Friday,4,330,right,135.783340,137.512127,127.435893,143.394336,129
all,Friday,4,345,left,133.862507,132.768612,117.312708,146.198034,129
all,Friday,4,345,right,136.863013,137.883571,130.132451,144.931351,129
all,Friday,4,360,left,133.806528,132.342423,121.414713,146.647357,129
all,Friday,4,360,right,136.852559,137.752959,131.230288,144.212377,129
all,Friday,4,375,left,136.675166,137.284511,125.834240,149.726611,129
all,Friday,4,375,right,137.377782,138.047417,131.676940,143.418714,129
all,Friday,4,390,left,138.191755,139.139161,128.876933,148.325090,129
all,Friday,4,390,right,137.513667,135.594734,130.667736,143.021862,129
all,Friday,4,405,left,133.392548,134.196048,125.419729,144.001284,129
all,Friday,4,405,right,136.912535,136.835933,132.068733,142.567100,129
all,Friday,4,420,left,132.652862,133.236989,126.043124,139.585888,128
all,Friday,4,420,right,135.755893,136.210881,130.774315,141.429795,128
all,Friday,4,435,left,133.709135,133.479425,128.347571,139.796638,129
all,Friday,4,435,right,135.450727,135.178794,131.422742,141.925952,129
all,Friday,4,450,left,133.296048,134.189508,127.341176,139.585838,129
all,Friday,4,450,right,136.719953,135.290421,131.236757,142.337040,129
all,Friday,4,465,left,136.608325,136.753985,131.535174,142.289464,129
all,Friday,4,465,right,137.459681,138.063591,131.228909,143.040473,129
all,Friday,4,480,left,134.434694,135.185567,129.946889,140.125502,128
all,Friday,4,480,right,136.703456,136.909729,133.084677,142.249382,128
all,Friday,4,495,left,132.321114,133.190920,126.610926,141.157879,129
all,Friday,4,495,right,133.895210,135.758274,129.133060,141.134176,129
all,Friday,4,510,left,133.428480,133.839044,126.828362,140.584370,129
all,Friday,4,510,right,134.317228,135.962893,128.193691,141.578964,129
all,Friday,4,525,left,134.017199,133.914377,128.579722,139.738365,129
all,Friday,4,525,right,134.115152,136.948001,127.942160,142.448617,129
all,Friday,4,540,left,134.021768,134.488169,128.497836,139.821177,129
all,Friday,4,540,right,135.317246,137.359496,127.922449,143.565534,129
all,Friday,4,555,left,133.717040,134.616378,128.833604,139.077950,129
all,Friday,4,555,right,131.594922,132.947358,124.311394,139.908718,129
all,Friday,4,570,left,132.859747,135.038035,125.866234,140.044547,129
all,Friday,4,570,right,131.000356,132.508819,126.302700,137.560226,129
all,Friday,4,585,left,131.663763,131.433463,124.460642,140.286189,129
all,Friday,4,585,right,130.095052,130.631481,124.132571,137.672774,129
all,Friday,4,600,left,131.823337,132.611939,122.625029,141.501736,129
all,Friday,4,600,right,130.003552,132.030124,122.090844,137.390717,129
all,Friday,4,615,left,131.816780,132.809661,124.149488,139.019547,129
all,Friday,4,615,right,129.437215,129.721643,123.166855,137.747316,129
all,Friday,4,630,left,129.910765,130.307478,121.807102,137.706679,129
all,Friday,4,630,right,129.209227,129.515123,120.149455,137.086818,129
all,Friday,4,645,left,131.098968,130.525822,123.319050,138.526265,129
all,Friday,4,645,right,129.364024,133.035019,120.110434,138.460568,129
all,Friday,4,660,left,130.587467,131.192051,124.463920,136.556069,129
all,Friday,4,660,right,130.596004,134.013624,120.978626,139.526118,129
all,Friday,4,675,left,131.367814,132.177998,123.534525,138.075234,129
all,Friday,4,675,right,131.779896,132.585513,126.370982,138.833440,129
all,Friday,4,690,left,131.182062,133.715212,121.944614,138.985618,127
all,Friday,4,690,right,131.541896,132.698220,124.949185,140.321565,127
all,Friday,4,705,left,133.291718,134.253583,125.387549,139.384084,129
all,Friday,4,705,right,132.693275,134.185360,128.195349,140.360401,129
all,Friday,4,720,left,133.339642,134.420084,125.016790,143.308310,129
all,Friday,4,720,right,134.122659,134.919586,129.160839,139.982414,129
all,Friday,4,735,left,134.078028,135.584417,127.745293,142.203632,129
all,Friday,4,735,right,134.181024,135.144718,130.819565,140.113621,129
all,Friday,4,750,left,132.596844,132.806120,126.461231,137.559181,129
all,Friday,4,750,right,133.987576,134.291502,129.213807,140.708050,129
all,Friday,4,765,left,133.987707,135.352699,127.906069,140.777637,129
all,Friday,4,765,right,134.833141,134.364521,129.235571,140.659834,129
all,Friday,4,780,left,134.398056,135.547521,127.554711,140.636406,129
all,Friday,4,780,right,135.106219,137.286525,128.435095,142.565334,129
all,Friday,4,795,left,133.855947,134.308579,127.245652,139.981782,129
all,Friday,4,795,right,136.000218,137.262333,130.167861,144.030853,129
all,Friday,4,810,left,135.038457,136.148723,128.653080,141.814037,129
all,Friday,4,810,right,137.326394,137.969717,128.995153,144.410976,129
all,Friday,4,825,left,134.807052,134.710845,128.352283,141.811533,129
all,Friday,4,825,right,136.725165,135.961966,132.708799,142.172908,129
all,Friday,4,840,left,135.412912,136.698721,129.096678,142.333761,127
all,Friday,4,840,right,136.155409,137.442059,130.713235,142.453056,127
all,Friday,4,855,left,134.569825,135.035322,128.028702,141.475636,128
all,Friday,4,855,right,136.608326,136.438923,130.807995,143.568351,128
all,Friday,4,870,left,135.603044,135.645684,131.660693,141.075955,129
all,Friday,4,870,right,134.205861,134.865494,130.138231,139.800011,129
all,Friday,4,885,left,134.850845,133.832902,129.330762,139.982328,129
all,Friday,4,885,right,135.181023,134.844453,130.857490,139.856621,129
all,Friday,4,900,left,133.796770,134.171327,129.375455,140.310237,129
all,Friday,4,900,right,135.269907,135.459580,131.301505,139.519087,129
all,Friday,4,915,left,134.257545,133.622995,128.687550,141.164690,129
all,Friday,4,915,right,135.184599,134.275376,131.152185,140.597887,129
all,Friday,4,930,left,136.057600,135.946822,129.828356,144.102906,129
all,Friday,4,930,right,134.413748,134.361716,130.479174,139.507551,129
all,Friday,4,945,left,135.848117,136.339209,130.084628,141.919037,128
all,Friday,4,945,right,134.429513,132.849859,129.596793,140.965636,128
all,Friday,4,960,left,135.870394,136.998976,129.758493,142.662437,129
all,Friday,4,960,right,134.980751,133.830910,129.951986,140.248796,129
all,Friday,4,975,left,135.957655,135.232310,129.183948,142.076999,129
all,Friday,4,975,right,135.387904,134.783302,130.130355,141.998738,129
all,Friday,4,990,left,134.692190,133.881601,127.643703,140.890985,129
all,Friday,4,990,right,135.182007,134.639994,129.967185,140.452792,129
all,Friday,4,1005,left,135.398327,136.402780,129.169863,142.443198,128
all,Friday,4,1005,right,135.142367,134.253422,129.236962,142.622781,128
all,Friday,4,1020,left,135.164329,135.691881,129.750120,141.414151,129
all,Friday,4,1020,right,135.186610,134.350348,128.963256,143.865698,129
all,Friday,4,1035,left,135.624678,134.745580,130.692460,141.027171,129
all,Friday,4,1035,right,133.974546,132.657105,127.073943,142.970786,129
all,Friday,4,1050,left,135.240292,134.838344,130.939428,140.795983,129
all,Friday,4,1050,right,135.017567,135.773023,127.269724,142.532941,129
all,Friday,4,1065,left,134.703445,135.408815,129.845296,139.932758,129
all,Friday,4,1065,right,135.204967,134.858254,128.865912,143.130952,129
all,Friday,4,1080,left,131.450937,133.483865,127.474466,138.577177,129
all,Friday,4,1080,right,135.952015,136.681407,130.753734,143.188355,129
all,Friday,4,1095,left,133.066795,135.917290,130.943189,140.902055,129
all,Friday,4,1095,right,137.271219,138.895225,131.687969,144.967049,129
all,Friday,4,1110,left,133.528052,135.469800,131.179435,140.337160,129
all,Friday,4,1110,right,137.882881,137.434097,132.596260,144.302437,129
all,Friday,4,1125,left,133.644622,135.500608,128.500023,142.753158,129
all,Friday,4,1125,right,137.202350,137.679483,130.549549,144.746240,129
all,Friday,4,1140,left,134.745396,135.584739,127.765338,145.461514,129
all,Friday,4,1140,right,137.180452,136.655922,131.319408,143.362965,129
all,Friday,4,1155,left,139.620757,138.992656,132.166985,148.170939,128
all,Friday,4,1155,right,132.890220,134.652723,127.123138,143.440588,128
all,Friday,4,1170,left,135.280761,137.210854,128.652403,144.209467,129
all,Friday,4,1170,right,136.713170,136.880938,129.390053,145.405349,129
all,Friday,4,1185,left,135.214749,138.645473,127.374619,147.114000,129
all,Friday,4,1185,right,135.783042,135.974835,127.201352,144.507324,129
all,Friday,4,1200,left,136.003039,141.661355,129.370524,152.561275,129
all,Friday,4,1200,right,131.294449,131.898787,123.477542,142.619020,129
all,Friday,4,1215,left,134.032947,140.533595,123.943947,150.768646,129
all,Friday,4,1215,right,132.536478,132.756779,123.991836,145.107583,129
all,Friday,4,1230,left,128.009307,137.115627,118.742375,149.297447,129
all,Friday,4,1230,right,128.729100,132.526274,121.542526,142.291961,129
all,Friday,4,1245,left,135.285624,138.834518,122.804728,153.568379,129
all,Friday,4,1245,right,131.201115,132.417391,119.733380,143.076095,129
all,Friday,4,1260,left,126.883621,132.373601,116.374490,150.280297,129
all,Friday,4,1260,right,125.199841,129.926341,118.988809,140.544319,129
all,Friday,4,1275,left,122.521257,129.058069,113.841716,151.378073,129
all,Friday,4,1275,right,126.925539,128.860584,119.639614,142.659240,129
all,Friday,4,1290,left,121.428571,133.450528,113.462805,153.811103,129
all,Friday,4,1290,right,128.215247,129.786077,120.180399,145.701859,129
all,Friday,4,1305,left,121.784825,130.141088,111.045270,150.865059,129
all,Friday,4,1305,right,123.340160,126.239548,116.301856,141.431827,129
all,Friday,4,1320,left,110.340632,120.110556,99.643322,145.014074,129
all,Friday,4,1320,right,127.351489,130.130539,116.308302,146.634089,129
all,Friday,4,1335,left,118.686056,122.415468,104.693020,150.218622,128
all,Friday,4,1335,right,128.887745,133.918652,120.063820,145.770463,128
all,Friday,4,1350,left,129.005189,131.323241,116.756416,153.780583,129
all,Friday,4,1350,right,124.792793,127.680826,118.740446,139.593411,129
all,Friday,4,1365,left,125.012615,131.518388,116.080427,148.223527,129
all,Friday,4,1365,right,124.666049,126.682940,114.724212,142.607585,129
all,Friday,4,1380,left,125.147667,128.237384,116.865992,142.704252,128
all,Friday,4,1380,right,121.182802,125.491099,112.246296,142.005188,128
all,Friday,4,1395,left,137.008011,138.071219,117.859291,159.863244,127
all,Friday,4,1395,right,121.945559,127.591089,117.298802,144.195942,127
all,Friday,4,1410,left,124.405119,127.548156,114.989420,152.096686,126
all,Friday,4,1410,right,130.673387,129.265219,118.475439,146.526378,126
all,Friday,4,1425,left,122.510276,125.885776,111.448208,146.135566,126
all,Friday,4,1425,right,121.625399,124.498977,114.683308,145.495685,126
all,Saturday,5,0,left,110.849602,118.078121,102.215334,140.208375,129
all,Saturday,5,0,right,121.721186,125.517365,112.318855,141.208605,129
all,Saturday,5,15,left,118.464443,119.835240,106.079536,138.847809,129
all,Saturday,5,15,right,126.162057,128.715732,113.824439,148.287368,129
all,Saturday,5,30,left,120.959693,126.887189,112.682197,152.096488,129
all,Saturday,5,30,right,121.937998,125.202002,115.738826,144.933299,129
all,Saturday,5,45,left,116.746923,125.892035,112.345662,148.419720,129
all,Saturday,5,45,right,113.094228,122.915231,107.139981,139.646117,129
all,Saturday,5,60,left,114.728006,123.540619,109.748678,143.297440,129
all,Saturday,5,60,right,113.751660,124.051585,110.573406,133.465460,129
all,Saturday,5,75,left,105.945685,124.511303,87.048510,142.375371,129
all,Saturday,5,75,right,114.947435,125.805329,107.010727,143.274933,129
all,Saturday,5,90,left,109.168721,122.607506,95.212938,138.180737,129
all,Saturday,5,90,right,117.827289,124.273324,114.805070,138.590752,129
all,Saturday,5,105,left,102.859166,120.756076,89.530982,144.495251,129
all,Saturday,5,105,right,126.041818,128.559240,112.525971,146.878634,129
all,Saturday,5,120,left,117.716177,126.079576,103.367602,147.407192,129
all,Saturday,5,120,right,117.193728,125.471239,104.537755,145.681995,129
all,Saturday,5,135,left,118.282916,127.034463,108.078421,156.384797,129
all,Saturday,5,135,right,128.815243,136.429056,119.702112,151.244930,129
all,Saturday,5,150,left,106.756805,125.184219,91.385809,146.826126,129
all,Saturday,5,150,right,126.008922,139.225351,118.961064,154.966311,129
all,Saturday,5,165,left,103.440969,122.131019,54.519242,145.954553,129
all,Saturday,5,165,right,123.401564,129.449600,108.723928,153.718604,129
all,Saturday,5,180,left,104.303649,121.406225,51.703744,152.118865,129
all,Saturday,5,180,right,122.428873,131.596750,114.252448,156.710719,129
all,Saturday,5,195,left,110.845841,127.779639,95.163687,148.581960,128
all,Saturday,5,195,right,126.410664,135.810435,118.338802,151.869454,128
all,Saturday,5,210,left,114.826537,129.322289,101.875044,155.088983,129
all,Saturday,5,210,right,120.342367,130.937672,112.552479,159.024376,129
all,Saturday,5,225,left,127.407982,144.575880,112.136471,165.304380,129
all,Saturday,5,225,right,127.354127,136.833011,120.128274,151.469039,129
all,Saturday,5,240,left,119.599047,130.649689,107.097955,163.905307,129
all,Saturday,5,240,right,130.865125,134.578314,115.523744,157.455800,129
all,Saturday,5,255,left,101.862409,119.873040,49.930088,151.285353,129
all,Saturday,5,255,right,132.906279,135.988755,119.047820,152.016084,129
all,Saturday,5,270,left,102.966494,124.293617,0.000000,155.082020,128
all,Saturday,5,270,right,130.039280,133.665768,117.503740,149.824968,128
all,Saturday,5,285,left,112.274843,131.314411,102.155048,155.541356,129
all,Saturday,5,285,right,131.011299,138.350878,119.187077,145.583000,129
all,Saturday,5,300,left,115.138699,128.971381,100.233109,151.797170,129
all,Saturday,5,300,right,126.824587,128.612667,117.982025,145.797093,129
all,Saturday,5,315,left,110.483554,121.368059,91.203445,147.079383,129
all,Saturday,5,315,right,127.323313,129.559607,117.662450,144.125223,129
all,Saturday,5,330,left,120.052200,128.703825,114.994493,151.441921,129
all,Saturday,5,330,right,132.233957,131.988008,121.482914,144.443482,129
all,Saturday,5,345,left,128.141751,130.696032,115.645211,160.609001,129
all,Saturday,5,345,right,132.957750,130.875412,121.028114,143.745098,129
all,Saturday,5,360,left,125.361226,129.970031,116.849912,147.482578,129
all,Saturday,5,360,right,133.145204,135.896595,121.475786,146.464176,129
all,Saturday,5,375,left,124.539172,130.872012,116.246931,151.621845,129
all,Saturday,5,375,right,128.109206,133.061855,119.461826,148.397464,129
all,Saturday,5,390,left,125.760816,131.184506,121.554766,143.960974,129
all,Saturday,5,390,right,127.995307,134.412490,119.592239,146.602321,129
all,Saturday,5,405,left,122.431976,130.002055,117.189980,139.920617,129
all,Saturday,5,405,right,129.305059,133.062212,123.290665,142.848071,129
all,Saturday,5,420,left,129.927918,137.464966,125.174599,146.936811,129
all,Saturday,5,420,right,129.499327,134.803033,122.746330,148.793920,129
all,Saturday,5,435,left,127.913205,134.049345,124.600665,143.205333,129
all,Saturday,5,435,right,127.553496,134.474483,121.151174,146.237491,129
all,Saturday,5,450,left,129.191635,133.094583,123.813279,144.011738,129
all,Saturday,5,450,right,130.259744,131.887372,120.968584,146.858987,129
all,Saturday,5,465,left,129.656604,132.888595,125.619134,141.153804,129
all,Saturday,5,465,right,135.775778,135.520946,126.687072,146.457009,129
all,Saturday,5,480,left,128.940045,134.150650,123.115289,139.238509,129
all,Saturday,5,480,right,133.873449,135.179564,128.259132,145.419341,129
all,Saturday,5,495,left,131.208779,136.901055,125.881983,143.169728,129
all,Saturday,5,495,right,133.542630,134.043263,128.645323,143.723134,129
all,Saturday,5,510,left,132.643419,137.380896,128.672477,143.253206,128
all,Saturday,5,510,right,130.131680,134.192783,121.273986,141.211786,128
all,Saturday,5,525,left,131.381336,133.925650,126.444768,144.401947,129
all,Saturday,5,525,right,130.520831,131.646859,123.970209,143.060146,129
all,Saturday,5,540,left,130.994305,134.302668,126.765146,141.862915,128
all,Saturday,5,540,right,128.417546,129.779344,120.083047,144.708684,128
all,Saturday,5,555,left,133.014571,136.839485,127.428819,142.521820,129
all,Saturday,5,555,right,135.836666,135.903250,124.797275,145.591091,129
all,Saturday,5,570,left,132.696426,136.757437,127.036293,143.603256,129
all,Saturday,5,570,right,130.346958,132.704179,123.262436,142.364532,129
all,Saturday,5,585,left,130.972145,134.518085,126.316342,141.622286,129
all,Saturday,5,585,right,127.622121,131.045886,122.475701,138.366345,129
all,Saturday,5,600,left,131.643081,135.972013,128.911490,141.303005,126
all,Saturday,5,600,right,131.289040,135.226628,129.260487,140.237661,126
all,Saturday,5,615,left,131.893883,135.930947,128.050723,142.154596,129
all,Saturday,5,615,right,132.609844,135.767530,128.189668,142.770328,129
all,Saturday,5,630,left,132.691632,135.299170,127.468915,144.683445,129
all,Saturday,5,630,right,131.211044,135.047330,127.599923,140.579885,129
all,Saturday,5,645,left,131.818405,133.703485,128.330444,140.146345,129
all,Saturday,5,645,right,135.386152,135.293655,128.547555,140.580662,129
all,Saturday,5,660,left,131.707550,134.328537,126.958103,141.518952,129
all,Saturday,5,660,right,135.336292,136.234648,132.610758,140.898153,129
all,Saturday,5,675,left,136.855698,136.027605,131.051274,142.215160,129
all,Saturday,5,675,right,137.061378,137.317262,132.740439,140.664773,129
all,Saturday,5,690,left,135.077247,135.484170,128.103822,143.018219,129
all,Saturday,5,690,right,136.964393,137.887308,133.461355,141.087001,129
all,Saturday,5,705,left,134.024642,134.558252,128.571992,140.168610,129
all,Saturday,5,705,right,136.738630,136.473098,132.486430,142.020116,129
all,Saturday,5,720,left,134.288532,133.984557,128.628638,141.243852,129
all,Saturday,5,720,right,137.380245,137.243170,132.108654,142.760980,129
all,Saturday,5,735,left,134.925534,134.500664,129.231680,140.759969,129
all,Saturday,5,735,right,135.784892,135.855273,130.383839,140.879268,129
all,Saturday,5,750,left,134.085776,134.277865,128.981784,139.518329,129
all,Saturday,5,750,right,135.947438,134.412030,131.768417,140.620679,129
all,Saturday,5,765,left,133.099510,133.232652,128.769451,139.243358,129
all,Saturday,5,765,right,136.777794,136.069708,132.535070,142.100978,129
all,Saturday,5,780,left,133.535438,134.092209,127.948732,139.851200,129
all,Saturday,5,780,right,136.841683,137.724441,131.181292,143.407491,129
all,Saturday,5,795,left,134.059880,134.531266,129.487633,139.630487,129
all,Saturday,5,795,right,137.366131,136.205604,131.926900,143.870123,129
all,Saturday,5,810,left,135.077384,135.311042,128.926605,140.324607,129
all,Saturday,5,810,right,136.881687,137.638266,131.986774,143.474539,129
all,Saturday,5,825,left,134.302181,133.992072,128.358663,140.760559,128
all,Saturday,5,825,right,135.648882,136.033210,130.835350,142.547320,128
all,Saturday,5,840,left,134.611610,135.310042,128.898118,141.475174,128
all,Saturday,5,840,right,136.251014,137.725294,130.793163,142.530876,128
all,Saturday,5,855,left,133.640435,133.165872,127.605984,139.777016,129
all,Saturday,5,855,right,137.324689,135.810150,132.816450,142.528497,129
all,Saturday,5,870,left,134.163893,133.185867,127.800942,139.874220,129
all,Saturday,5,870,right,137.094427,135.692546,132.550452,142.341096,129
all,Saturday,5,885,left,133.197744,135.286173,126.989440,141.730536,129
all,Saturday,5,885,right,135.693875,137.376086,131.183811,141.775235,129
all,Saturday,5,900,left,130.909252,131.919620,124.785327,138.513064,129
all,Saturday,5,900,right,136.478768,136.624119,130.088886,143.510804,129
all,Saturday,5,915,left,133.621120,133.635396,129.091762,140.123634,129
all,Saturday,5,915,right,136.934469,136.190130,131.000263,142.546683,129
all,Saturday,5,930,left,133.603639,135.257577,128.278077,141.226455,129
all,Saturday,5,930,right,136.331325,136.145973,130.478542,142.325721,129
all,Saturday,5,945,left,134.605505,135.674946,129.904485,141.735310,129
all,Saturday,5,945,right,136.174713,135.067750,131.103779,144.223996,129
all,Saturday,5,960,left,134.413778,135.024243,129.982608,139.790997,129
all,Saturday,5,960,right,134.376348,132.897326,128.993490,139.246457,129
all,Saturday,5,975,left,134.120267,135.080220,128.351356,140.763019,129
all,Saturday,5,975,right,134.614522,133.641835,130.024543,140.899239,129
all,Saturday,5,990,left,134.117984,133.877137,128.727754,140.302072,129
all,Saturday,5,990,right,134.510230,134.174311,129.083540,141.595730,129
all,Saturday,5,1005,left,134.295857,134.873646,128.692704,141.357527,129
all,Saturday,5,1005,right,133.251187,134.316410,128.260599,141.177500,129
all,Saturday,5,1020,left,132.184494,135.314556,128.619004,141.849937,129
all,Saturday,5,1020,right,131.308190,133.470868,128.277017,140.638215,129
all,Saturday,5,1035,left,132.474169,135.929333,128.996803,141.992554,129
all,Saturday,5,1035,right,131.191329,133.666962,127.160881,141.138370,129
all,Saturday,5,1050,left,130.941349,134.495496,128.109155,141.725269,129
all,Saturday,5,1050,right,131.565718,133.566931,127.112226,142.275884,129
all,Saturday,5,1065,left,129.046202,133.712458,125.738639,141.999454,129
all,Saturday,5,1065,right,134.006114,137.419839,130.259752,143.959405,129
all,Saturday,5,1080,left,132.439664,135.340315,129.100249,142.865640,129
all,Saturday,5,1080,right,134.068580,137.064412,130.315167,144.332222,129
all,Saturday,5,1095,left,131.344254,137.233895,130.294550,142.640725,129
all,Saturday,5,1095,right,134.711049,137.430906,129.643697,145.979187,129
all,Saturday,5,1110,left,131.216045,136.820145,127.630797,143.296110,129
all,Saturday,5,1110,right,132.666462,135.261113,130.647132,142.841736,129
all,Saturday,5,1125,left,133.566574,136.665193,129.650690,145.182795,129
all,Saturday,5,1125,right,133.594037,136.037023,130.928739,142.884507,129
all,Saturday,5,1140,left,130.663783,134.737395,126.367549,141.671878,129
all,Saturday,5,1140,right,133.880529,136.966493,131.339723,142.621470,129
all,Saturday,5,1155,left,130.543400,137.319353,123.755092,146.110860,129
all,Saturday,5,1155,right,134.712933,136.710133,131.954621,143.718200,129
all,Saturday,5,1170,left,134.490737,138.169344,130.283078,146.498069,129
all,Saturday,5,1170,right,133.026908,135.960394,129.586571,144.431775,129
all,Saturday,5,1185,left,134.120670,137.323134,125.941252,148.723176,129
all,Saturday,5,1185,right,130.687284,134.073035,127.846242,142.294414,129
all,Saturday,5,1200,left,131.391427,139.769087,124.853228,152.578721,129
all,Saturday,5,1200,right,133.054111,136.138934,129.621432,144.773554,129
all,Saturday,5,1215,left,133.614282,136.775948,124.053097,150.918410,128
all,Saturday,5,1215,right,131.341408,136.061784,124.994979,143.224923,128
all,Saturday,5,1230,left,129.523748,138.096261,120.153667,150.398666,129
all,Saturday,5,1230,right,133.501385,135.771303,129.568144,144.364141,129
all,Saturday,5,1245,left,127.408701,134.208908,123.123003,145.221926,129
all,Saturday,5,1245,right,128.729154,132.890877,127.516137,140.604689,129
all,Saturday,5,1260,left,129.079501,133.593694,116.460539,150.305640,129
all,Saturday,5,1260,right,127.316288,133.192826,123.240227,141.734468,129
all,Saturday,5,1275,left,127.689700,134.449562,115.953805,153.330133,129
all,Saturday,5,1275,right,124.260322,128.295867,117.580040,137.615917,129
all,Saturday,5,1290,left,129.855800,130.740765,119.383790,148.255658,129
all,Saturday,5,1290,right,123.084063,128.635118,117.997188,137.553347,129
all,Saturday,5,1305,left,124.772319,128.720685,112.447309,150.661930,129
all,Saturday,5,1305,right,129.365397,131.045965,119.728103,142.632862,129
all,Saturday,5,1320,left,129.164184,127.864750,116.232502,151.702079,129
all,Saturday,5,1320,right,125.808450,128.142746,117.139193,141.687010,129
all,Saturday,5,1335,left,124.646247,127.826316,114.154670,149.751565,129
all,Saturday,5,1335,right,134.222906,132.957650,123.898815,151.145848,129
all,Saturday,5,1350,left,124.468519,125.271073,113.339485,147.562940,128
all,Saturday,5,1350,right,126.234742,127.379092,118.753330,140.591041,128
all,Saturday,5,1365,left,125.127638,123.629571,113.453494,151.550224,129
all,Saturday,5,1365,right,128.509652,133.182352,119.661667,144.702453,129
all,Saturday,5,1380,left,121.593422,124.844493,111.620388,148.902259,129
all,Saturday,5,1380,right,130.783247,133.644387,117.939914,147.644517,129
all,Saturday,5,1395,left,122.618440,131.268046,114.561629,148.224643,129
all,Saturday,5,1395,right,129.713574,131.460379,120.739083,143.777475,129
all,Saturday,5,1410,left,122.412645,128.059048,115.619643,146.750630,129
all,Saturday,5,1410,right,126.976514,130.419098,121.487728,143.866172,129
all,Saturday,5,1425,left,119.160571,128.979336,114.935650,149.352037,129
all,Saturday,5,1425,right,124.060634,127.342814,118.599315,141.633771,129
all,Sunday,6,0,left,122.676479,128.143826,115.995745,152.475589,132
all,Sunday,6,0,right,123.223578,126.854399,116.365655,142.317703,132
all,Sunday,6,15,left,121.199793,123.841674,106.183563,157.595850,131
all,Sunday,6,15,right,123.236191,128.880837,113.214763,149.004608,131
all,Sunday,6,30,left,117.942584,126.094131,111.979517,151.610156,132
all,Sunday,6,30,right,117.354083,126.173363,116.250494,142.810146,132
all,Sunday,6,45,left,103.235916,121.080422,101.449569,133.634013,132
all,Sunday,6,45,right,123.875920,128.682159,118.402638,144.374427,132
all,Sunday,6,60,left,108.496198,123.227196,98.941925,136.319005,135
all,Sunday,6,60,right,116.530755,128.283865,96.670207,148.344509,135
all,Sunday,6,75,left,98.100936,119.671612,49.302080,134.775699,135
all,Sunday,6,75,right,117.888234,125.552113,106.965584,155.698714,135
all,Sunday,6,90,left,112.109709,121.898923,102.278230,141.798265,135
all,Sunday,6,90,right,113.927035,124.397133,108.012778,141.681890,135
all,Sunday,6,105,left,113.142124,124.480516,94.861765,149.985303,135
all,Sunday,6,105,right,119.847967,127.456029,112.256020,150.515618,135
all,Sunday,6,120,left,115.483832,124.526914,102.596713,147.676494,127
all,Sunday,6,120,right,125.998779,131.414411,115.630174,160.405507,127
all,Sunday,6,135,left,101.856648,123.846073,60.569799,151.211033,129
all,Sunday,6,135,right,123.015869,137.409707,114.940112,156.316221,129
all,Sunday,6,150,left,95.153666,119.875181,0.000000,147.687391,129
all,Sunday,6,150,right,120.553367,131.859306,114.163363,155.505211,129
all,Sunday,6,165,left,107.886677,124.978651,75.656845,151.270986,129
all,Sunday,6,165,right,107.563086,121.115590,97.048146,140.780260,129
all,Sunday,6,180,left,101.321809,126.940620,0.000000,155.661267,132
all,Sunday,6,180,right,113.622242,130.910005,107.260183,151.542073,132
all,Sunday,6,195,left,94.897699,123.203285,0.000000,151.648648,132
all,Sunday,6,195,right,122.677091,135.790219,113.746581,156.437677,132
all,Sunday,6,210,left,82.529218,116.058482,0.000000,140.996076,132
all,Sunday,6,210,right,118.283040,127.074135,111.667949,147.384278,132
all,Sunday,6,225,left,86.083476,107.068898,0.000000,155.642099,132
all,Sunday,6,225,right,113.476566,129.791801,85.117705,156.927583,132
all,Sunday,6,240,left,88.739681,117.066887,0.000000,143.462878,132
all,Sunday,6,240,right,121.803174,134.678255,108.857281,155.920139,132
all,Sunday,6,255,left,93.720463,119.288791,0.000000,154.715845,132
all,Sunday,6,255,right,113.994918,128.385597,97.684090,154.051744,132
all,Sunday,6,270,left,94.154097,121.459116,0.000000,148.531270,132
all,Sunday,6,270,right,121.800622,137.251346,111.770652,159.841837,132
all,Sunday,6,285,left,93.359621,116.423368,0.000000,148.340341,132
all,Sunday,6,285,right,120.513273,131.768963,111.573062,151.060467,132
all,Sunday,6,300,left,109.119626,125.711262,86.089185,154.800127,131
all,Sunday,6,300,right,127.411966,129.191076,112.869749,148.571401,131
all,Sunday,6,315,left,91.730158,119.032502,0.000000,137.338641,132
all,Sunday,6,315,right,116.298665,132.552682,113.335927,149.802839,132
all,Sunday,6,330,left,95.351021,119.198217,0.000000,139.650218,132
all,Sunday,6,330,right,129.550722,133.680245,118.562880,149.765335,132
all,Sunday,6,345,left,112.299004,127.634546,95.283764,149.453918,132
all,Sunday,6,345,right,131.663424,135.325304,119.109325,156.937421,132
all,Sunday,6,360,left,119.034601,128.456613,110.833553,153.909220,132
all,Sunday,6,360,right,125.196688,132.642741,121.249948,151.857532,132
all,Sunday,6,375,left,117.577730,128.955280,108.386254,158.317652,132
all,Sunday,6,375,right,124.871046,128.407127,117.927979,152.436808,132
all,Sunday,6,390,left,115.540154,128.041029,111.131700,146.513466,132
all,Sunday,6,390,right,124.722947,130.682410,118.364007,143.040671,132
all,Sunday,6,405,left,126.624296,133.553517,120.816899,153.390641,132
all,Sunday,6,405,right,134.591419,135.258139,126.626073,147.567493,132
all,Sunday,6,420,left,126.856891,136.506472,125.691072,148.457878,132
all,Sunday,6,420,right,127.470692,136.443790,119.866434,151.686707,132
all,Sunday,6,435,left,125.496390,134.207185,124.341562,143.520024,132
all,Sunday,6,435,right,129.671322,139.571469,121.952152,151.973344,132
all,Sunday,6,450,left,126.166721,131.864470,121.180587,142.791454,132
all,Sunday,6,450,right,126.884048,134.620828,122.190385,146.393576,132
all,Sunday,6,465,left,125.943760,133.117852,120.577284,142.796568,132
all,Sunday,6,465,right,134.239492,137.277155,127.806295,152.871279,132
all,Sunday,6,480,left,126.028516,130.834231,120.933585,141.998847,132
all,Sunday,6,480,right,132.621308,140.050892,123.565638,152.709714,132
all,Sunday,6,495,left,130.755592,134.865733,126.049946,142.797657,132
all,Sunday,6,495,right,135.473377,138.892611,127.252671,148.358211,132
all,Sunday,6,510,left,131.112707,135.354318,123.280876,144.285225,132
all,Sunday,6,510,right,131.504968,137.015336,125.094436,145.958291,132
all,Sunday,6,525,left,131.378304,135.798826,127.231609,144.899745,131
all,Sunday,6,525,right,129.279410,132.062765,120.276950,143.708878,131
all,Sunday,6,540,left,131.598633,136.116140,127.458348,144.248490,132
all,Sunday,6,540,right,131.890646,136.164660,124.506313,144.807084,132
all,Sunday,6,555,left,133.439013,137.518563,130.473756,145.757113,132
all,Sunday,6,555,right,135.987846,137.688679,126.585360,150.052144,132
all,Sunday,6,570,left,131.629592,135.207787,128.370476,141.217417,132
all,Sunday,6,570,right,133.342955,137.288742,122.216411,146.169720,132
all,Sunday,6,585,left,132.572906,135.534859,129.504278,141.056654,132
all,Sunday,6,585,right,133.328933,137.963236,125.410143,146.317923,132
all,Sunday,6,600,left,133.865460,137.023825,131.682945,143.943282,132
all,Sunday,6,600,right,129.847120,135.946431,123.176504,143.467048,132
all,Sunday,6,615,left,131.341779,134.877445,128.231893,140.750300,132
all,Sunday,6,615,right,129.464460,131.524002,122.069600,142.590464,132
all,Sunday,6,630,left,132.437332,135.271868,127.811021,142.587258,132
all,Sunday,6,630,right,129.865314,134.673149,124.373114,141.060552,132
all,Sunday,6,645,left,133.132805,137.311609,130.318592,142.352297,132
all,Sunday,6,645,right,132.254157,136.386676,125.954848,144.022872,132
all,Sunday,6,660,left,131.353872,135.634472,127.194078,141.033783,131
all,Sunday,6,660,right,132.710881,135.160843,129.851717,143.640625,131
all,Sunday,6,675,left,131.330969,134.229614,127.354990,140.135575,132
all,Sunday,6,675,right,132.772394,135.890274,130.153173,142.287295,132
all,Sunday,6,690,left,130.978157,135.072531,128.927167,140.483640,132
all,Sunday,6,690,right,131.372420,135.156551,129.103975,140.473316,132
all,Sunday,6,705,left,133.013092,136.565519,129.558536,140.495777,132
all,Sunday,6,705,right,132.379970,135.521877,130.421709,141.041472,132
all,Sunday,6,720,left,131.915924,134.429468,127.152201,139.625410,132
all,Sunday,6,720,right,131.417476,133.752346,129.547956,140.626435,132
all,Sunday,6,735,left,132.157905,134.675678,127.728523,140.259190,132
all,Sunday,6,735,right,132.397420,135.044355,131.695192,140.385976,132
all,Sunday,6,750,left,130.625641,134.409328,128.022073,139.167127,132
all,Sunday,6,750,right,132.505003,136.280875,130.263964,141.848095,132
all,Sunday,6,765,left,128.966585,132.798479,125.677590,138.713520,131
all,Sunday,6,765,right,131.679007,134.808499,129.469676,140.483543,131
all,Sunday,6,780,left,127.724767,131.943164,125.539442,135.892911,132
all,Sunday,6,780,right,132.603833,136.607285,131.024218,141.540932,132
all,Sunday,6,795,left,130.668399,134.765922,129.095695,139.677903,131
all,Sunday,6,795,right,131.700767,136.093325,128.525538,140.622140,131
all,Sunday,6,810,left,130.300140,133.736806,126.347966,140.660116,132
all,Sunday,6,810,right,131.419662,135.987189,130.142935,141.509190,132
all,Sunday,6,825,left,131.561858,134.379167,129.126559,139.598099,132
all,Sunday,6,825,right,130.708161,135.196914,129.768309,140.804157,132
all,Sunday,6,840,left,130.572586,135.138318,127.603924,139.550229,132
all,Sunday,6,840,right,130.513535,134.683297,126.407129,139.470812,132
all,Sunday,6,855,left,131.594891,135.604858,130.264928,140.822386,132
all,Sunday,6,855,right,130.672796,133.994916,128.664539,139.124782,132
all,Sunday,6,870,left,129.032412,134.746620,126.676639,138.978494,132
all,Sunday,6,870,right,130.083200,133.164931,128.423978,140.405866,132
all,Sunday,6,885,left,127.982737,133.571223,126.489435,139.079582,132
all,Sunday,6,885,right,126.956637,131.849578,128.027936,138.092273,132
all,Sunday,6,900,left,127.825567,132.799695,127.196114,139.017684,132
all,Sunday,6,900,right,127.156379,133.003080,129.513676,138.163309,132
all,Sunday,6,915,left,127.886340,134.286219,127.712462,139.923243,132
all,Sunday,6,915,right,127.879314,133.856812,129.275012,139.588760,132
all,Sunday,6,930,left,127.053523,132.809708,126.903902,138.799135,132
all,Sunday,6,930,right,127.702641,133.634671,128.239257,138.703252,132
all,Sunday,6,945,left,126.657712,133.398519,125.671346,137.891616,131
all,Sunday,6,945,right,127.462606,134.007142,127.789736,138.722284,131
all,Sunday,6,960,left,126.893154,132.431141,125.081547,139.122669,131
all,Sunday,6,960,right,127.203003,132.569573,126.235750,139.296668,131
all,Sunday,6,975,left,128.165055,134.283362,128.250427,139.975514,132
all,Sunday,6,975,right,127.286979,132.113074,127.575778,138.729437,132
all,Sunday,6,990,left,127.636014,133.761052,127.152365,140.439081,132
all,Sunday,6,990,right,125.830665,131.585758,127.409811,137.615914,132
all,Sunday,6,1005,left,127.797610,133.364045,126.189402,141.254689,132
all,Sunday,6,1005,right,126.270235,132.545017,125.783801,139.173502,132
all,Sunday,6,1020,left,128.573777,133.703837,129.247407,139.844064,132
all,Sunday,6,1020,right,128.042968,132.447099,127.830904,140.727835,132
all,Sunday,6,1035,left,129.436568,134.327159,129.697528,141.486589,132
all,Sunday,6,1035,right,127.967966,132.946113,128.142444,139.381900,132
all,Sunday,6,1050,left,129.529915,135.434093,128.461024,142.369413,132
all,Sunday,6,1050,right,127.080577,132.320435,127.141453,139.517863,132
all,Sunday,6,1065,left,130.022185,135.133443,128.497304,142.915301,132
all,Sunday,6,1065,right,128.332120,133.186960,129.535070,139.121467,132
all,Sunday,6,1080,left,132.203375,134.865809,129.996715,143.279823,132
all,Sunday,6,1080,right,128.407382,133.229716,128.975914,140.566391,132
all,Sunday,6,1095,left,131.516217,135.793099,129.718786,143.055321,132
all,Sunday,6,1095,right,128.791067,132.804333,127.941762,141.599329,132
all,Sunday,6,1110,left,126.336734,135.634841,128.318702,141.466266,132
all,Sunday,6,1110,right,130.099580,134.266395,129.138803,142.250148,132
all,Sunday,6,1125,left,130.875110,136.335438,129.061614,144.068321,132
all,Sunday,6,1125,right,129.630811,134.217548,128.585022,141.835922,132
all,Sunday,6,1140,left,128.122750,135.943297,126.628050,143.187835,132
all,Sunday,6,1140,right,129.987059,134.396838,129.106677,141.470200,132
all,Sunday,6,1155,left,127.334117,134.300652,126.768036,148.159652,132
all,Sunday,6,1155,right,129.247281,133.412880,128.683515,141.161987,132
all,Sunday,6,1170,left,130.133803,138.165386,127.791289,149.069046,132
all,Sunday,6,1170,right,129.243937,133.940437,129.217759,140.663191,132
all,Sunday,6,1185,left,132.222032,137.104899,127.215637,148.024812,132
all,Sunday,6,1185,right,130.859850,134.796008,127.939512,145.566850,132
all,Sunday,6,1200,left,133.662012,138.394207,128.065459,151.012380,132
all,Sunday,6,1200,right,129.391004,134.835800,126.097840,141.153640,132
all,Sunday,6,1215,left,127.778379,136.241721,122.579759,149.077758,132
all,Sunday,6,1215,right,130.319313,133.465877,126.623571,143.333042,132
all,Sunday,6,1230,left,124.538921,131.794462,118.685684,146.891904,132
all,Sunday,6,1230,right,130.816885,134.387332,127.457972,144.274352,132
all,Sunday,6,1245,left,126.382835,133.486510,118.561466,152.058321,132
all,Sunday,6,1245,right,127.736957,132.550807,124.007069,141.403745,132
all,Sunday,6,1260,left,122.602700,131.296719,117.738192,147.030026,132
all,Sunday,6,1260,right,126.687008,131.267969,120.937657,139.143706,132
all,Sunday,6,1275,left,119.221564,125.034164,107.794355,144.740232,132
all,Sunday,6,1275,right,124.093951,130.790098,124.068873,138.438350,132
all,Sunday,6,1290,left,115.799529,124.192550,110.172616,141.183142,132
all,Sunday,6,1290,right,122.854228,130.217269,119.863011,137.654039,132
all,Sunday,6,1305,left,116.157693,123.292824,112.636651,138.324661,132
all,Sunday,6,1305,right,123.953447,129.788434,120.817882,138.510786,132
all,Sunday,6,1320,left,112.704940,122.852990,111.619915,139.711574,132
all,Sunday,6,1320,right,128.778827,133.446143,123.942836,146.829062,132
all,Sunday,6,1335,left,118.292920,120.753789,109.601022,141.379052,132
all,Sunday,6,1335,right,127.929709,128.764301,121.904099,138.387618,132
all,Sunday,6,1350,left,123.719531,124.845164,112.560941,153.818418,132
all,Sunday,6,1350,right,130.520364,131.881832,123.315677,144.090526,132
all,Sunday,6,1365,left,123.945489,124.727161,115.961135,143.959316,132
all,Sunday,6,1365,right,127.697021,129.777283,121.796996,143.975892,132
all,Sunday,6,1380,left,119.682382,124.182577,116.059671,139.515718,132
all,Sunday,6,1380,right,127.929186,129.799331,119.675400,141.786017,132
all,Sunday,6,1395,left,121.476171,126.011543,115.295856,139.388424,132
all,Sunday,6,1395,right,123.650418,128.397565,117.496077,143.947517,132
all,Sunday,6,1410,left,119.115224,127.462810,116.116016,139.323410,132
all,Sunday,6,1410,right,125.763918,130.290867,118.000178,147.031697,132
all,Sunday,6,1425,left,116.926182,127.237603,117.053033,136.208223,132
all,Sunday,6,1425,right,120.767589,125.629999,116.216568,140.808731,132
commissioning,Monday,0,0,left,70.827777,113.470221,0.000000,123.453968,12
commissioning,Monday,0,0,right,81.927958,111.956013,0.000000,126.107430,12
commissioning,Monday,0,15,left,133.064836,131.289626,122.226179,144.630122,12
commissioning,Monday,0,15,right,110.813054,124.336617,112.865506,127.342305,12
commissioning,Monday,0,30,left,147.938971,149.289698,130.689288,161.178538,12
commissioning,Monday,0,30,right,71.607933,105.538427,0.000000,125.068535,12
commissioning,Monday,0,45,left,138.289340,148.992624,124.431655,168.594433,12
commissioning,Monday,0,45,right,58.475724,52.477164,0.000000,115.479122,12
commissioning,Monday,0,60,left,93.603467,126.823827,60.058986,130.223099,11
commissioning,Monday,0,60,right,73.743615,108.545875,0.000000,139.703950,11
commissioning,Monday,0,75,left,108.925829,117.022968,104.285425,120.617756,12
commissioning,Monday,0,75,right,88.273295,122.104385,0.000000,136.168596,12
commissioning,Monday,0,90,left,100.794241,116.001699,99.701024,121.555396,12
commissioning,Monday,0,90,right,90.599434,126.163704,0.000000,132.471965,12
commissioning,Monday,0,105,left,105.398117,116.300650,104.189674,129.999581,12
commissioning,Monday,0,105,right,118.021100,121.644402,92.603463,137.298843,12
commissioning,Monday,0,120,left,133.024702,148.525349,106.916414,159.295973,12
commissioning,Monday,0,120,right,91.241993,115.314231,74.662508,120.717673,12
commissioning,Monday,0,135,left,80.311799,116.301364,0.000000,123.688083,12
commissioning,Monday,0,135,right,135.367237,144.951696,122.898151,170.272188,12
commissioning,Monday,0,150,left,47.696864,0.000000,0.000000,115.828446,12
commissioning,Monday,0,150,right,148.351711,137.749334,128.219911,173.533676,12
commissioning,Monday,0,165,left,90.800711,116.138721,81.014517,120.681816,12
commissioning,Monday,0,165,right,91.080986,118.496007,80.650084,126.386118,12
commissioning,Monday,0,180,left,70.499578,83.805027,0.000000,114.536353,12
commissioning,Monday,0,180,right,113.453805,120.050107,107.533446,129.995013,12
commissioning,Monday,0,195,left,89.263801,131.546829,0.000000,142.263676,12
commissioning,Monday,0,195,right,113.171341,140.994758,98.227849,155.993142,12
commissioning,Monday,0,210,left,82.864694,115.370234,0.000000,137.525717,12
commissioning,Monday,0,210,right,123.118981,127.926584,116.581694,172.225293,12
commissioning,Monday,0,225,left,108.166021,117.463973,84.030149,169.939088,12
commissioning,Monday,0,225,right,128.740145,122.096046,121.132791,136.081636,12
commissioning,Monday,0,240,left,104.149359,128.990431,84.123005,146.684603,12
commissioning,Monday,0,240,right,99.819283,110.123930,98.161196,118.282052,12
commissioning,Monday,0,255,left,109.112843,128.490643,83.146006,150.662399,12
commissioning,Monday,0,255,right,133.284289,133.568970,122.665197,145.460593,12
commissioning,Monday,0,270,left,108.426541,136.557630,90.305492,155.463121,12
commissioning,Monday,0,270,right,116.720327,127.207797,114.454175,164.262014,12
commissioning,Monday,0,285,left,98.646876,143.550639,0.000000,148.624485,12
commissioning,Monday,0,285,right,117.856113,136.507512,117.256482,154.762677,12
commissioning,Monday,0,300,left,116.698944,124.363689,117.000734,135.518407,12
commissioning,Monday,0,300,right,138.025558,135.149871,131.542867,145.704027,12
commissioning,Monday,0,315,left,148.181943,152.104836,125.873382,165.516190,12
commissioning,Monday,0,315,right,135.335845,136.776998,131.855991,138.833017,12
commissioning,Monday,0,330,left,99.368764,125.961617,89.517203,135.840572,12
commissioning,Monday,0,330,right,144.052020,142.573791,134.601193,147.448727,12
commissioning,Monday,0,345,left,76.381205,116.251513,0.000000,127.665061,12
commissioning,Monday,0,345,right,141.476010,143.344552,134.129759,144.687023,12
commissioning,Monday,0,360,left,114.318471,125.116233,109.885269,155.507412,12
commissioning,Monday,0,360,right,138.663809,139.057787,136.879529,143.970531,12
commissioning,Monday,0,375,left,135.369865,128.626571,120.704714,136.714163,12
commissioning,Monday,0,375,right,146.984127,145.737011,138.659665,151.199013,12
commissioning,Monday,0,390,left,137.321062,140.820159,126.339927,145.346977,12
commissioning,Monday,0,390,right,141.859666,141.965595,135.351492,146.803980,12
commissioning,Monday,0,405,left,133.829613,140.631941,120.765521,143.751124,12
commissioning,Monday,0,405,right,143.090711,144.231058,141.505193,145.083366,12
commissioning,Monday,0,420,left,128.666922,130.098732,125.702915,132.625282,12
commissioning,Monday,0,420,right,135.806121,138.690998,132.221031,141.632540,12
commissioning,Monday,0,435,left,134.337888,135.121378,131.776675,137.388881,12
commissioning,Monday,0,435,right,138.207877,139.283295,138.006280,140.053819,12
commissioning,Monday,0,450,left,133.617225,133.808976,131.276923,138.153649,12
commissioning,Monday,0,450,right,138.024619,137.409132,136.276888,141.632536,12
commissioning,Monday,0,465,left,142.515434,139.908955,132.975992,153.708260,12
commissioning,Monday,0,465,right,139.441392,141.599762,136.162754,143.304604,12
commissioning,Monday,0,480,left,139.075061,137.957843,131.575877,146.786106,12
commissioning,Monday,0,480,right,140.798260,139.225605,137.389953,144.453284,12
commissioning,Monday,0,495,left,136.356547,136.104351,131.721340,144.852729,12
commissioning,Monday,0,495,right,142.896364,140.119651,137.152421,150.845117,12
commissioning,Monday,0,510,left,132.364396,131.269066,125.490519,140.011658,12
commissioning,Monday,0,510,right,143.633940,142.470057,136.980739,152.796810,12
commissioning,Monday,0,525,left,135.362989,132.563691,130.192612,140.886723,12
commissioning,Monday,0,525,right,138.641949,137.850149,135.383761,144.356442,12
commissioning,Monday,0,540,left,135.961790,135.488206,129.130931,145.180382,12
commissioning,Monday,0,540,right,138.512750,139.398786,133.182864,144.032747,12
commissioning,Monday,0,555,left,132.814372,134.419958,125.837293,138.535410,12
commissioning,Monday,0,555,right,138.182666,138.519193,134.240492,142.743475,12
commissioning,Monday,0,570,left,131.714500,131.130490,125.832407,139.467793,12
commissioning,Monday,0,570,right,141.492457,142.017440,139.820317,143.971367,12
commissioning,Monday,0,585,left,139.918505,139.968974,137.289323,142.297038,12
commissioning,Monday,0,585,right,141.469010,142.818930,137.323770,144.650055,12
commissioning,Monday,0,600,left,128.978982,128.219110,125.282473,135.389329,12
commissioning,Monday,0,600,right,140.205194,140.419738,136.689438,143.507458,12
commissioning,Monday,0,615,left,136.419557,134.932118,133.002019,138.752124,12
commissioning,Monday,0,615,right,136.229768,135.682469,131.807942,139.053081,12
commissioning,Monday,0,630,left,139.268131,136.888456,133.962790,140.950859,12
commissioning,Monday,0,630,right,140.498441,141.643743,137.168486,143.174242,12
commissioning,Monday,0,645,left,135.958846,133.324330,129.653155,144.229417,12
commissioning,Monday,0,645,right,137.725875,139.274011,135.401648,140.980775,12
commissioning,Monday,0,660,left,130.931626,131.734089,127.097843,135.025531,12
commissioning,Monday,0,660,right,135.804670,134.697835,130.284834,140.986447,12
commissioning,Monday,0,675,left,133.508454,131.184035,126.043465,141.191536,12
commissioning,Monday,0,675,right,137.042821,136.313002,133.699179,138.985289,12
commissioning,Monday,0,690,left,137.526685,135.831383,133.727600,141.398726,12
commissioning,Monday,0,690,right,134.373447,135.051965,133.676299,135.762520,12
commissioning,Monday,0,705,left,139.739897,138.530490,132.844661,145.692539,12
commissioning,Monday,0,705,right,136.529411,136.175440,132.896401,139.123014,12
commissioning,Monday,0,720,left,138.069213,137.716341,130.048775,143.069666,12
commissioning,Monday,0,720,right,133.092615,134.865510,127.311232,138.988137,12
commissioning,Monday,0,735,left,133.025513,127.348281,122.256819,140.778957,12
commissioning,Monday,0,735,right,137.852651,143.594164,135.681269,146.712403,12
commissioning,Monday,0,750,left,134.453717,132.181675,128.263108,141.008996,12
commissioning,Monday,0,750,right,132.334656,128.036645,123.259791,143.763837,12
commissioning,Monday,0,765,left,133.453388,133.435516,128.083552,136.812882,12
commissioning,Monday,0,765,right,128.338944,129.084730,123.109247,133.799984,12
commissioning,Monday,0,780,left,132.247432,132.386543,126.758423,141.187773,12
commissioning,Monday,0,780,right,130.456241,130.603514,125.200637,133.847715,12
commissioning,Monday,0,795,left,137.028546,135.788835,133.215223,143.040810,12
commissioning,Monday,0,795,right,132.697788,133.079452,128.635177,135.443658,12
commissioning,Monday,0,810,left,133.116239,136.116612,124.459949,139.220276,12
commissioning,Monday,0,810,right,129.267113,126.236576,123.831365,133.893266,12
commissioning,Monday,0,825,left,131.368510,133.823714,126.825715,136.408008,12
commissioning,Monday,0,825,right,123.580497,122.852533,118.900143,127.769890,12
commissioning,Monday,0,840,left,130.023906,133.791171,122.482049,136.548443,12
commissioning,Monday,0,840,right,134.720638,131.023710,127.432356,141.248573,12
commissioning,Monday,0,855,left,132.330804,137.194209,124.682347,140.086771,12
commissioning,Monday,0,855,right,133.107124,133.320190,126.534019,140.064836,12
commissioning,Monday,0,870,left,135.608021,134.963076,132.756467,141.004628,12
commissioning,Monday,0,870,right,130.648652,131.432344,125.642977,135.330980,12
commissioning,Monday,0,885,left,137.118385,137.390684,134.707815,138.244087,12
commissioning,Monday,0,885,right,133.534010,131.712170,127.612369,141.380543,12
commissioning,Monday,0,900,left,135.604767,136.447004,132.234232,139.653945,12
commissioning,Monday,0,900,right,136.050965,137.702483,131.696106,139.599439,12
commissioning,Monday,0,915,left,133.732378,133.654023,128.909864,137.753937,12
commissioning,Monday,0,915,right,138.663746,135.356750,132.211870,144.815266,12
commissioning,Monday,0,930,left,131.112760,130.102754,125.824478,137.669834,12
commissioning,Monday,0,930,right,136.879759,134.207665,132.106380,142.238648,12
commissioning,Monday,0,945,left,133.469468,131.967083,127.425608,140.563470,12
commissioning,Monday,0,945,right,129.986830,129.914272,126.150187,133.212446,12
commissioning,Monday,0,960,left,136.418092,138.732798,135.505247,139.943342,12
commissioning,Monday,0,960,right,126.834368,123.731190,121.389890,129.660592,12
commissioning,Monday,0,975,left,136.289162,136.819946,131.418698,140.647460,12
commissioning,Monday,0,975,right,127.752827,126.572581,123.182295,134.314294,12
commissioning,Monday,0,990,left,134.223384,136.747373,131.701871,138.536832,12
commissioning,Monday,0,990,right,130.178930,125.960787,123.862058,131.389591,12
commissioning,Monday,0,1005,left,132.317174,132.810153,130.488121,135.566695,12
commissioning,Monday,0,1005,right,131.450606,126.293599,123.643418,132.721744,12
commissioning,Monday,0,1020,left,135.640842,135.927869,133.188279,138.736747,12
commissioning,Monday,0,1020,right,126.131080,126.538761,124.083504,127.340866,12
commissioning,Monday,0,1035,left,129.271247,128.404784,125.833652,132.934050,12
commissioning,Monday,0,1035,right,126.540209,123.609116,122.431190,128.275484,12
commissioning,Monday,0,1050,left,128.924613,130.591384,128.972261,132.090628,12
commissioning,Monday,0,1050,right,127.956718,124.039222,121.234543,131.389902,12
commissioning,Monday,0,1065,left,129.964319,128.632074,125.647150,133.370121,12
commissioning,Monday,0,1065,right,130.924504,124.516959,120.584281,134.928759,12
commissioning,Monday,0,1080,left,135.807478,137.871743,132.511440,139.921259,12
commissioning,Monday,0,1080,right,131.242939,124.017232,120.551670,131.734459,12
commissioning,Monday,0,1095,left,140.194489,138.301371,135.644277,148.745196,12
commissioning,Monday,0,1095,right,122.482615,125.326994,121.126053,135.416612,12
commissioning,Monday,0,1110,left,138.566464,140.577151,130.531776,146.647607,12
commissioning,Monday,0,1110,right,145.813246,143.405347,137.478074,155.150822,12
commissioning,Monday,0,1125,left,148.591512,150.689691,143.236542,153.794064,12
commissioning,Monday,0,1125,right,134.221111,137.682191,130.960263,143.123915,12
commissioning,Monday,0,1140,left,154.699249,152.195434,145.907266,164.414330,12
commissioning,Monday,0,1140,right,111.933084,137.380467,79.675832,151.736799,12
commissioning,Monday,0,1155,left,133.919261,134.082184,125.481321,144.893865,12
commissioning,Monday,0,1155,right,152.493393,149.008642,141.504473,157.904757,12
commissioning,Monday,0,1170,left,112.222859,120.424322,107.938259,126.029214,12
commissioning,Monday,0,1170,right,136.084617,134.798625,129.550089,137.847388,12
commissioning,Monday,0,1185,left,124.121654,128.436260,100.736989,158.651629,12
commissioning,Monday,0,1185,right,110.661389,129.622653,98.935141,137.181151,12
commissioning,Monday,0,1200,left,127.245369,136.201323,116.789485,152.701375,12
commissioning,Monday,0,1200,right,126.652807,125.285420,123.251890,130.913432,12
commissioning,Monday,0,1215,left,127.315035,128.212293,117.208421,149.513583,12
commissioning,Monday,0,1215,right,107.409299,124.413604,117.623935,132.957745,12
commissioning,Monday,0,1230,left,133.649893,120.705570,109.965930,163.343161,12
commissioning,Monday,0,1230,right,106.836472,121.642135,82.617928,149.036458,12
commissioning,Monday,0,1245,left,126.104367,121.463390,104.438892,151.404731,12
commissioning,Monday,0,1245,right,135.184745,132.078567,117.260127,157.369465,12
commissioning,Monday,0,1260,left,84.973397,103.553259,73.632683,117.366313,12
commissioning,Monday,0,1260,right,151.859256,149.655382,121.845988,182.690464,12
commissioning,Monday,0,1275,left,72.534661,105.655456,0.000000,118.730735,12
commissioning,Monday,0,1275,right,126.704283,122.018912,114.688211,155.897900,12
commissioning,Monday,0,1290,left,123.939121,128.653434,118.788749,161.705701,12
commissioning,Monday,0,1290,right,128.771561,136.014114,120.886702,148.239744,12
commissioning,Monday,0,1305,left,97.742149,114.078448,79.794178,134.983734,12
commissioning,Monday,0,1305,right,131.029819,132.329852,128.482046,135.737109,12
commissioning,Monday,0,1320,left,103.485672,118.504674,78.551584,142.518988,12
commissioning,Monday,0,1320,right,122.216387,131.314364,120.431167,134.888524,12
commissioning,Monday,0,1335,left,102.409965,113.696417,73.311238,131.937413,12
commissioning,Monday,0,1335,right,112.032313,113.562581,103.824704,132.098781,12
commissioning,Monday,0,1350,left,107.819146,111.527698,100.701059,125.562525,12
commissioning,Monday,0,1350,right,90.123414,114.056637,82.309428,125.169344,12
commissioning,Monday,0,1365,left,110.117138,120.657344,109.251261,127.120499,12
commissioning,Monday,0,1365,right,98.685622,126.873586,80.113015,136.164058,12
commissioning,Monday,0,1380,left,125.880971,127.180008,117.765682,160.161572,12
commissioning,Monday,0,1380,right,140.905418,126.517909,120.771640,176.617543,12
commissioning,Monday,0,1395,left,102.466797,128.967932,89.880234,143.040020,12
commissioning,Monday,0,1395,right,75.167070,115.571807,0.000000,131.678673,12
commissioning,Monday,0,1410,left,104.772328,130.163434,81.656782,150.887584,12
commissioning,Monday,0,1410,right,104.286023,130.560333,102.189946,135.079223,12
commissioning,Monday,0,1425,left,79.669306,108.037263,0.000000,122.307242,12
commissioning,Monday,0,1425,right,80.460779,107.461242,0.000000,127.801555,12
commissioning,Tuesday,1,0,left,124.974669,124.594534,118.508970,152.040049,12
commissioning,Tuesday,1,0,right,94.828492,109.927880,75.454215,131.703294,12
commissioning,Tuesday,1,15,left,105.567376,132.033127,89.997078,140.780065,12
commissioning,Tuesday,1,15,right,90.262096,115.459784,69.187785,123.651798,12
commissioning,Tuesday,1,30,left,72.070671,95.535980,0.000000,111.157507,12
commissioning,Tuesday,1,30,right,91.776006,117.303369,0.000000,145.301397,12
commissioning,Tuesday,1,45,left,119.205360,126.451091,109.008752,146.520354,12
commissioning,Tuesday,1,45,right,114.316133,143.411726,86.551509,165.733541,12
commissioning,Tuesday,1,60,left,91.863670,126.754004,0.000000,133.207092,12
commissioning,Tuesday,1,60,right,129.998631,132.115938,121.708468,164.989673,12
commissioning,Tuesday,1,75,left,94.391459,136.159067,0.000000,144.511033,12
commissioning,Tuesday,1,75,right,86.843599,100.588758,56.141874,128.636298,12
commissioning,Tuesday,1,90,left,98.469165,120.928575,0.000000,153.475749,12
commissioning,Tuesday,1,90,right,92.313134,114.917176,74.641603,126.216435,12
commissioning,Tuesday,1,105,left,81.489318,113.649128,0.000000,119.437969,12
commissioning,Tuesday,1,105,right,126.116168,147.983913,125.780137,155.294470,12
commissioning,Tuesday,1,120,left,136.529543,134.530578,124.723382,168.421070,12
commissioning,Tuesday,1,120,right,111.907989,125.118878,118.593979,134.668616,12
commissioning,Tuesday,1,135,left,137.227496,136.308201,127.508545,144.203132,12
commissioning,Tuesday,1,135,right,95.702382,117.764311,43.847621,141.082480,12
commissioning,Tuesday,1,150,left,72.632670,110.468980,0.000000,128.678183,12
commissioning,Tuesday,1,150,right,120.394066,137.473455,102.541175,152.931366,12
commissioning,Tuesday,1,165,left,105.920141,121.485252,106.361698,135.992577,12
commissioning,Tuesday,1,165,right,134.582900,143.412411,121.395343,161.730037,12
commissioning,Tuesday,1,180,left,78.989741,100.620966,0.000000,124.656362,12
commissioning,Tuesday,1,180,right,129.612750,125.412589,117.343348,159.023585,12
commissioning,Tuesday,1,195,left,86.886076,119.921985,0.000000,120.008133,12
commissioning,Tuesday,1,195,right,149.177668,145.038423,120.021020,173.267921,12
commissioning,Tuesday,1,210,left,81.097174,93.662406,40.265185,126.355386,12
commissioning,Tuesday,1,210,right,124.551816,124.871630,119.869155,132.266062,12
commissioning,Tuesday,1,225,left,114.036017,122.902809,107.804954,137.748884,12
commissioning,Tuesday,1,225,right,116.751460,124.940318,115.869021,130.115625,12
commissioning,Tuesday,1,240,left,95.761183,117.642799,74.466716,141.756030,12
commissioning,Tuesday,1,240,right,102.567708,126.650815,86.015629,141.807809,12
commissioning,Tuesday,1,255,left,79.541440,128.755483,0.000000,134.815002,12
commissioning,Tuesday,1,255,right,107.278453,130.634297,86.981583,145.946800,12
commissioning,Tuesday,1,270,left,105.151885,134.361954,69.614066,152.016775,12
commissioning,Tuesday,1,270,right,147.630845,142.964787,133.985513,159.217176,12
commissioning,Tuesday,1,285,left,111.655983,124.609237,81.602469,161.115562,12
commissioning,Tuesday,1,285,right,149.867381,145.803467,134.946056,168.235879,12
commissioning,Tuesday,1,300,left,140.091166,132.293779,131.990548,153.873886,12
commissioning,Tuesday,1,300,right,132.557996,131.633834,125.133748,139.647612,12
commissioning,Tuesday,1,315,left,148.073243,148.399282,142.375930,152.312590,12
commissioning,Tuesday,1,315,right,137.464611,129.229827,123.872108,141.945434,12
commissioning,Tuesday,1,330,left,156.835532,151.855521,139.902218,168.364738,12
commissioning,Tuesday,1,330,right,134.730211,133.253530,124.306550,146.257497,12
commissioning,Tuesday,1,345,left,138.729365,138.293192,128.552375,141.233358,12
commissioning,Tuesday,1,345,right,145.599465,140.844261,135.309112,152.286231,12
commissioning,Tuesday,1,360,left,128.919447,133.859298,125.921403,142.729380,12
commissioning,Tuesday,1,360,right,137.258730,138.033069,133.375512,141.403679,12
commissioning,Tuesday,1,375,left,132.868059,138.365024,118.042206,160.618620,12
commissioning,Tuesday,1,375,right,130.840581,132.009543,124.176803,136.750479,12
commissioning,Tuesday,1,390,left,130.777690,136.810164,108.387602,148.317647,12
commissioning,Tuesday,1,390,right,134.946114,134.391078,130.782816,139.382292,12
commissioning,Tuesday,1,405,left,123.132464,123.204955,116.038364,141.058784,12
commissioning,Tuesday,1,405,right,134.962885,140.278196,129.508629,143.933519,12
commissioning,Tuesday,1,420,left,136.878972,134.481684,130.840481,144.244199,12
commissioning,Tuesday,1,420,right,137.197645,137.119250,133.418010,145.216842,12
commissioning,Tuesday,1,435,left,140.766045,140.047905,133.901165,148.173566,12
commissioning,Tuesday,1,435,right,140.447842,140.650848,138.193696,142.558730,12
commissioning,Tuesday,1,450,left,135.203582,137.263464,128.999724,138.886504,12
commissioning,Tuesday,1,450,right,139.358310,137.498834,135.626559,142.605104,12
commissioning,Tuesday,1,465,left,134.309622,135.476215,132.855896,138.705989,12
commissioning,Tuesday,1,465,right,135.773889,137.534320,129.122106,144.886400,12
commissioning,Tuesday,1,480,left,131.430435,134.861966,121.368643,141.288484,12
commissioning,Tuesday,1,480,right,138.962951,133.068274,129.692129,146.106582,12
commissioning,Tuesday,1,495,left,139.601512,138.366072,133.261485,142.110510,12
commissioning,Tuesday,1,495,right,137.149215,134.861764,130.547357,142.202024,12
commissioning,Tuesday,1,510,left,134.701693,134.278804,132.209208,138.316372,12
commissioning,Tuesday,1,510,right,134.858126,137.517381,125.707712,144.517433,12
commissioning,Tuesday,1,525,left,135.042802,136.426212,132.270412,139.708321,12
commissioning,Tuesday,1,525,right,135.786613,135.133802,128.230160,143.116646,12
commissioning,Tuesday,1,540,left,131.961381,132.466604,127.555569,136.554639,12
commissioning,Tuesday,1,540,right,131.419291,129.591424,123.833215,138.686663,12
commissioning,Tuesday,1,555,left,138.316943,137.284417,134.075140,142.706984,12
commissioning,Tuesday,1,555,right,136.486908,137.753275,132.022508,140.712217,12
commissioning,Tuesday,1,570,left,136.507931,136.480717,133.386471,141.029805,12
commissioning,Tuesday,1,570,right,139.807889,140.016454,133.685650,143.955889,12
commissioning,Tuesday,1,585,left,134.024915,134.800251,131.927334,135.330537,12
commissioning,Tuesday,1,585,right,140.683127,142.330012,138.334377,142.982569,12
commissioning,Tuesday,1,600,left,136.762821,137.351728,133.423330,138.710330,12
commissioning,Tuesday,1,600,right,136.961574,136.566998,134.319996,138.724843,12
commissioning,Tuesday,1,615,left,141.982227,141.078520,138.063362,143.089390,12
commissioning,Tuesday,1,615,right,138.098868,139.261247,134.140687,140.360338,12
commissioning,Tuesday,1,630,left,132.505062,135.302863,126.514281,136.618027,12
commissioning,Tuesday,1,630,right,134.622606,134.705639,132.279186,137.441907,12
commissioning,Tuesday,1,645,left,135.906294,137.035617,134.269206,139.979222,12
commissioning,Tuesday,1,645,right,139.065157,138.500620,135.535796,142.291915,12
commissioning,Tuesday,1,660,left,133.493186,132.789054,131.495511,135.278995,12
commissioning,Tuesday,1,660,right,138.915475,138.677902,136.773011,141.317136,12
commissioning,Tuesday,1,675,left,136.474888,136.126046,130.357363,141.376631,12
commissioning,Tuesday,1,675,right,135.981316,136.770115,132.827272,137.912879,12
commissioning,Tuesday,1,690,left,136.007059,136.354809,132.831034,138.940121,12
commissioning,Tuesday,1,690,right,137.184235,137.842674,134.778217,138.889167,12
commissioning,Tuesday,1,705,left,136.624297,137.283929,133.180118,139.347513,12
commissioning,Tuesday,1,705,right,136.989060,140.078378,132.511273,142.032649,12
commissioning,Tuesday,1,720,left,135.721615,138.467717,130.894014,142.360394,12
commissioning,Tuesday,1,720,right,136.769053,142.271149,131.010744,144.297857,12
commissioning,Tuesday,1,735,left,133.721817,136.274573,128.414843,138.777020,12
commissioning,Tuesday,1,735,right,135.680575,136.843166,133.421528,140.659748,12
commissioning,Tuesday,1,750,left,135.276102,132.223974,128.274146,141.581981,12
commissioning,Tuesday,1,750,right,130.014169,127.597859,125.866547,132.530477,12
commissioning,Tuesday,1,765,left,135.406604,132.769207,129.998310,140.667095,12
commissioning,Tuesday,1,765,right,134.040931,133.998307,128.227610,140.722378,12
commissioning,Tuesday,1,780,left,134.411490,134.109252,131.084442,136.640137,12
commissioning,Tuesday,1,780,right,130.148792,130.600354,125.035911,135.623352,12
commissioning,Tuesday,1,795,left,137.038243,136.562380,133.998922,139.051054,12
commissioning,Tuesday,1,795,right,130.404961,131.211900,123.958136,137.874317,12
commissioning,Tuesday,1,810,left,133.657930,132.723242,131.554530,137.476188,12
commissioning,Tuesday,1,810,right,131.779125,130.594385,127.513621,134.733926,12
commissioning,Tuesday,1,825,left,142.467921,143.436032,141.215392,145.125275,12
commissioning,Tuesday,1,825,right,129.568693,126.871266,123.291895,135.510755,12
commissioning,Tuesday,1,840,left,141.443743,143.528837,138.471197,144.524052,12
commissioning,Tuesday,1,840,right,130.121001,129.455968,126.781608,134.024321,12
commissioning,Tuesday,1,855,left,137.914573,137.412046,134.229158,144.238318,12
commissioning,Tuesday,1,855,right,127.905109,127.156438,121.200320,131.832441,12
commissioning,Tuesday,1,870,left,137.719846,138.564640,132.783278,144.759354,12
commissioning,Tuesday,1,870,right,129.294142,130.157823,123.429525,134.339268,12
commissioning,Tuesday,1,885,left,137.394333,140.598455,131.961980,145.462889,12
commissioning,Tuesday,1,885,right,130.337127,132.763344,122.431059,137.910496,12
commissioning,Tuesday,1,900,left,133.089671,135.937891,133.553302,137.980661,12
commissioning,Tuesday,1,900,right,126.904126,127.017264,121.053354,133.365085,12
commissioning,Tuesday,1,915,left,135.233463,133.235885,131.435778,137.028001,12
commissioning,Tuesday,1,915,right,121.060856,120.240826,117.300549,124.699906,12
commissioning,Tuesday,1,930,left,138.842626,139.684263,133.286612,144.542527,12
commissioning,Tuesday,1,930,right,127.678706,130.287115,117.814011,134.651633,12
commissioning,Tuesday,1,945,left,140.536648,138.901888,137.148257,143.905845,12
commissioning,Tuesday,1,945,right,128.523385,129.117138,124.000870,131.641884,12
commissioning,Tuesday,1,960,left,135.959773,136.560415,133.229599,138.734303,12
commissioning,Tuesday,1,960,right,125.045020,123.084340,118.844583,128.458722,12
commissioning,Tuesday,1,975,left,136.030699,134.000899,130.055816,142.598665,12
commissioning,Tuesday,1,975,right,123.440559,123.459840,120.551829,125.892229,12
commissioning,Tuesday,1,990,left,133.570567,135.485272,128.928495,139.898040,12
commissioning,Tuesday,1,990,right,128.862424,128.861885,125.227624,131.444699,12
commissioning,Tuesday,1,1005,left,128.240228,130.111717,122.541502,134.233102,12
commissioning,Tuesday,1,1005,right,130.617756,130.814723,126.130098,135.008074,12
commissioning,Tuesday,1,1020,left,131.783115,134.131717,126.116268,136.319174,12
commissioning,Tuesday,1,1020,right,127.899031,127.236251,120.725943,133.659232,12
commissioning,Tuesday,1,1035,left,134.126171,134.559281,132.412146,136.435465,12
commissioning,Tuesday,1,1035,right,125.173848,126.931415,120.708880,128.227186,12
commissioning,Tuesday,1,1050,left,130.487431,130.809382,126.845713,133.405927,12
commissioning,Tuesday,1,1050,right,130.758677,128.249426,123.370872,132.273107,12
commissioning,Tuesday,1,1065,left,137.107577,138.384980,131.349019,139.650980,12
commissioning,Tuesday,1,1065,right,131.757495,127.176123,123.627378,134.573441,12
commissioning,Tuesday,1,1080,left,130.542576,131.386439,121.984300,138.973250,12
commissioning,Tuesday,1,1080,right,129.708924,125.004249,118.988197,137.781427,12
commissioning,Tuesday,1,1095,left,145.343919,145.442763,132.702520,156.396849,12
commissioning,Tuesday,1,1095,right,136.228747,128.284562,121.929621,139.793480,12
commissioning,Tuesday,1,1110,left,117.113854,130.908965,128.887107,139.984242,12
commissioning,Tuesday,1,1110,right,128.255080,127.571591,122.555028,137.882533,12
commissioning,Tuesday,1,1125,left,110.923369,127.433540,113.123904,129.137329,12
commissioning,Tuesday,1,1125,right,150.801062,142.174508,134.064620,158.765998,12
commissioning,Tuesday,1,1140,left,122.344519,131.103040,112.435799,134.381554,12
commissioning,Tuesday,1,1140,right,138.911650,138.977579,127.754674,147.605628,12
commissioning,Tuesday,1,1155,left,109.685804,123.912112,96.491349,135.930777,12
commissioning,Tuesday,1,1155,right,105.495979,128.185168,108.666533,134.833605,12
commissioning,Tuesday,1,1170,left,136.319446,137.871725,128.533869,145.948597,12
commissioning,Tuesday,1,1170,right,103.750697,120.096271,110.678076,127.643480,12
commissioning,Tuesday,1,1185,left,117.060006,133.359652,121.913940,144.533337,12
commissioning,Tuesday,1,1185,right,131.572166,125.975427,122.133144,137.719572,12
commissioning,Tuesday,1,1200,left,109.895135,123.582248,103.943389,130.634902,12
commissioning,Tuesday,1,1200,right,143.650845,145.882178,136.854314,153.545521,12
commissioning,Tuesday,1,1215,left,100.903160,116.981011,74.879037,140.783016,12
commissioning,Tuesday,1,1215,right,133.708373,136.421289,113.875338,166.099794,12
commissioning,Tuesday,1,1230,left,111.950074,113.317463,93.191210,136.884329,12
commissioning,Tuesday,1,1230,right,151.025242,149.388200,128.703577,170.985078,12
commissioning,Tuesday,1,1245,left,118.987057,115.578553,110.084490,131.308342,12
commissioning,Tuesday,1,1245,right,137.243736,126.563142,118.180956,165.039250,12
commissioning,Tuesday,1,1260,left,132.647912,136.973525,118.385353,146.498426,12
commissioning,Tuesday,1,1260,right,82.518554,111.894198,0.000000,118.970854,12
commissioning,Tuesday,1,1275,left,105.703960,113.684134,108.104449,142.080238,12
commissioning,Tuesday,1,1275,right,95.955085,102.889035,94.880043,116.656637,12
commissioning,Tuesday,1,1290,left,82.110860,110.604777,0.000000,120.531726,12
commissioning,Tuesday,1,1290,right,116.801026,120.365644,109.418076,135.801178,12
commissioning,Tuesday,1,1305,left,73.555914,109.890540,0.000000,120.779813,12
commissioning,Tuesday,1,1305,right,95.422611,117.903932,79.172780,129.610236,12
commissioning,Tuesday,1,1320,left,63.753946,55.304451,0.000000,115.599588,12
commissioning,Tuesday,1,1320,right,113.273624,120.865235,114.454314,125.719526,12
commissioning,Tuesday,1,1335,left,103.524798,109.875947,76.812615,147.949932,12
commissioning,Tuesday,1,1335,right,120.942048,120.571357,117.576835,139.518749,12
commissioning,Tuesday,1,1350,left,84.983057,107.044868,0.000000,121.523107,12
commissioning,Tuesday,1,1350,right,89.312949,113.555248,83.301824,118.192511,12
commissioning,Tuesday,1,1365,left,116.340529,123.818857,105.019594,164.821804,11
commissioning,Tuesday,1,1365,right,86.546289,116.989248,52.016569,121.332711,11
commissioning,Tuesday,1,1380,left,148.165058,148.725064,117.785532,171.693579,12
commissioning,Tuesday,1,1380,right,119.192984,123.383635,103.178692,135.300959,12
commissioning,Tuesday,1,1395,left,134.660152,123.003806,118.199412,161.696779,12
commissioning,Tuesday,1,1395,right,108.880049,125.282196,94.032876,130.758199,12
commissioning,Tuesday,1,1410,left,128.173742,127.451046,112.158060,144.316480,12
commissioning,Tuesday,1,1410,right,93.529482,113.228936,45.850264,125.564556,12
commissioning,Tuesday,1,1425,left,106.148303,119.534444,105.439142,126.443636,12
commissioning,Tuesday,1,1425,right,119.016165,124.503959,105.363322,128.231733,12
commissioning,Wednesday,2,0,left,94.089406,120.807860,81.269834,131.594392,12
commissioning,Wednesday,2,0,right,92.635577,122.181268,86.176577,124.440476,12
commissioning,Wednesday,2,15,left,98.798988,130.525650,88.126799,133.287384,12
commissioning,Wednesday,2,15,right,66.363738,78.736731,0.000000,112.985006,12
commissioning,Wednesday,2,30,left,100.924655,128.793089,92.117099,138.835860,12
commissioning,Wednesday,2,30,right,91.133289,110.960988,36.943631,128.636089,12
commissioning,Wednesday,2,45,left,99.068493,131.259491,85.952101,136.559308,12
commissioning,Wednesday,2,45,right,122.901061,126.661329,110.108542,152.516339,12
commissioning,Wednesday,2,60,left,97.738639,123.461356,89.072113,131.768652,12
commissioning,Wednesday,2,60,right,118.233303,133.096917,106.552874,145.723316,12
commissioning,Wednesday,2,75,left,103.066870,123.314953,89.783659,136.328387,12
commissioning,Wednesday,2,75,right,93.497861,117.465366,72.573299,126.325700,12
commissioning,Wednesday,2,90,left,101.108381,118.492963,66.903191,137.748810,12
commissioning,Wednesday,2,90,right,83.905923,112.247122,0.000000,131.779602,12
commissioning,Wednesday,2,105,left,132.099072,135.511308,109.824695,160.359668,12
commissioning,Wednesday,2,105,right,112.777082,106.071280,94.646038,128.771127,12
commissioning,Wednesday,2,120,left,86.112057,111.772366,0.000000,130.158716,12
commissioning,Wednesday,2,120,right,117.926005,126.512976,89.054972,143.912439,12
commissioning,Wednesday,2,135,left,73.574107,95.170494,0.000000,109.771492,12
commissioning,Wednesday,2,135,right,70.039970,84.417112,0.000000,114.629558,12
commissioning,Wednesday,2,150,left,68.722918,60.221955,0.000000,137.094178,12
commissioning,Wednesday,2,150,right,124.342671,139.108833,121.728500,141.072959,12
commissioning,Wednesday,2,165,left,90.527214,120.080772,78.401391,124.350002,12
commissioning,Wednesday,2,165,right,147.161636,141.906799,126.245110,175.391343,12
commissioning,Wednesday,2,180,left,54.762575,0.000000,0.000000,111.662952,12
commissioning,Wednesday,2,180,right,73.304004,112.520491,0.000000,118.511127,12
commissioning,Wednesday,2,195,left,101.403595,117.649804,78.669385,146.826414,12
commissioning,Wednesday,2,195,right,103.115414,122.998806,83.036843,138.926868,12
commissioning,Wednesday,2,210,left,99.128032,114.538685,89.689813,122.611340,11
commissioning,Wednesday,2,210,right,106.691133,115.455538,95.567568,132.540653,11
commissioning,Wednesday,2,225,left,100.938304,118.574883,83.707428,132.699700,12
commissioning,Wednesday,2,225,right,131.317362,134.793282,124.311397,162.412361,12
commissioning,Wednesday,2,240,left,98.903340,123.588680,63.810782,137.524595,12
commissioning,Wednesday,2,240,right,129.392896,132.351518,123.885688,157.904625,12
commissioning,Wednesday,2,255,left,102.154470,105.299842,55.454556,126.256215,12
commissioning,Wednesday,2,255,right,111.478356,112.758211,109.272445,134.760894,12
commissioning,Wednesday,2,270,left,89.195641,104.700411,67.212127,121.373314,12
commissioning,Wednesday,2,270,right,126.331219,121.341938,113.705489,138.788638,12
commissioning,Wednesday,2,285,left,124.953834,131.400690,123.229677,141.507639,12
commissioning,Wednesday,2,285,right,115.895492,128.835617,116.928393,135.907626,12
commissioning,Wednesday,2,300,left,133.159715,133.393786,112.487737,154.523615,12
commissioning,Wednesday,2,300,right,129.690006,129.691328,123.794752,140.965945,12
commissioning,Wednesday,2,315,left,96.634446,119.471530,77.950813,137.007309,12
commissioning,Wednesday,2,315,right,140.761229,137.743594,135.658195,144.048471,12
commissioning,Wednesday,2,330,left,89.362984,113.841876,0.000000,141.253674,12
commissioning,Wednesday,2,330,right,137.230838,134.406471,130.851713,144.877971,12
commissioning,Wednesday,2,345,left,96.156875,108.300287,81.412590,118.114650,12
commissioning,Wednesday,2,345,right,131.283339,129.300706,124.347912,143.219437,12
commissioning,Wednesday,2,360,left,155.717526,150.029718,125.804386,193.057514,12
commissioning,Wednesday,2,360,right,130.411655,130.396564,118.744062,140.467637,12
commissioning,Wednesday,2,375,left,126.926843,132.524960,122.162382,148.972868,12
commissioning,Wednesday,2,375,right,127.836783,127.218781,121.878624,134.459147,12
commissioning,Wednesday,2,390,left,97.002690,119.709427,82.513941,132.317565,12
commissioning,Wednesday,2,390,right,136.295503,134.612275,130.924653,135.804484,12
commissioning,Wednesday,2,405,left,120.757233,122.879729,114.695919,133.519546,12
commissioning,Wednesday,2,405,right,141.217957,136.647604,134.694456,141.110781,12
commissioning,Wednesday,2,420,left,137.564189,138.910154,129.962183,142.943859,12
commissioning,Wednesday,2,420,right,134.580198,135.413403,129.402021,138.828398,12
commissioning,Wednesday,2,435,left,142.843827,145.018827,139.963671,146.880208,12
commissioning,Wednesday,2,435,right,140.313862,140.249982,137.386620,142.588530,12
commissioning,Wednesday,2,450,left,139.925800,142.279292,136.251222,145.831885,12
commissioning,Wednesday,2,450,right,137.845070,137.468112,133.697132,140.850236,12
commissioning,Wednesday,2,465,left,136.454728,137.875746,131.166775,140.731450,12
commissioning,Wednesday,2,465,right,139.479494,139.151924,136.113014,142.420959,12
commissioning,Wednesday,2,480,left,137.822496,133.361036,132.879296,145.251105,12
commissioning,Wednesday,2,480,right,132.593745,133.729983,130.724653,137.322459,12
commissioning,Wednesday,2,495,left,132.621879,133.598335,126.168112,139.123734,12
commissioning,Wednesday,2,495,right,134.456571,136.851403,134.204900,140.157822,12
commissioning,Wednesday,2,510,left,130.789463,129.308117,126.720932,133.907414,12
commissioning,Wednesday,2,510,right,134.827054,137.859351,131.408377,141.337339,12
commissioning,Wednesday,2,525,left,129.462543,126.366882,123.528991,134.772963,12
commissioning,Wednesday,2,525,right,133.163938,137.594316,129.557821,142.481335,12
commissioning,Wednesday,2,540,left,133.056745,133.126145,125.131465,140.562563,12
commissioning,Wednesday,2,540,right,134.899533,136.864830,131.969245,139.900478,12
commissioning,Wednesday,2,555,left,142.277401,142.527447,139.188881,145.694149,12
commissioning,Wednesday,2,555,right,135.092643,134.361432,131.009288,139.271721,12
commissioning,Wednesday,2,570,left,144.415985,144.064910,138.010001,151.434337,12
commissioning,Wednesday,2,570,right,133.825185,134.413110,129.527469,136.727315,12
commissioning,Wednesday,2,585,left,139.585220,137.514402,131.816037,147.299121,12
commissioning,Wednesday,2,585,right,130.104241,130.126554,127.432257,132.425546,12
commissioning,Wednesday,2,600,left,130.831594,130.521779,128.137584,132.911251,12
commissioning,Wednesday,2,600,right,133.149215,134.538018,131.122029,136.271067,12
commissioning,Wednesday,2,615,left,136.447731,135.793841,134.533050,140.436031,12
commissioning,Wednesday,2,615,right,133.566820,133.333353,131.894773,134.155470,12
commissioning,Wednesday,2,630,left,134.206749,134.117022,128.903447,138.910978,12
commissioning,Wednesday,2,630,right,138.555414,137.734060,136.310767,141.028937,12
commissioning,Wednesday,2,645,left,131.605192,129.099773,125.444102,138.057752,12
commissioning,Wednesday,2,645,right,137.649742,136.641262,134.589176,141.099568,12
commissioning,Wednesday,2,660,left,132.764994,132.982797,130.684514,136.696576,12
commissioning,Wednesday,2,660,right,139.995386,139.815038,138.565260,140.570777,12
commissioning,Wednesday,2,675,left,134.001644,135.163651,131.725122,137.708317,12
commissioning,Wednesday,2,675,right,137.493395,137.779265,132.865848,140.753567,12
commissioning,Wednesday,2,690,left,131.636927,131.594656,129.100546,136.114529,12
commissioning,Wednesday,2,690,right,136.346026,135.787564,130.383944,140.738712,12
commissioning,Wednesday,2,705,left,129.687913,129.186226,125.969062,132.467922,12
commissioning,Wednesday,2,705,right,139.233588,136.209137,131.763827,143.240606,12
commissioning,Wednesday,2,720,left,126.124703,124.499576,122.526200,130.402407,12
commissioning,Wednesday,2,720,right,135.437692,134.703772,132.645417,138.686574,12
commissioning,Wednesday,2,735,left,134.430434,136.389965,130.166746,138.928244,12
commissioning,Wednesday,2,735,right,131.997363,130.784680,129.489527,132.895365,12
commissioning,Wednesday,2,750,left,138.695296,139.701903,135.372527,141.194926,12
commissioning,Wednesday,2,750,right,132.503972,134.095687,125.131545,137.039929,12
commissioning,Wednesday,2,765,left,134.292576,130.938500,127.129681,138.988470,12
commissioning,Wednesday,2,765,right,130.654322,133.636828,126.204953,135.871005,12
commissioning,Wednesday,2,780,left,135.306510,134.129533,130.143252,139.475641,12
commissioning,Wednesday,2,780,right,134.888882,138.229493,131.076331,140.723678,12
commissioning,Wednesday,2,795,left,132.069046,132.126128,128.799504,134.036967,12
commissioning,Wednesday,2,795,right,129.719541,132.780822,125.348135,138.849440,12
commissioning,Wednesday,2,810,left,136.842861,135.708975,131.829768,140.699512,12
commissioning,Wednesday,2,810,right,128.940157,128.939681,120.320398,137.527724,12
commissioning,Wednesday,2,825,left,139.554540,140.011642,137.391580,142.629036,12
commissioning,Wednesday,2,825,right,126.543619,127.393579,121.841789,134.712753,12
commissioning,Wednesday,2,840,left,136.993079,137.887166,133.592552,142.459860,12
commissioning,Wednesday,2,840,right,130.796075,130.956555,126.986584,138.060408,12
commissioning,Wednesday,2,855,left,141.373242,141.518251,138.275316,145.796635,12
commissioning,Wednesday,2,855,right,128.915348,132.103267,120.953311,136.143544,12
commissioning,Wednesday,2,870,left,136.672499,136.369347,133.836074,141.254439,12
commissioning,Wednesday,2,870,right,128.724470,131.809706,125.075662,133.975789,12
commissioning,Wednesday,2,885,left,138.721233,137.242857,134.032752,139.646012,12
commissioning,Wednesday,2,885,right,130.818116,133.146970,123.825508,136.877537,12
commissioning,Wednesday,2,900,left,138.647579,134.464076,129.860809,144.945891,12
commissioning,Wednesday,2,900,right,134.388119,135.248965,128.885027,140.596430,12
commissioning,Wednesday,2,915,left,140.322145,140.327082,133.744393,145.618425,12
commissioning,Wednesday,2,915,right,134.554300,133.590870,130.730285,138.620263,12
commissioning,Wednesday,2,930,left,134.647668,135.404033,130.049834,140.972328,12
commissioning,Wednesday,2,930,right,132.976566,131.379843,130.526920,135.672137,12
commissioning,Wednesday,2,945,left,135.556028,135.268063,131.735846,139.731008,12
commissioning,Wednesday,2,945,right,132.935606,132.164360,129.827567,135.372296,12
commissioning,Wednesday,2,960,left,140.906379,141.901695,139.917090,142.895547,12
commissioning,Wednesday,2,960,right,127.592615,127.714968,121.485266,133.993187,12
commissioning,Wednesday,2,975,left,136.736355,134.463042,130.734946,142.975148,12
commissioning,Wednesday,2,975,right,128.495534,128.880298,122.743842,135.300099,12
commissioning,Wednesday,2,990,left,135.867747,135.414036,132.807168,142.203907,12
commissioning,Wednesday,2,990,right,130.862661,130.320832,124.819803,136.713641,12
commissioning,Wednesday,2,1005,left,136.692601,134.289590,130.022123,143.281661,12
commissioning,Wednesday,2,1005,right,129.190946,126.525730,122.993393,135.032508,12
commissioning,Wednesday,2,1020,left,128.237873,130.121429,126.080059,133.609592,12
commissioning,Wednesday,2,1020,right,127.566760,125.364749,120.701771,132.712869,12
commissioning,Wednesday,2,1035,left,131.477007,131.421970,128.488636,135.339303,12
commissioning,Wednesday,2,1035,right,129.065386,125.072580,118.487005,134.951093,12
commissioning,Wednesday,2,1050,left,134.396735,135.735509,132.170914,138.822409,12
commissioning,Wednesday,2,1050,right,126.609334,122.794418,119.043410,133.632820,12
commissioning,Wednesday,2,1065,left,138.167754,139.035002,131.326028,146.177098,12
commissioning,Wednesday,2,1065,right,129.081738,126.534878,121.341649,133.048609,12
commissioning,Wednesday,2,1080,left,136.297818,138.200582,126.883680,143.662554,12
commissioning,Wednesday,2,1080,right,130.675308,126.867100,122.783838,134.363659,12
commissioning,Wednesday,2,1095,left,141.696598,142.505056,133.836891,151.377100,12
commissioning,Wednesday,2,1095,right,131.343217,126.637959,120.170555,138.713755,12
commissioning,Wednesday,2,1110,left,129.816238,128.247220,124.245383,136.717227,12
commissioning,Wednesday,2,1110,right,130.655412,128.443841,122.836684,136.165123,12
commissioning,Wednesday,2,1125,left,136.815975,132.385654,125.681114,139.347426,12
commissioning,Wednesday,2,1125,right,137.792744,138.405850,131.041766,143.980894,12
commissioning,Wednesday,2,1140,left,148.194755,145.459664,136.841920,150.220725,12
commissioning,Wednesday,2,1140,right,128.593188,135.215908,126.930357,145.022508,12
commissioning,Wednesday,2,1155,left,135.735518,136.907295,130.899861,142.352758,12
commissioning,Wednesday,2,1155,right,137.481666,136.054538,127.845094,149.939631,12
commissioning,Wednesday,2,1170,left,119.512827,135.020726,124.871856,138.907022,12
commissioning,Wednesday,2,1170,right,103.126236,125.353523,106.404869,132.136252,12
commissioning,Wednesday,2,1185,left,119.765329,125.351268,121.448391,133.419636,12
commissioning,Wednesday,2,1185,right,123.169532,127.656920,106.074762,144.013047,12
commissioning,Wednesday,2,1200,left,128.305847,132.350006,123.047627,138.963772,12
commissioning,Wednesday,2,1200,right,82.197725,100.038910,45.413947,112.505765,12
commissioning,Wednesday,2,1215,left,133.587322,135.403210,121.556558,143.189618,12
commissioning,Wednesday,2,1215,right,100.742025,117.964287,103.650211,126.124736,12
commissioning,Wednesday,2,1230,left,115.685557,124.795508,103.647500,161.699137,12
commissioning,Wednesday,2,1230,right,116.235830,122.503010,108.019394,133.371233,12
commissioning,Wednesday,2,1245,left,100.653929,119.079462,81.253802,136.048324,12
commissioning,Wednesday,2,1245,right,133.399803,125.292708,117.169527,141.033023,12
commissioning,Wednesday,2,1260,left,103.674931,117.352197,99.191852,129.932360,12
commissioning,Wednesday,2,1260,right,110.740993,127.234242,118.865445,140.216990,12
commissioning,Wednesday,2,1275,left,96.150259,110.788300,93.273847,112.485082,12
commissioning,Wednesday,2,1275,right,128.428493,119.261985,117.944378,138.664444,12
commissioning,Wednesday,2,1290,left,102.278582,118.449299,100.942504,133.652432,12
commissioning,Wednesday,2,1290,right,119.909777,118.802667,116.188430,134.904393,12
commissioning,Wednesday,2,1305,left,118.438837,117.422734,102.350867,130.626621,12
commissioning,Wednesday,2,1305,right,120.121927,121.029018,107.849108,142.074177,12
commissioning,Wednesday,2,1320,left,120.460069,116.929679,111.752114,121.403055,12
commissioning,Wednesday,2,1320,right,131.496645,117.104083,112.934723,151.763295,12
commissioning,Wednesday,2,1335,left,79.364528,107.866909,0.000000,112.032658,12
commissioning,Wednesday,2,1335,right,103.302974,114.668129,109.135402,124.120356,12
commissioning,Wednesday,2,1350,left,96.776784,111.354031,80.872082,144.740689,12
commissioning,Wednesday,2,1350,right,92.909272,111.514135,73.625662,115.019535,12
commissioning,Wednesday,2,1365,left,118.661661,108.762929,101.309588,129.980814,12
commissioning,Wednesday,2,1365,right,127.515946,122.585442,107.492527,136.225296,12
commissioning,Wednesday,2,1380,left,132.186488,130.011802,119.734896,139.548707,12
commissioning,Wednesday,2,1380,right,110.287481,124.390013,114.960990,129.303185,12
commissioning,Wednesday,2,1395,left,129.512616,134.797663,111.524566,148.625302,12
commissioning,Wednesday,2,1395,right,130.130028,132.122634,109.236173,168.949676,12
commissioning,Wednesday,2,1410,left,132.408639,129.556246,111.846424,154.991300,12
commissioning,Wednesday,2,1410,right,85.336930,113.062460,0.000000,126.132736,12
commissioning,Wednesday,2,1425,left,133.755798,132.112893,117.293414,153.045778,12
commissioning,Wednesday,2,1425,right,119.112347,116.815041,98.795473,136.378985,12
commissioning,Thursday,3,0,left,107.293087,118.972475,107.983146,150.126034,15
commissioning,Thursday,3,0,right,98.975076,116.540608,52.629291,134.086182,15
commissioning,Thursday,3,15,left,103.403029,125.402036,119.398497,132.823244,15
commissioning,Thursday,3,15,right,107.117826,122.065313,113.242066,128.457194,15
commissioning,Thursday,3,30,left,104.630030,132.303767,119.613200,133.851894,15
commissioning,Thursday,3,30,right,103.635162,120.672415,55.969679,134.314704,15
commissioning,Thursday,3,45,left,111.947585,135.021537,109.091738,142.650624,15
commissioning,Thursday,3,45,right,109.455326,120.796816,59.664613,179.364797,15
commissioning,Thursday,3,60,left,81.386414,114.303546,0.000000,124.678450,15
commissioning,Thursday,3,60,right,100.798663,120.108302,56.294961,139.079070,15
commissioning,Thursday,3,75,left,63.830237,68.545175,0.000000,117.807698,15
commissioning,Thursday,3,75,right,99.162097,111.097037,48.415338,125.512978,15
commissioning,Thursday,3,90,left,97.269151,116.096953,53.317667,140.765559,15
commissioning,Thursday,3,90,right,113.697640,128.127633,108.014920,151.030900,15
commissioning,Thursday,3,105,left,88.946015,116.207311,0.000000,124.695315,15
commissioning,Thursday,3,105,right,77.938812,117.714145,0.000000,125.880577,15
commissioning,Thursday,3,120,left,72.977036,70.811757,0.000000,116.178427,15
commissioning,Thursday,3,120,right,110.425012,121.437773,112.202749,128.780758,15
commissioning,Thursday,3,135,left,99.357300,121.572230,108.674203,131.319447,15
commissioning,Thursday,3,135,right,109.350283,123.412923,118.439626,138.299498,15
commissioning,Thursday,3,150,left,66.553422,80.433351,0.000000,120.411838,15
commissioning,Thursday,3,150,right,107.184767,115.665623,111.766965,133.856653,15
commissioning,Thursday,3,165,left,59.397127,91.471966,0.000000,115.449654,15
commissioning,Thursday,3,165,right,75.606946,118.116849,0.000000,122.822041,15
commissioning,Thursday,3,180,left,67.056486,115.929131,0.000000,127.566721,15
commissioning,Thursday,3,180,right,78.638971,120.141078,0.000000,124.533972,15
commissioning,Thursday,3,195,left,91.477960,118.891422,0.000000,127.099643,15
commissioning,Thursday,3,195,right,83.885724,121.832972,0.000000,128.139790,15
commissioning,Thursday,3,210,left,57.916228,87.131326,0.000000,115.604085,15
commissioning,Thursday,3,210,right,78.617142,117.818717,0.000000,124.322479,15
commissioning,Thursday,3,225,left,46.113580,0.000000,0.000000,115.025663,15
commissioning,Thursday,3,225,right,79.700621,121.253062,0.000000,124.075670,15
commissioning,Thursday,3,240,left,51.025608,0.000000,0.000000,115.852491,15
commissioning,Thursday,3,240,right,68.480471,103.807204,0.000000,119.895860,15
commissioning,Thursday,3,255,left,69.094288,66.625071,0.000000,123.551969,15
commissioning,Thursday,3,255,right,79.003317,122.795567,0.000000,126.245606,15
commissioning,Thursday,3,270,left,78.493745,109.077739,0.000000,120.850676,15
commissioning,Thursday,3,270,right,78.647614,116.426344,0.000000,128.674003,15
commissioning,Thursday,3,285,left,81.511505,114.851272,0.000000,132.431241,15
commissioning,Thursday,3,285,right,82.211724,119.328149,0.000000,134.327704,15
commissioning,Thursday,3,300,left,66.307807,112.308315,0.000000,115.527936,15
commissioning,Thursday,3,300,right,76.744950,116.476412,0.000000,129.847682,15
commissioning,Thursday,3,315,left,67.902622,105.868051,0.000000,115.865210,15
commissioning,Thursday,3,315,right,74.171121,112.417835,0.000000,123.174798,15
commissioning,Thursday,3,330,left,66.744761,98.432131,0.000000,116.730953,15
commissioning,Thursday,3,330,right,74.923684,119.456200,0.000000,126.784471,15
commissioning,Thursday,3,345,left,76.033735,113.870478,0.000000,122.111100,15
commissioning,Thursday,3,345,right,79.283591,124.406159,0.000000,134.492967,15
commissioning,Thursday,3,360,left,69.926338,106.000463,0.000000,117.929807,15
commissioning,Thursday,3,360,right,76.807671,123.213885,0.000000,130.947981,15
commissioning,Thursday,3,375,left,72.021757,106.173180,0.000000,117.028657,15
commissioning,Thursday,3,375,right,73.181694,112.038831,0.000000,123.192203,15
commissioning,Thursday,3,390,left,73.239271,111.835195,0.000000,120.743389,15
commissioning,Thursday,3,390,right,76.224818,121.496357,0.000000,125.688368,15
commissioning,Thursday,3,405,left,84.770681,115.870475,0.000000,137.459075,15
commissioning,Thursday,3,405,right,76.556704,120.429052,0.000000,128.897251,15
commissioning,Thursday,3,420,left,89.065727,115.758169,40.901138,134.057810,15
commissioning,Thursday,3,420,right,81.065029,128.219075,0.000000,134.193951,15
commissioning,Thursday,3,435,left,84.729000,131.177552,0.000000,145.261343,15
commissioning,Thursday,3,435,right,82.006223,135.527330,0.000000,136.870350,15
commissioning,Thursday,3,450,left,95.779916,124.844519,57.345494,132.589669,15
commissioning,Thursday,3,450,right,106.418789,133.608805,120.500253,137.016236,15
commissioning,Thursday,3,465,left,89.583723,132.114072,0.000000,136.113144,15
commissioning,Thursday,3,465,right,98.709301,135.972352,62.585614,137.547769,15
commissioning,Thursday,3,480,left,78.926514,125.605601,0.000000,133.958579,15
commissioning,Thursday,3,480,right,79.193785,123.397761,0.000000,135.061195,15
commissioning,Thursday,3,495,left,91.733678,130.551125,0.000000,135.486302,15
commissioning,Thursday,3,495,right,93.194701,132.894530,0.000000,140.654297,15
commissioning,Thursday,3,510,left,108.172618,139.989679,64.880795,148.383186,15
commissioning,Thursday,3,510,right,102.633809,126.978134,62.344012,153.374057,15
commissioning,Thursday,3,525,left,79.641820,123.029547,0.000000,135.006041,15
commissioning,Thursday,3,525,right,81.154493,122.107504,0.000000,135.546465,15
commissioning,Thursday,3,540,left,83.812304,131.190070,0.000000,140.357570,15
commissioning,Thursday,3,540,right,80.112778,125.652295,0.000000,135.624343,15
commissioning,Thursday,3,555,left,81.188259,127.470996,0.000000,138.438122,15
commissioning,Thursday,3,555,right,81.261401,127.447078,0.000000,133.587791,15
commissioning,Thursday,3,570,left,85.179891,137.004473,0.000000,142.085607,15
commissioning,Thursday,3,570,right,81.056582,124.227970,0.000000,134.812760,15
commissioning,Thursday,3,585,left,80.540567,129.401471,0.000000,135.442574,15
commissioning,Thursday,3,585,right,82.164355,133.376648,0.000000,136.900749,15
commissioning,Thursday,3,600,left,83.463836,133.397870,0.000000,139.590921,15
commissioning,Thursday,3,600,right,82.268001,135.113155,0.000000,137.276994,15
commissioning,Thursday,3,615,left,80.778358,129.249267,0.000000,133.438262,15
commissioning,Thursday,3,615,right,113.789075,137.262770,133.379338,141.680428,15
commissioning,Thursday,3,630,left,80.379333,125.760391,0.000000,134.355572,15
commissioning,Thursday,3,630,right,94.992842,136.329804,0.000000,139.484094,15
commissioning,Thursday,3,645,left,91.476757,121.792852,49.141643,132.606865,15
commissioning,Thursday,3,645,right,116.247624,139.538342,133.662291,145.272819,15
commissioning,Thursday,3,660,left,100.003440,124.247257,116.013638,127.178291,15
commissioning,Thursday,3,660,right,111.820272,135.916308,132.660460,140.451712,15
commissioning,Thursday,3,675,left,103.828097,128.880720,116.097900,133.083703,15
commissioning,Thursday,3,675,right,108.022569,131.236502,129.609046,138.196153,15
commissioning,Thursday,3,690,left,105.260904,129.605759,122.938695,134.206991,15
commissioning,Thursday,3,690,right,108.293091,134.609789,132.353517,136.169571,15
commissioning,Thursday,3,705,left,103.954191,129.850645,118.228329,133.164436,15
commissioning,Thursday,3,705,right,109.025444,135.363210,133.748094,137.275362,15
commissioning,Thursday,3,720,left,108.257712,131.492468,127.382180,138.744416,15
commissioning,Thursday,3,720,right,110.955975,138.695913,134.189938,140.219143,15
commissioning,Thursday,3,735,left,108.560099,135.564885,125.198165,140.181058,15
commissioning,Thursday,3,735,right,111.284821,138.148664,133.678048,139.964498,15
commissioning,Thursday,3,750,left,108.902323,134.291545,129.902179,137.024500,15
commissioning,Thursday,3,750,right,107.871909,137.260423,116.039371,139.464936,15
commissioning,Thursday,3,765,left,108.772679,134.462948,126.377541,139.502963,15
commissioning,Thursday,3,765,right,108.345869,130.515360,120.297033,144.087506,15
commissioning,Thursday,3,780,left,110.400836,132.956176,127.455998,142.922364,15
commissioning,Thursday,3,780,right,107.025804,129.258591,121.367868,139.293073,15
commissioning,Thursday,3,795,left,105.858057,128.122217,125.531801,131.111133,15
commissioning,Thursday,3,795,right,104.136350,125.320757,120.769165,134.420040,15
commissioning,Thursday,3,810,left,104.814264,129.386721,122.022937,133.913978,15
commissioning,Thursday,3,810,right,109.282438,131.941877,130.373073,139.920093,15
commissioning,Thursday,3,825,left,102.436630,125.477033,118.846073,130.964106,15
commissioning,Thursday,3,825,right,106.400768,128.515237,122.778349,133.674336,15
commissioning,Thursday,3,840,left,107.694685,131.771932,125.332825,136.035681,15
commissioning,Thursday,3,840,right,102.036954,123.864682,117.125371,130.807986,15
commissioning,Thursday,3,855,left,106.429451,132.362871,126.230021,134.641658,15
commissioning,Thursday,3,855,right,102.536591,124.082869,114.712395,131.590776,15
commissioning,Thursday,3,870,left,105.187693,128.588770,121.915188,134.305336,15
commissioning,Thursday,3,870,right,104.615885,128.440461,126.599936,131.223209,15
commissioning,Thursday,3,885,left,109.792896,134.902981,123.770436,142.758545,15
commissioning,Thursday,3,885,right,106.403333,130.187891,127.746483,136.426733,15
commissioning,Thursday,3,900,left,109.892663,134.966810,131.447270,140.110024,15
commissioning,Thursday,3,900,right,107.565919,132.393857,124.415961,136.087041,15
commissioning,Thursday,3,915,left,110.509513,135.634581,132.228933,139.853287,15
commissioning,Thursday,3,915,right,102.825308,129.458137,112.197377,135.430545,15
commissioning,Thursday,3,930,left,110.447390,134.496906,132.479668,138.994651,15
commissioning,Thursday,3,930,right,104.932886,132.572839,115.138770,136.493453,15
commissioning,Thursday,3,945,left,107.789168,132.979966,123.792556,138.110827,15
commissioning,Thursday,3,945,right,104.543140,127.765542,118.522902,134.938406,15
commissioning,Thursday,3,960,left,103.174037,127.958756,117.622894,132.422663,15
commissioning,Thursday,3,960,right,103.574154,125.852410,118.700701,135.173988,15
commissioning,Thursday,3,975,left,105.737958,132.281925,122.060105,134.357899,15
commissioning,Thursday,3,975,right,103.865995,125.440442,119.561532,135.439301,15
commissioning,Thursday,3,990,left,102.460593,123.896204,117.612313,132.023552,15
commissioning,Thursday,3,990,right,104.684055,126.401025,121.236803,133.218063,15
commissioning,Thursday,3,1005,left,104.125731,126.083280,114.814508,135.197485,15
commissioning,Thursday,3,1005,right,104.870573,126.697999,121.729729,136.080778,15
commissioning,Thursday,3,1020,left,104.072344,128.543096,118.872700,133.716885,15
commissioning,Thursday,3,1020,right,103.883963,121.570222,117.415014,137.272473,15
commissioning,Thursday,3,1035,left,104.560007,128.077794,121.982150,134.333843,15
commissioning,Thursday,3,1035,right,102.014159,118.487154,116.306552,135.995634,15
commissioning,Thursday,3,1050,left,104.254245,130.346794,125.024576,131.468665,15
commissioning,Thursday,3,1050,right,103.660121,122.360526,119.193486,131.541135,15
commissioning,Thursday,3,1065,left,102.884566,126.688636,115.875412,132.847402,15
commissioning,Thursday,3,1065,right,106.613601,130.565219,120.373757,138.174718,15
commissioning,Thursday,3,1080,left,103.080238,128.471721,113.245778,131.682334,15
commissioning,Thursday,3,1080,right,105.627901,125.024951,117.903289,136.434247,15
commissioning,Thursday,3,1095,left,108.429749,131.989028,122.096937,134.308241,15
commissioning,Thursday,3,1095,right,108.870562,126.585069,120.286812,135.079621,15
commissioning,Thursday,3,1110,left,99.621355,120.291256,109.299696,126.575365,15
commissioning,Thursday,3,1110,right,107.605951,129.249423,123.856525,137.823847,15
commissioning,Thursday,3,1125,left,107.159337,128.777276,125.410947,139.695011,15
commissioning,Thursday,3,1125,right,103.109767,126.441837,109.169413,129.502038,15
commissioning,Thursday,3,1140,left,112.953322,136.018427,125.344721,143.059357,15
commissioning,Thursday,3,1140,right,106.500827,128.471420,124.075638,135.711985,15
commissioning,Thursday,3,1155,left,109.968964,133.252276,127.376188,139.944196,15
commissioning,Thursday,3,1155,right,107.835487,131.085808,121.235497,138.957155,15
commissioning,Thursday,3,1170,left,110.419188,132.161129,109.078922,140.394292,15
commissioning,Thursday,3,1170,right,107.616903,128.250075,121.036642,135.850196,15
commissioning,Thursday,3,1185,left,90.684842,114.569222,51.931394,128.533046,15
commissioning,Thursday,3,1185,right,86.882738,116.659098,0.000000,125.234666,15
commissioning,Thursday,3,1200,left,92.480443,112.114137,103.033483,116.429998,15
commissioning,Thursday,3,1200,right,100.649594,117.725895,103.911793,120.628805,15
commissioning,Thursday,3,1215,left,98.376049,122.028354,100.618669,129.848631,15
commissioning,Thursday,3,1215,right,82.641623,107.458592,37.944863,112.816224,15
commissioning,Thursday,3,1230,left,98.367474,115.678792,98.710080,135.047521,15
commissioning,Thursday,3,1230,right,97.586488,121.005231,53.418277,126.314335,15
commissioning,Thursday,3,1245,left,81.001165,100.928168,69.218884,112.818353,15
commissioning,Thursday,3,1245,right,97.810560,121.972730,52.455444,142.682669,15
commissioning,Thursday,3,1260,left,90.475514,109.774162,79.846889,126.221492,15
commissioning,Thursday,3,1260,right,103.167593,113.576770,107.435010,143.939391,15
commissioning,Thursday,3,1275,left,81.852565,97.755470,60.785135,110.635493,15
commissioning,Thursday,3,1275,right,104.426844,112.036149,100.530411,127.519788,15
commissioning,Thursday,3,1290,left,89.794819,109.540859,64.156649,115.375566,15
commissioning,Thursday,3,1290,right,120.241772,120.984032,113.652550,125.051601,15
commissioning,Thursday,3,1305,left,101.941647,117.569790,113.902831,136.483130,15
commissioning,Thursday,3,1305,right,118.757715,116.139468,115.198023,124.121055,15
commissioning,Thursday,3,1320,left,98.194005,111.395965,102.104919,121.394979,15
commissioning,Thursday,3,1320,right,89.544808,111.947602,88.339714,120.643496,15
commissioning,Thursday,3,1335,left,83.175063,105.350702,23.888743,113.181905,15
commissioning,Thursday,3,1335,right,93.004724,107.087862,74.229881,112.131003,15
commissioning,Thursday,3,1350,left,86.269292,105.694111,49.459431,116.376736,15
commissioning,Thursday,3,1350,right,130.141996,117.644173,108.359670,180.091672,15
commissioning,Thursday,3,1365,left,97.403335,108.361717,91.810434,114.832206,15
commissioning,Thursday,3,1365,right,105.087846,117.523869,105.611581,149.389785,15
commissioning,Thursday,3,1380,left,117.410140,118.742670,106.074117,123.722163,15
commissioning,Thursday,3,1380,right,124.388067,127.602326,107.028431,149.176378,15
commissioning,Thursday,3,1395,left,112.530930,118.605811,107.254281,130.983123,15
commissioning,Thursday,3,1395,right,140.463224,135.863648,120.063975,162.752528,15
commissioning,Thursday,3,1410,left,92.873504,113.176529,95.237090,120.927281,15
commissioning,Thursday,3,1410,right,109.157873,113.851315,108.405346,122.053581,15
commissioning,Thursday,3,1425,left,120.710424,125.494832,109.383617,145.136436,15
commissioning,Thursday,3,1425,right,95.260557,109.252385,43.900817,130.287421,15
commissioning,Friday,4,0,left,117.153782,126.909456,107.445084,140.308022,12
commissioning,Friday,4,0,right,90.963289,105.538866,0.000000,146.349837,12
commissioning,Friday,4,15,left,125.782836,124.006986,121.760074,130.354237,12
commissioning,Friday,4,15,right,106.474121,112.222212,71.150225,179.289302,12
commissioning,Friday,4,30,left,135.168977,134.000896,129.386841,140.284568,12
commissioning,Friday,4,30,right,95.829302,115.317490,83.296238,138.580749,12
commissioning,Friday,4,45,left,142.699955,138.398837,132.328309,151.665197,12
commissioning,Friday,4,45,right,86.419818,102.004474,83.274020,111.241768,12
commissioning,Friday,4,60,left,136.415124,137.723467,126.660641,144.129734,12
commissioning,Friday,4,60,right,130.415554,117.488057,110.460666,134.772334,12
commissioning,Friday,4,75,left,111.490293,121.323482,102.692540,134.786944,12
commissioning,Friday,4,75,right,108.170660,133.550124,89.231617,151.756753,12
commissioning,Friday,4,90,left,97.029589,113.796563,86.200737,130.958215,12
commissioning,Friday,4,90,right,117.409757,119.979793,111.683648,174.002962,12
commissioning,Friday,4,105,left,67.091825,77.070135,0.000000,110.000024,12
commissioning,Friday,4,105,right,65.598466,102.557696,0.000000,114.534794,12
commissioning,Friday,4,120,left,105.607199,128.188086,87.471269,138.895376,12
commissioning,Friday,4,120,right,119.945256,124.295767,111.334419,134.633679,12
commissioning,Friday,4,135,left,92.000480,98.971118,60.081567,123.742404,12
commissioning,Friday,4,135,right,130.720642,116.571573,109.745429,141.810338,12
commissioning,Friday,4,150,left,66.910513,92.788944,0.000000,98.228517,12
commissioning,Friday,4,150,right,105.298282,134.157196,80.288771,148.608491,12
commissioning,Friday,4,165,left,128.370631,122.091736,103.237062,160.541868,12
commissioning,Friday,4,165,right,128.174565,129.281221,115.149469,150.609587,12
commissioning,Friday,4,180,left,113.199244,107.553153,103.950583,126.733278,12
commissioning,Friday,4,180,right,104.859721,106.696261,98.077791,134.360350,12
commissioning,Friday,4,195,left,78.348039,106.254737,0.000000,109.807503,12
commissioning,Friday,4,195,right,87.186513,113.246406,74.338548,122.068937,12
commissioning,Friday,4,210,left,105.258896,113.331562,98.972799,133.540066,12
commissioning,Friday,4,210,right,105.390603,120.836695,108.793599,131.591583,12
commissioning,Friday,4,225,left,108.795412,106.334408,102.992671,110.161662,12
commissioning,Friday,4,225,right,118.821799,115.477578,107.502669,123.145286,12
commissioning,Friday,4,240,left,109.329395,107.030300,103.230949,133.071579,12
commissioning,Friday,4,240,right,107.954085,111.262125,103.461543,127.466221,12
commissioning,Friday,4,255,left,106.469521,110.663698,66.990680,165.174663,12
commissioning,Friday,4,255,right,105.874636,129.904675,85.639931,153.623001,12
commissioning,Friday,4,270,left,121.388171,132.842843,114.113044,148.325914,12
commissioning,Friday,4,270,right,120.441000,125.389899,104.934681,147.684597,12
commissioning,Friday,4,285,left,112.687246,120.875947,100.943422,133.740848,12
commissioning,Friday,4,285,right,141.085933,146.669977,114.410465,157.052156,12
commissioning,Friday,4,300,left,124.190745,133.952633,119.691885,142.762081,12
commissioning,Friday,4,300,right,143.593311,146.208172,122.213472,156.307420,12
commissioning,Friday,4,315,left,133.003504,133.572892,121.222441,148.057057,12
commissioning,Friday,4,315,right,130.261696,133.637939,123.754727,139.407803,12
commissioning,Friday,4,330,left,124.583358,131.191305,120.014437,147.014289,12
commissioning,Friday,4,330,right,138.183829,139.694587,136.340218,142.384699,12
commissioning,Friday,4,345,left,122.409506,118.206017,105.151913,129.549523,12
commissioning,Friday,4,345,right,134.207829,136.599002,127.896761,143.220918,12
commissioning,Friday,4,360,left,133.259011,129.497123,122.147392,136.316593,12
commissioning,Friday,4,360,right,132.207104,134.149070,127.766148,143.580726,12
commissioning,Friday,4,375,left,123.535285,121.985680,102.755377,133.593527,12
commissioning,Friday,4,375,right,132.083820,138.069545,122.731866,140.945385,12
commissioning,Friday,4,390,left,127.185647,126.402273,121.036629,132.802892,12
commissioning,Friday,4,390,right,134.309128,133.864953,128.588769,138.213857,12
commissioning,Friday,4,405,left,116.137449,118.585923,110.844859,124.382209,12
commissioning,Friday,4,405,right,133.975898,135.877057,129.868833,140.088089,12
commissioning,Friday,4,420,left,127.174438,131.823258,118.685925,135.487445,12
commissioning,Friday,4,420,right,129.536359,130.879773,127.139550,132.380429,12
commissioning,Friday,4,435,left,138.898525,138.309428,135.219923,143.708758,12
commissioning,Friday,4,435,right,131.764940,131.138399,128.875712,136.569603,12
commissioning,Friday,4,450,left,127.089208,128.198025,120.684915,132.264171,12
commissioning,Friday,4,450,right,136.503193,132.227780,128.871918,140.698860,12
commissioning,Friday,4,465,left,143.021996,142.982318,137.079033,146.912865,12
commissioning,Friday,4,465,right,133.819428,135.578872,126.036749,144.318608,12
commissioning,Friday,4,480,left,132.697414,132.976154,127.060558,136.272421,12
commissioning,Friday,4,480,right,141.047211,140.524352,136.751390,148.811604,12
commissioning,Friday,4,495,left,134.675490,134.081055,128.579049,141.729634,12
commissioning,Friday,4,495,right,141.662966,141.854858,136.712813,147.368509,12
commissioning,Friday,4,510,left,131.570593,132.068027,126.041887,139.518930,12
commissioning,Friday,4,510,right,137.736342,136.028665,133.404504,140.588939,12
commissioning,Friday,4,525,left,128.572850,129.306360,126.299182,131.975925,12
commissioning,Friday,4,525,right,135.160937,137.613177,132.104721,141.351566,12
commissioning,Friday,4,540,left,128.074556,129.973029,123.359139,132.193059,12
commissioning,Friday,4,540,right,134.084728,138.162792,130.586162,142.944418,12
commissioning,Friday,4,555,left,130.017674,130.355816,127.200130,136.220194,12
commissioning,Friday,4,555,right,129.595107,131.049712,126.293638,136.591932,12
commissioning,Friday,4,570,left,133.105158,132.878177,130.701423,137.276095,12
commissioning,Friday,4,570,right,137.172702,137.829550,131.835056,141.189538,12
commissioning,Friday,4,585,left,131.820380,132.743585,130.239870,136.873981,12
commissioning,Friday,4,585,right,137.318137,139.967164,132.163037,141.758968,12
commissioning,Friday,4,600,left,129.631010,130.585327,124.029838,135.720888,12
commissioning,Friday,4,600,right,137.367497,138.225163,131.661104,143.396303,12
commissioning,Friday,4,615,left,130.059395,131.087150,125.146822,137.794141,12
commissioning,Friday,4,615,right,130.773690,134.182233,124.272076,138.268706,12
commissioning,Friday,4,630,left,131.924607,131.611552,127.125936,135.133086,12
commissioning,Friday,4,630,right,130.858503,131.976015,125.711918,139.754433,12
commissioning,Friday,4,645,left,134.682592,135.049479,131.257555,139.406022,12
commissioning,Friday,4,645,right,132.952901,134.540505,131.070592,138.982116,12
commissioning,Friday,4,660,left,130.660087,132.157802,123.954473,137.137959,12
commissioning,Friday,4,660,right,136.350968,136.934441,132.883071,140.461741,12
commissioning,Friday,4,675,left,129.434450,135.006096,118.571659,137.622965,12
commissioning,Friday,4,675,right,131.628045,133.470403,127.503831,138.290611,12
commissioning,Friday,4,690,left,127.748710,132.318807,124.523882,134.644143,11
commissioning,Friday,4,690,right,130.855178,135.661120,120.907079,141.220586,11
commissioning,Friday,4,705,left,130.942499,132.796847,128.295161,136.473082,12
commissioning,Friday,4,705,right,132.674551,136.979706,132.254066,138.419601,12
commissioning,Friday,4,720,left,126.348538,130.704414,124.445822,132.728674,12
commissioning,Friday,4,720,right,135.428449,136.416686,132.253765,138.087560,12
commissioning,Friday,4,735,left,130.702181,128.996019,127.231299,137.795879,12
commissioning,Friday,4,735,right,131.273656,132.467217,128.874372,136.634133,12
commissioning,Friday,4,750,left,133.502055,131.974821,129.080658,137.912035,12
commissioning,Friday,4,750,right,130.024341,129.839635,125.272037,136.959450,12
commissioning,Friday,4,765,left,136.225386,138.515206,129.396306,140.576737,12
commissioning,Friday,4,765,right,130.468912,127.596772,126.014299,137.400618,12
commissioning,Friday,4,780,left,132.655774,136.498839,128.351740,137.673402,12
commissioning,Friday,4,780,right,129.610794,129.929200,122.720600,136.862784,12
commissioning,Friday,4,795,left,135.291554,134.951296,132.703623,139.034208,12
commissioning,Friday,4,795,right,125.681982,122.952352,120.702654,127.767062,12
commissioning,Friday,4,810,left,134.837311,136.514295,130.258910,140.699917,12
commissioning,Friday,4,810,right,130.343630,131.290127,125.218599,136.089153,12
commissioning,Friday,4,825,left,131.934832,130.162334,126.918883,135.532540,12
commissioning,Friday,4,825,right,135.328560,134.267420,132.696914,138.815306,12
commissioning,Friday,4,840,left,133.376885,134.678291,129.632345,137.711473,12
commissioning,Friday,4,840,right,129.411219,130.744725,124.064596,135.371270,12
commissioning,Friday,4,855,left,131.838265,130.668514,127.179004,136.673633,12
commissioning,Friday,4,855,right,132.899846,133.036390,130.669696,135.776755,12
commissioning,Friday,4,870,left,133.385463,132.902207,131.539656,134.968230,12
commissioning,Friday,4,870,right,134.830624,135.575492,132.332929,138.442541,12
commissioning,Friday,4,885,left,131.158477,130.950383,129.765337,133.788378,12
commissioning,Friday,4,885,right,136.377283,135.264448,131.930185,139.400191,12
commissioning,Friday,4,900,left,134.709466,135.068110,132.111398,138.445736,12
commissioning,Friday,4,900,right,133.359395,132.733196,129.074277,136.938512,12
commissioning,Friday,4,915,left,130.816911,131.330848,128.931540,135.039021,12
commissioning,Friday,4,915,right,134.265735,131.653201,127.469179,140.679950,12
commissioning,Friday,4,930,left,130.813527,130.334041,126.726301,135.720425,12
commissioning,Friday,4,930,right,132.254551,131.733364,129.415882,134.895331,12
commissioning,Friday,4,945,left,135.842380,135.191702,133.477029,139.157419,11
commissioning,Friday,4,945,right,130.452177,129.522023,128.254329,131.014374,11
commissioning,Friday,4,960,left,132.187451,130.520115,127.319238,137.064721,12
commissioning,Friday,4,960,right,128.193189,126.886514,125.789952,129.912056,12
commissioning,Friday,4,975,left,130.613176,128.609369,127.505136,134.914050,12
commissioning,Friday,4,975,right,127.715169,126.193828,124.610602,130.265087,12
commissioning,Friday,4,990,left,129.512995,125.885249,124.903909,132.288267,12
commissioning,Friday,4,990,right,128.982143,128.434852,124.692361,131.256979,12
commissioning,Friday,4,1005,left,130.335973,128.701482,123.097979,137.474748,12
commissioning,Friday,4,1005,right,127.350401,126.395264,124.307109,131.180603,12
commissioning,Friday,4,1020,left,133.011911,131.867863,130.080907,136.937151,12
commissioning,Friday,4,1020,right,126.909897,128.428755,123.729881,129.240445,12
commissioning,Friday,4,1035,left,137.786168,135.767535,133.493194,140.172752,12
commissioning,Friday,4,1035,right,123.519403,124.089558,121.916257,125.342821,12
commissioning,Friday,4,1050,left,129.881804,130.181534,126.733069,133.752750,12
commissioning,Friday,4,1050,right,124.128554,124.509660,122.849906,125.619013,12
commissioning,Friday,4,1065,left,133.029349,132.081513,130.220333,137.225759,12
commissioning,Friday,4,1065,right,125.396402,125.324411,123.019176,126.836421,12
commissioning,Friday,4,1080,left,131.878961,130.824562,127.149055,138.426549,12
commissioning,Friday,4,1080,right,132.904215,129.716428,125.022252,137.401386,12
commissioning,Friday,4,1095,left,106.272081,125.423072,116.469985,133.138601,12
commissioning,Friday,4,1095,right,137.939993,137.220191,126.312886,148.901611,12
commissioning,Friday,4,1110,left,95.071543,129.897721,67.788167,135.573519,12
commissioning,Friday,4,1110,right,138.493066,135.693287,131.032060,148.017024,12
commissioning,Friday,4,1125,left,99.650841,128.277597,54.045962,133.328075,12
commissioning,Friday,4,1125,right,138.687308,137.290915,126.323960,151.665694,12
commissioning,Friday,4,1140,left,119.681644,127.757678,109.028102,153.601436,12
commissioning,Friday,4,1140,right,136.500071,136.364990,127.016493,145.199603,12
commissioning,Friday,4,1155,left,143.608007,143.723676,125.643219,156.666986,11
commissioning,Friday,4,1155,right,120.040474,134.632305,113.999727,141.780695,11
commissioning,Friday,4,1170,left,103.498573,121.765124,102.491652,130.170657,12
commissioning,Friday,4,1170,right,131.848468,131.500388,122.935613,146.457237,12
commissioning,Friday,4,1185,left,106.981982,105.746120,92.527347,136.383393,12
commissioning,Friday,4,1185,right,126.522730,115.767270,110.218897,130.552488,12
commissioning,Friday,4,1200,left,127.375766,134.086060,106.657401,142.994029,12
commissioning,Friday,4,1200,right,107.085654,119.697281,108.092507,125.190535,12
commissioning,Friday,4,1215,left,113.077198,136.032781,109.424605,146.182146,12
commissioning,Friday,4,1215,right,127.710217,122.470887,118.507842,132.315464,12
commissioning,Friday,4,1230,left,84.101252,91.977997,48.255750,133.360068,12
commissioning,Friday,4,1230,right,107.020437,120.211460,119.073795,126.240130,12
commissioning,Friday,4,1245,left,92.107611,115.985632,73.073628,130.807649,12
commissioning,Friday,4,1245,right,119.284633,129.563205,117.125157,138.599108,12
commissioning,Friday,4,1260,left,127.428961,133.113675,121.518350,149.900714,12
commissioning,Friday,4,1260,right,110.371168,126.752451,110.873749,135.705850,12
commissioning,Friday,4,1275,left,105.977262,113.991241,91.319070,143.607705,12
commissioning,Friday,4,1275,right,136.236063,136.639950,124.089817,144.359788,12
commissioning,Friday,4,1290,left,73.569862,94.675427,0.000000,122.621845,12
commissioning,Friday,4,1290,right,142.226760,139.498009,127.721913,144.954904,12
commissioning,Friday,4,1305,left,109.147288,125.028670,77.442924,170.491651,12
commissioning,Friday,4,1305,right,100.174187,123.929219,99.272397,130.573010,12
commissioning,Friday,4,1320,left,86.379175,108.987950,0.000000,126.429182,12
commissioning,Friday,4,1320,right,113.719810,119.078939,97.044772,129.089656,12
commissioning,Friday,4,1335,left,66.571164,42.997168,0.000000,115.951589,12
commissioning,Friday,4,1335,right,134.205656,136.669439,122.156460,142.486085,12
commissioning,Friday,4,1350,left,113.347339,122.127705,108.346132,132.916466,12
commissioning,Friday,4,1350,right,120.528996,128.056544,111.109466,140.451102,12
commissioning,Friday,4,1365,left,77.675896,105.429122,0.000000,117.922308,12
commissioning,Friday,4,1365,right,95.628881,110.949740,92.361007,115.644837,12
commissioning,Friday,4,1380,left,110.819719,113.037561,95.268677,119.718264,12
commissioning,Friday,4,1380,right,97.249456,104.554139,70.767106,122.059661,12
commissioning,Friday,4,1395,left,115.187963,112.975238,107.899302,132.081194,12
commissioning,Friday,4,1395,right,102.999482,129.762725,94.424670,139.984374,12
commissioning,Friday,4,1410,left,51.880947,0.000000,0.000000,115.937766,12
commissioning,Friday,4,1410,right,130.056317,125.316720,120.441061,163.708247,12
commissioning,Friday,4,1425,left,72.496771,84.300728,39.684533,116.642578,12
commissioning,Friday,4,1425,right,108.780487,119.518818,88.489426,141.913653,12
commissioning,Saturday,5,0,left,46.005335,0.000000,0.000000,113.300937,12
commissioning,Saturday,5,0,right,99.322298,125.057159,81.401621,131.886525,12
commissioning,Saturday,5,15,left,134.200343,129.015079,113.005113,142.481713,12
commissioning,Saturday,5,15,right,108.381273,132.526066,91.671940,155.565071,12
commissioning,Saturday,5,30,left,133.087727,145.041878,124.633419,156.589549,12
commissioning,Saturday,5,30,right,102.418789,119.841283,83.104311,147.501619,12
commissioning,Saturday,5,45,left,113.626817,112.345662,109.949290,142.845055,12
commissioning,Saturday,5,45,right,94.246595,119.435329,80.040060,123.231307,12
commissioning,Saturday,5,60,left,77.764301,118.259281,0.000000,127.124439,12
commissioning,Saturday,5,60,right,70.582200,106.278340,0.000000,122.988882,12
commissioning,Saturday,5,75,left,61.419290,52.709773,0.000000,125.972869,12
commissioning,Saturday,5,75,right,51.804995,0.000000,0.000000,119.904823,12
commissioning,Saturday,5,90,left,55.725103,26.354887,0.000000,117.461783,12
commissioning,Saturday,5,90,right,85.115161,99.258600,0.000000,132.970059,12
commissioning,Saturday,5,105,left,82.898102,120.874109,0.000000,123.219189,12
commissioning,Saturday,5,105,right,124.736761,141.160992,120.368017,165.296710,12
commissioning,Saturday,5,120,left,85.992826,125.868047,0.000000,134.167446,12
commissioning,Saturday,5,120,right,101.312190,112.566013,80.834004,149.494922,12
commissioning,Saturday,5,135,left,122.044097,110.560232,110.129138,142.099118,12
commissioning,Saturday,5,135,right,127.085614,137.629963,124.977197,151.245281,12
commissioning,Saturday,5,150,left,102.512455,112.828661,52.515199,146.616498,12
commissioning,Saturday,5,150,right,114.980470,130.146926,124.155705,145.247098,12
commissioning,Saturday,5,165,left,61.157956,54.519242,0.000000,115.418768,12
commissioning,Saturday,5,165,right,124.425644,137.044407,111.574652,164.733060,12
commissioning,Saturday,5,180,left,82.873731,103.578765,38.777808,122.727007,12
commissioning,Saturday,5,180,right,152.274224,154.821736,120.118492,182.381587,12
commissioning,Saturday,5,195,left,67.813889,94.411427,0.000000,108.902491,12
commissioning,Saturday,5,195,right,87.683493,121.690090,0.000000,125.558093,12
commissioning,Saturday,5,210,left,52.235113,44.488906,0.000000,95.309606,12
commissioning,Saturday,5,210,right,61.685202,56.135239,0.000000,123.832651,12
commissioning,Saturday,5,225,left,95.642830,117.438684,0.000000,151.076410,12
commissioning,Saturday,5,225,right,99.869297,119.230041,94.011372,132.797851,12
commissioning,Saturday,5,240,left,131.996191,121.030170,110.007714,140.546903,12
commissioning,Saturday,5,240,right,129.351628,130.629770,119.262509,140.951276,12
commissioning,Saturday,5,255,left,82.372958,103.088040,60.544697,116.668376,12
commissioning,Saturday,5,255,right,111.809223,119.227148,110.067455,151.228084,12
commissioning,Saturday,5,270,left,55.511397,0.000000,0.000000,126.793539,12
commissioning,Saturday,5,270,right,123.002486,122.782984,113.560231,133.906601,12
commissioning,Saturday,5,285,left,94.677597,121.866935,40.764773,131.927702,12
commissioning,Saturday,5,285,right,116.845874,119.347371,104.645834,137.616356,12
commissioning,Saturday,5,300,left,85.073439,91.325437,59.734076,130.652859,12
commissioning,Saturday,5,300,right,101.338404,116.998194,95.889809,129.880924,12
commissioning,Saturday,5,315,left,94.488069,115.064188,75.953026,131.480322,12
commissioning,Saturday,5,315,right,129.597834,130.346682,104.231348,163.213938,12
commissioning,Saturday,5,330,left,121.917692,131.513200,114.174459,159.039054,12
commissioning,Saturday,5,330,right,141.018781,132.465145,125.228471,149.410173,12
commissioning,Saturday,5,345,left,117.856082,142.278925,105.547939,161.049179,12
commissioning,Saturday,5,345,right,144.388177,136.442370,122.074000,166.461182,12
commissioning,Saturday,5,360,left,106.355265,115.975615,99.120820,132.704692,12
commissioning,Saturday,5,360,right,130.652174,126.052940,109.860642,145.299588,12
commissioning,Saturday,5,375,left,146.320907,132.094539,124.244876,164.869817,12
commissioning,Saturday,5,375,right,137.856972,135.590567,120.322790,148.238804,12
commissioning,Saturday,5,390,left,124.438922,123.318027,118.247946,132.604073,12
commissioning,Saturday,5,390,right,128.693638,126.550332,117.053981,143.476770,12
commissioning,Saturday,5,405,left,133.335585,131.968057,126.906033,136.529146,12
commissioning,Saturday,5,405,right,125.867501,124.739983,121.666709,130.949124,12
commissioning,Saturday,5,420,left,135.537393,132.590048,130.621291,142.371971,12
commissioning,Saturday,5,420,right,130.916942,130.718350,126.359637,135.945329,12
commissioning,Saturday,5,435,left,138.830005,140.759407,130.119433,146.631165,12
commissioning,Saturday,5,435,right,135.751899,132.263465,126.945880,138.902153,12
commissioning,Saturday,5,450,left,121.994211,128.131448,123.604396,144.164320,12
commissioning,Saturday,5,450,right,132.408030,130.501218,123.398882,139.611757,12
commissioning,Saturday,5,465,left,130.544940,132.032533,130.278900,133.582323,12
commissioning,Saturday,5,465,right,131.384480,128.481608,121.424383,137.411956,12
commissioning,Saturday,5,480,left,133.020518,130.279678,129.055007,137.606537,12
commissioning,Saturday,5,480,right,134.920482,136.544693,131.307513,142.658903,12
commissioning,Saturday,5,495,left,134.716401,130.906737,130.029008,143.197411,12
commissioning,Saturday,5,495,right,136.692496,137.851968,131.920130,140.713730,12
commissioning,Saturday,5,510,left,129.159870,129.165996,123.095348,133.315423,12
commissioning,Saturday,5,510,right,129.203754,128.250354,121.841264,134.941249,12
commissioning,Saturday,5,525,left,131.535618,128.790390,123.202453,137.872668,12
commissioning,Saturday,5,525,right,131.174866,129.355159,128.255819,132.194840,12
commissioning,Saturday,5,540,left,131.250963,134.116180,127.221206,137.049983,12
commissioning,Saturday,5,540,right,127.857427,127.766697,124.383990,130.809664,12
commissioning,Saturday,5,555,left,129.801981,132.792364,122.440170,137.727958,12
commissioning,Saturday,5,555,right,124.121115,124.454261,123.190187,126.576003,12
commissioning,Saturday,5,570,left,135.353783,133.212136,128.074814,140.659953,12
commissioning,Saturday,5,570,right,122.593159,122.851235,116.954842,130.267905,12
commissioning,Saturday,5,585,left,127.340047,130.053731,121.392913,134.370828,12
commissioning,Saturday,5,585,right,129.424081,133.028017,127.067913,136.655719,12
commissioning,Saturday,5,600,left,134.582600,134.896103,128.007833,143.006519,12
commissioning,Saturday,5,600,right,134.990051,132.422714,131.239124,136.416410,12
commissioning,Saturday,5,615,left,133.748337,132.999871,131.489531,135.999776,12
commissioning,Saturday,5,615,right,129.865031,131.781394,123.414369,136.219787,12
commissioning,Saturday,5,630,left,129.306618,130.285570,123.171458,136.251162,12
commissioning,Saturday,5,630,right,131.809296,135.514783,124.804597,139.524315,12
commissioning,Saturday,5,645,left,136.131018,134.480983,130.007712,139.625889,12
commissioning,Saturday,5,645,right,133.977632,133.059491,130.396840,138.510243,12
commissioning,Saturday,5,660,left,127.871632,126.151323,120.958587,133.555278,12
commissioning,Saturday,5,660,right,136.646856,136.394267,133.994150,138.619695,12
commissioning,Saturday,5,675,left,131.374718,130.314545,127.680560,134.959737,12
commissioning,Saturday,5,675,right,135.095804,134.877573,132.444220,137.180838,12
commissioning,Saturday,5,690,left,128.135493,126.769233,124.327112,133.717195,12
commissioning,Saturday,5,690,right,131.974994,132.046414,129.017431,134.853050,12
commissioning,Saturday,5,705,left,130.161762,130.587660,120.671302,136.439280,12
commissioning,Saturday,5,705,right,136.631178,135.970940,134.398808,138.633960,12
commissioning,Saturday,5,720,left,138.236785,139.960272,132.771692,143.691246,12
commissioning,Saturday,5,720,right,138.268175,136.973179,135.029782,141.911207,12
commissioning,Saturday,5,735,left,139.855840,141.079412,135.022062,145.365657,12
commissioning,Saturday,5,735,right,134.918928,134.977721,131.618165,137.661826,12
commissioning,Saturday,5,750,left,137.217115,137.096329,133.644302,140.687508,12
commissioning,Saturday,5,750,right,136.179971,136.062493,134.081866,138.059902,12
commissioning,Saturday,5,765,left,131.254141,131.970902,125.594051,138.256717,12
commissioning,Saturday,5,765,right,135.920477,137.192106,131.950271,139.632536,12
commissioning,Saturday,5,780,left,134.683322,134.350231,124.698795,146.797345,12
commissioning,Saturday,5,780,right,133.214369,132.374842,124.412413,141.551191,12
commissioning,Saturday,5,795,left,131.990867,133.548005,127.153886,140.208388,12
commissioning,Saturday,5,795,right,130.343356,128.422496,122.849418,136.489309,12
commissioning,Saturday,5,810,left,129.474258,129.743911,127.176174,134.161194,12
commissioning,Saturday,5,810,right,130.042876,128.443030,123.375384,136.582572,12
commissioning,Saturday,5,825,left,131.961496,129.105303,127.924020,138.656252,12
commissioning,Saturday,5,825,right,128.944083,128.589798,121.494801,133.597928,12
commissioning,Saturday,5,840,left,129.759238,127.169057,124.618042,131.537688,12
commissioning,Saturday,5,840,right,128.901313,127.166909,121.448234,136.528283,12
commissioning,Saturday,5,855,left,131.393008,132.015129,126.999107,133.933909,12
commissioning,Saturday,5,855,right,129.124826,130.698993,121.796589,137.349428,12
commissioning,Saturday,5,870,left,134.312708,135.705077,127.001029,139.426452,12
commissioning,Saturday,5,870,right,130.637437,130.307111,124.434087,137.457448,12
commissioning,Saturday,5,885,left,132.477480,136.676210,127.026126,139.427354,12
commissioning,Saturday,5,885,right,134.951421,135.362894,128.739712,139.364150,12
commissioning,Saturday,5,900,left,128.359894,126.750665,123.066532,131.505521,12
commissioning,Saturday,5,900,right,135.748140,132.269348,130.813986,137.544839,12
commissioning,Saturday,5,915,left,130.843536,130.065098,129.227585,131.530771,12
commissioning,Saturday,5,915,right,134.927600,132.044769,130.665903,136.538590,12
commissioning,Saturday,5,930,left,136.822013,136.740091,129.829083,142.712928,12
commissioning,Saturday,5,930,right,131.616046,129.933333,127.931296,134.382649,12
commissioning,Saturday,5,945,left,137.205258,137.837519,133.515980,141.080013,12
commissioning,Saturday,5,945,right,133.616476,131.468218,128.997207,135.628473,12
commissioning,Saturday,5,960,left,137.822236,137.729960,135.747569,140.825694,12
commissioning,Saturday,5,960,right,131.412844,128.700234,126.718393,133.562758,12
commissioning,Saturday,5,975,left,131.247061,129.948720,125.159614,139.269746,12
commissioning,Saturday,5,975,right,129.736863,126.836808,124.155578,133.486752,12
commissioning,Saturday,5,990,left,130.319107,131.274159,127.822326,135.000883,12
commissioning,Saturday,5,990,right,128.537714,125.443653,118.090908,135.851702,12
commissioning,Saturday,5,1005,left,129.092482,129.543266,124.979425,133.215896,12
commissioning,Saturday,5,1005,right,127.456326,124.952417,118.429202,134.847009,12
commissioning,Saturday,5,1020,left,126.830908,126.920523,122.148622,133.516197,12
commissioning,Saturday,5,1020,right,126.454741,126.698366,121.540587,131.010799,12
commissioning,Saturday,5,1035,left,128.428603,130.181118,124.649837,134.829999,12
commissioning,Saturday,5,1035,right,126.033596,125.164141,121.939912,127.439457,12
commissioning,Saturday,5,1050,left,134.650853,132.466140,126.850070,139.812904,12
commissioning,Saturday,5,1050,right,129.301705,128.568915,124.290148,130.893795,12
commissioning,Saturday,5,1065,left,130.634124,125.506259,123.801094,138.546593,12
commissioning,Saturday,5,1065,right,133.486656,130.405275,126.749669,137.008137,12
commissioning,Saturday,5,1080,left,139.473406,135.504422,132.805120,139.372003,12
commissioning,Saturday,5,1080,right,135.177918,131.968994,126.063233,140.864977,12
commissioning,Saturday,5,1095,left,113.056906,135.462032,122.960062,137.364813,12
commissioning,Saturday,5,1095,right,132.539383,133.482438,126.934022,144.311923,12
commissioning,Saturday,5,1110,left,108.465859,128.237741,89.770039,136.291499,12
commissioning,Saturday,5,1110,right,139.688191,136.500339,131.081209,146.130876,12
commissioning,Saturday,5,1125,left,137.386194,140.086583,131.861527,157.755825,12
commissioning,Saturday,5,1125,right,141.043222,141.083329,136.493891,145.116546,12
commissioning,Saturday,5,1140,left,121.863980,127.578455,112.597797,132.080173,12
commissioning,Saturday,5,1140,right,137.042093,136.975695,129.771821,138.505386,12
commissioning,Saturday,5,1155,left,128.186029,135.506214,99.724646,143.491244,12
commissioning,Saturday,5,1155,right,135.509394,133.806978,128.945666,141.523986,12
commissioning,Saturday,5,1170,left,133.595153,146.751828,129.199242,150.737279,12
commissioning,Saturday,5,1170,right,134.538634,133.037015,128.558595,140.199221,12
commissioning,Saturday,5,1185,left,119.182774,126.729759,108.722820,134.882023,12
commissioning,Saturday,5,1185,right,141.843254,140.523315,135.733795,141.896391,12
commissioning,Saturday,5,1200,left,97.034739,114.546772,75.377194,140.606969,12
commissioning,Saturday,5,1200,right,144.174859,140.821114,136.284465,151.483945,12
commissioning,Saturday,5,1215,left,121.623251,117.981132,112.213440,151.144493,12
commissioning,Saturday,5,1215,right,136.419017,141.272268,133.384620,148.054964,12
commissioning,Saturday,5,1230,left,126.046538,127.733260,114.363940,135.172034,12
commissioning,Saturday,5,1230,right,135.768742,133.233094,129.009213,141.468483,12
commissioning,Saturday,5,1245,left,127.073139,123.365830,117.383405,136.226526,12
commissioning,Saturday,5,1245,right,112.409933,132.336119,125.706091,138.571974,12
commissioning,Saturday,5,1260,left,114.514124,114.995626,100.338761,126.023661,12
commissioning,Saturday,5,1260,right,111.507624,125.980832,122.854139,140.223694,12
commissioning,Saturday,5,1275,left,135.516005,128.291087,117.471015,150.026674,12
commissioning,Saturday,5,1275,right,124.937569,121.501993,116.011182,129.813084,12
commissioning,Saturday,5,1290,left,128.700391,127.324703,114.912723,143.979672,12
commissioning,Saturday,5,1290,right,95.547173,119.713308,82.235237,132.176316,12
commissioning,Saturday,5,1305,left,65.724419,94.342266,0.000000,116.233877,12
commissioning,Saturday,5,1305,right,123.994451,122.339351,118.171492,129.960662,12
commissioning,Saturday,5,1320,left,128.163303,120.758629,114.647490,135.832116,12
commissioning,Saturday,5,1320,right,103.561822,116.681709,107.448331,120.784086,12
commissioning,Saturday,5,1335,left,132.156214,126.181358,113.486144,140.734713,12
commissioning,Saturday,5,1335,right,129.822145,125.515122,122.762521,133.910618,12
commissioning,Saturday,5,1350,left,135.375009,125.544413,118.570081,159.114367,12
commissioning,Saturday,5,1350,right,115.096754,122.679343,112.193631,132.901513,12
commissioning,Saturday,5,1365,left,124.366884,115.583962,114.175925,128.711677,12
commissioning,Saturday,5,1365,right,124.892308,117.056927,108.628415,133.665977,12
commissioning,Saturday,5,1380,left,131.459003,139.720278,120.239806,156.609836,12
commissioning,Saturday,5,1380,right,129.397227,123.498846,103.350335,149.825153,12
commissioning,Saturday,5,1395,left,131.149788,141.207189,122.012663,150.212224,12
commissioning,Saturday,5,1395,right,135.732588,140.991174,117.192214,165.946932,12
commissioning,Saturday,5,1410,left,124.458064,123.664648,113.890425,144.466886,12
commissioning,Saturday,5,1410,right,134.209550,127.203519,121.480342,165.133230,12
commissioning,Saturday,5,1425,left,116.448950,118.720714,111.397769,163.240921,12
commissioning,Saturday,5,1425,right,107.178389,109.359741,89.578329,122.390528,12
commissioning,Sunday,6,0,left,137.037918,126.169767,117.767795,168.114964,12
commissioning,Sunday,6,0,right,98.580115,113.003888,87.608709,126.633400,12
commissioning,Sunday,6,15,left,117.161154,125.537607,101.594833,141.263502,12
commissioning,Sunday,6,15,right,114.197259,130.079631,96.809800,134.372544,12
commissioning,Sunday,6,30,left,83.116743,106.631564,50.276523,113.019830,12
commissioning,Sunday,6,30,right,108.502313,132.900061,86.949946,157.238914,12
commissioning,Sunday,6,45,left,45.892750,0.000000,0.000000,116.758295,12
commissioning,Sunday,6,45,right,96.975943,122.293588,85.092332,128.682159,12
commissioning,Sunday,6,60,left,97.193581,124.954819,80.538280,133.437197,12
commissioning,Sunday,6,60,right,74.865697,56.646246,0.000000,136.434582,12
commissioning,Sunday,6,75,left,53.950534,0.000000,0.000000,117.651508,12
commissioning,Sunday,6,75,right,95.723522,120.361868,0.000000,156.576761,12
commissioning,Sunday,6,90,left,64.320536,67.129324,0.000000,123.456502,12
commissioning,Sunday,6,90,right,131.535010,132.762686,115.285913,142.237089,12
commissioning,Sunday,6,105,left,57.136151,24.294367,0.000000,121.259473,12
commissioning,Sunday,6,105,right,97.838165,119.973161,78.945287,137.763061,12
commissioning,Sunday,6,120,left,63.693258,80.224433,0.000000,105.408523,8
commissioning,Sunday,6,120,right,81.598568,124.810255,0.000000,133.398708,8
commissioning,Sunday,6,135,left,78.392649,119.504491,0.000000,128.456641,9
commissioning,Sunday,6,135,right,83.346303,135.459574,0.000000,144.385143,9
commissioning,Sunday,6,150,left,66.685628,111.349371,0.000000,119.875181,9
commissioning,Sunday,6,150,right,72.955721,102.317803,0.000000,120.026888,9
commissioning,Sunday,6,165,left,110.026803,123.500634,96.128198,123.500634,9
commissioning,Sunday,6,165,right,39.262923,0.000000,0.000000,112.592068,9
commissioning,Sunday,6,180,left,31.599726,0.000000,0.000000,31.192533,12
commissioning,Sunday,6,180,right,110.049953,130.513931,110.411698,142.636861,12
commissioning,Sunday,6,195,left,61.586951,0.000000,0.000000,125.926465,12
commissioning,Sunday,6,195,right,93.415376,131.174468,0.000000,142.965920,12
commissioning,Sunday,6,210,left,44.751836,0.000000,0.000000,116.684222,12
commissioning,Sunday,6,210,right,72.465312,57.613829,0.000000,141.011559,12
commissioning,Sunday,6,225,left,42.615018,0.000000,0.000000,116.048912,12
commissioning,Sunday,6,225,right,71.482154,90.787285,0.000000,113.620000,12
commissioning,Sunday,6,240,left,67.653719,56.999334,0.000000,126.806769,12
commissioning,Sunday,6,240,right,125.148072,138.555196,119.199786,164.612656,12
commissioning,Sunday,6,255,left,40.537207,0.000000,0.000000,110.725054,12
commissioning,Sunday,6,255,right,87.052615,115.254008,52.763248,124.593106,12
commissioning,Sunday,6,270,left,44.388628,0.000000,0.000000,121.270587,12
commissioning,Sunday,6,270,right,79.228301,118.726855,0.000000,132.359433,12
commissioning,Sunday,6,285,left,124.686445,145.111158,132.813112,156.836789,12
commissioning,Sunday,6,285,right,79.959585,111.412892,0.000000,122.929016,12
commissioning,Sunday,6,300,left,89.003559,109.567216,43.061933,133.247183,12
commissioning,Sunday,6,300,right,102.403101,104.217983,94.632191,114.786520,12
commissioning,Sunday,6,315,left,57.352544,51.186790,0.000000,116.428639,12
commissioning,Sunday,6,315,right,68.932683,62.267600,0.000000,137.745091,12
commissioning,Sunday,6,330,left,85.178024,92.615395,0.000000,135.514391,12
commissioning,Sunday,6,330,right,144.861801,135.284123,130.022296,162.999508,12
commissioning,Sunday,6,345,left,91.239608,127.254793,0.000000,144.795837,12
commissioning,Sunday,6,345,right,138.212344,164.303408,131.748326,178.736044,12
commissioning,Sunday,6,360,left,115.324147,113.464427,98.549579,177.905061,12
commissioning,Sunday,6,360,right,112.771973,126.194652,92.232529,157.262249,12
commissioning,Sunday,6,375,left,76.636567,111.548185,0.000000,125.048722,12
commissioning,Sunday,6,375,right,107.090864,135.588846,90.722501,150.141392,12
commissioning,Sunday,6,390,left,63.719986,59.988679,0.000000,125.494313,12
commissioning,Sunday,6,390,right,100.261889,125.456761,85.419158,133.240076,12
commissioning,Sunday,6,405,left,131.591326,139.651674,124.240658,156.902792,12
commissioning,Sunday,6,405,right,138.077456,139.969453,127.411409,146.674035,12
commissioning,Sunday,6,420,left,115.070165,133.874994,117.473125,146.674839,12
commissioning,Sunday,6,420,right,134.886972,138.848918,131.341316,147.904299,12
commissioning,Sunday,6,435,left,131.349431,134.930821,118.455122,148.923170,12
commissioning,Sunday,6,435,right,132.766209,139.578552,125.111869,142.836475,12
commissioning,Sunday,6,450,left,138.491162,133.821741,129.163615,144.980811,12
commissioning,Sunday,6,450,right,143.739355,142.624295,133.716755,149.058280,12
commissioning,Sunday,6,465,left,130.115483,134.643935,121.355677,143.559786,12
commissioning,Sunday,6,465,right,125.073925,127.184581,118.961616,129.956164,12
commissioning,Sunday,6,480,left,134.010434,135.309270,131.374830,138.721182,12
commissioning,Sunday,6,480,right,112.119984,126.645304,109.832921,137.061084,12
commissioning,Sunday,6,495,left,135.839869,134.657587,130.373539,143.101409,12
commissioning,Sunday,6,495,right,124.825234,125.925029,122.918028,131.412928,12
commissioning,Sunday,6,510,left,142.728569,143.537600,136.777824,150.022494,12
commissioning,Sunday,6,510,right,132.546095,131.413236,126.136528,138.431383,12
commissioning,Sunday,6,525,left,141.543224,144.831627,136.949846,146.785692,11
commissioning,Sunday,6,525,right,122.371226,128.324433,112.949568,137.372846,11
commissioning,Sunday,6,540,left,140.930523,141.449929,136.267354,145.036804,12
commissioning,Sunday,6,540,right,140.138793,142.351734,136.753883,146.168367,12
commissioning,Sunday,6,555,left,136.049630,136.746471,130.455605,143.461582,12
commissioning,Sunday,6,555,right,137.566540,138.012422,130.174499,144.610606,12
commissioning,Sunday,6,570,left,140.061203,138.960063,136.145794,145.172203,12
commissioning,Sunday,6,570,right,132.669401,136.304170,131.005908,139.189672,12
commissioning,Sunday,6,585,left,138.090514,137.299420,133.945108,143.335408,12
commissioning,Sunday,6,585,right,138.798977,140.691849,135.163580,147.013657,12
commissioning,Sunday,6,600,left,139.235676,136.142021,134.383325,140.555091,12
commissioning,Sunday,6,600,right,132.291877,134.950260,127.430327,138.743061,12
commissioning,Sunday,6,615,left,143.282182,139.842551,133.954059,147.835146,12
commissioning,Sunday,6,615,right,135.280768,135.696310,132.288026,139.838269,12
commissioning,Sunday,6,630,left,138.504890,136.129006,132.714925,140.294084,12
commissioning,Sunday,6,630,right,135.705717,135.774016,133.105558,137.955873,12
commissioning,Sunday,6,645,left,138.852840,137.311609,134.955369,143.732424,12
commissioning,Sunday,6,645,right,135.285073,133.493776,129.490014,140.267440,12
commissioning,Sunday,6,660,left,128.710302,130.944159,123.306385,133.849860,11
commissioning,Sunday,6,660,right,135.600017,134.170004,131.406486,141.258276,11
commissioning,Sunday,6,675,left,129.591090,129.705313,126.768018,131.525465,12
commissioning,Sunday,6,675,right,138.574078,141.372137,134.616627,145.521561,12
commissioning,Sunday,6,690,left,134.253357,134.588077,129.778510,139.067529,12
commissioning,Sunday,6,690,right,141.937812,145.208565,142.626981,146.675058,12
commissioning,Sunday,6,705,left,135.501295,136.565519,130.482345,138.992932,12
commissioning,Sunday,6,705,right,143.150458,143.790465,140.587054,146.415320,12
commissioning,Sunday,6,720,left,134.099917,133.925638,130.731722,137.878514,12
commissioning,Sunday,6,720,right,137.818431,137.312567,132.219991,140.775559,12
commissioning,Sunday,6,735,left,133.485012,134.631699,129.612004,137.483148,12
commissioning,Sunday,6,735,right,137.194428,135.137631,133.702351,141.397847,12
commissioning,Sunday,6,750,left,136.098009,134.371790,130.881655,140.943306,12
commissioning,Sunday,6,750,right,138.504740,137.492421,135.297126,141.241396,12
commissioning,Sunday,6,765,left,140.299479,137.556347,134.371371,146.102763,12
commissioning,Sunday,6,765,right,138.479479,139.516242,134.012634,142.410285,12
commissioning,Sunday,6,780,left,131.943571,131.719509,128.872155,134.288842,12
commissioning,Sunday,6,780,right,138.000284,138.038356,135.930689,141.270880,12
commissioning,Sunday,6,795,left,131.417478,132.244609,129.252682,138.648319,12
commissioning,Sunday,6,795,right,141.467941,140.087385,137.599511,142.838149,12
commissioning,Sunday,6,810,left,133.703075,137.464879,121.811270,145.862339,12
commissioning,Sunday,6,810,right,142.559976,143.639672,139.664992,147.114293,12
commissioning,Sunday,6,825,left,138.709141,138.646171,136.208832,143.177642,12
commissioning,Sunday,6,825,right,135.208266,134.775325,130.993409,141.510887,12
commissioning,Sunday,6,840,left,143.750269,143.229823,139.158951,146.937082,12
commissioning,Sunday,6,840,right,137.732560,135.514169,132.792722,139.806973,12
commissioning,Sunday,6,855,left,141.017335,141.514031,136.236483,146.290510,12
commissioning,Sunday,6,855,right,135.942404,136.194442,132.262170,139.752531,12
commissioning,Sunday,6,870,left,140.083463,140.522333,137.974606,142.515029,12
commissioning,Sunday,6,870,right,136.004369,136.317761,132.901169,139.251888,12
commissioning,Sunday,6,885,left,136.392573,133.368926,132.645857,138.580029,12
commissioning,Sunday,6,885,right,136.476979,135.238325,131.747712,144.420451,12
commissioning,Sunday,6,900,left,135.757593,135.140495,131.093123,136.945950,12
commissioning,Sunday,6,900,right,135.542244,133.215829,132.839641,139.202406,12
commissioning,Sunday,6,915,left,140.048298,139.512930,136.284088,143.073471,12
commissioning,Sunday,6,915,right,136.654860,137.677482,134.995132,139.166723,12
commissioning,Sunday,6,930,left,137.413673,135.700022,133.742974,139.072540,12
commissioning,Sunday,6,930,right,137.013636,137.517209,135.070132,139.024035,12
commissioning,Sunday,6,945,left,133.516954,135.575113,129.052637,138.594005,12
commissioning,Sunday,6,945,right,134.084332,136.379652,129.082818,138.788429,12
commissioning,Sunday,6,960,left,134.479332,131.565542,128.501248,137.151793,12
commissioning,Sunday,6,960,right,132.120446,131.423688,124.459309,140.236040,12
commissioning,Sunday,6,975,left,137.513483,136.754622,132.589964,138.308817,12
commissioning,Sunday,6,975,right,132.150562,130.772248,127.725779,137.540128,12
commissioning,Sunday,6,990,left,132.563600,133.106421,126.895711,136.503735,12
commissioning,Sunday,6,990,right,128.771716,129.888141,127.132054,131.998689,12
commissioning,Sunday,6,1005,left,135.587109,135.098235,131.422202,141.056221,12
commissioning,Sunday,6,1005,right,134.516929,134.771341,127.441360,141.721865,12
commissioning,Sunday,6,1020,left,135.275325,133.357887,130.754656,140.114508,12
commissioning,Sunday,6,1020,right,137.659327,134.189404,125.175259,148.111870,12
commissioning,Sunday,6,1035,left,135.337901,135.190371,131.044248,138.321734,12
commissioning,Sunday,6,1035,right,132.125878,131.338700,123.294479,141.476170,12
commissioning,Sunday,6,1050,left,132.577352,129.336816,128.041149,139.615207,12
commissioning,Sunday,6,1050,right,123.173091,124.567607,117.848735,129.756355,12
commissioning,Sunday,6,1065,left,135.224211,131.062241,128.016377,139.950038,12
commissioning,Sunday,6,1065,right,128.886018,128.339635,123.319617,133.954638,12
commissioning,Sunday,6,1080,left,134.127182,130.901484,128.005574,138.207599,12
commissioning,Sunday,6,1080,right,127.522837,125.861740,119.993902,133.634324,12
commissioning,Sunday,6,1095,left,126.463493,133.483729,129.633736,136.421267,12
commissioning,Sunday,6,1095,right,132.768431,127.081449,122.018700,135.997636,12
commissioning,Sunday,6,1110,left,107.071032,134.685235,108.707928,137.672950,12
commissioning,Sunday,6,1110,right,139.477132,133.374452,123.092495,140.386123,12
commissioning,Sunday,6,1125,left,139.866430,143.404013,131.625707,149.223346,12
commissioning,Sunday,6,1125,right,131.899029,131.895547,126.741785,136.215712,12
commissioning,Sunday,6,1140,left,123.329911,141.304858,109.000500,145.459949,12
commissioning,Sunday,6,1140,right,132.434996,134.165085,128.050214,138.435489,12
commissioning,Sunday,6,1155,left,132.859003,131.392316,128.422344,142.473815,12
commissioning,Sunday,6,1155,right,137.426678,135.113323,131.176004,143.637063,12
commissioning,Sunday,6,1170,left,107.733681,130.472988,87.736691,145.173906,12
commissioning,Sunday,6,1170,right,134.805952,132.734176,129.670670,135.211999,12
commissioning,Sunday,6,1185,left,115.648485,120.394540,112.827275,133.562196,12
commissioning,Sunday,6,1185,right,142.891784,141.939102,132.972736,150.303008,12
commissioning,Sunday,6,1200,left,134.885223,134.221094,117.003726,147.572594,12
commissioning,Sunday,6,1200,right,139.121130,132.795498,130.505007,151.411401,12
commissioning,Sunday,6,1215,left,136.740384,132.464314,123.842431,145.865079,12
commissioning,Sunday,6,1215,right,143.431962,138.532235,131.586116,157.162592,12
commissioning,Sunday,6,1230,left,101.776535,114.836354,108.447504,126.352660,12
commissioning,Sunday,6,1230,right,142.573498,136.649352,132.287399,156.997008,12
commissioning,Sunday,6,1245,left,124.485959,117.790205,113.643273,190.346383,12
commissioning,Sunday,6,1245,right,136.096216,131.997754,128.375021,142.870606,12
commissioning,Sunday,6,1260,left,99.227249,124.197669,86.063515,142.515651,12
commissioning,Sunday,6,1260,right,140.477008,136.048634,132.040673,146.488918,12
commissioning,Sunday,6,1275,left,105.320395,112.536831,104.090538,120.900901,12
commissioning,Sunday,6,1275,right,122.873914,132.907825,125.516811,138.158887,12
commissioning,Sunday,6,1290,left,104.084886,115.406579,103.638987,120.490380,12
commissioning,Sunday,6,1290,right,112.875157,123.599673,87.550659,127.069078,12
commissioning,Sunday,6,1305,left,104.418075,112.890324,107.793583,134.817186,12
commissioning,Sunday,6,1305,right,116.442434,117.654245,110.468450,138.061365,12
commissioning,Sunday,6,1320,left,67.023907,107.529082,0.000000,111.924436,12
commissioning,Sunday,6,1320,right,115.127206,120.313755,115.450745,161.773864,12
commissioning,Sunday,6,1335,left,107.320508,117.489907,103.429404,143.207685,12
commissioning,Sunday,6,1335,right,129.015954,124.413076,111.145478,135.567336,12
commissioning,Sunday,6,1350,left,135.586419,129.444378,113.316520,158.762686,12
commissioning,Sunday,6,1350,right,125.164421,129.499136,111.965180,143.440324,12
commissioning,Sunday,6,1365,left,113.187456,118.287298,115.697142,138.659822,12
commissioning,Sunday,6,1365,right,108.084157,126.346868,102.886766,140.371389,12
commissioning,Sunday,6,1380,left,132.948237,137.832706,117.575846,146.339643,12
commissioning,Sunday,6,1380,right,130.496986,128.026623,120.521346,142.673523,12
commissioning,Sunday,6,1395,left,140.290562,124.909035,118.006536,159.198845,12
commissioning,Sunday,6,1395,right,89.359013,117.231541,0.000000,128.459326,12
commissioning,Sunday,6,1410,left,90.002873,116.103129,84.945728,117.732429,12
commissioning,Sunday,6,1410,right,100.413228,117.855212,81.589446,129.365294,12
commissioning,Sunday,6,1425,left,95.990630,119.687149,83.250349,135.508269,12
commissioning,Sunday,6,1425,right,114.259646,119.940489,113.241769,147.018775,12
illuminated,Monday,0,0,left,111.214535,119.420551,112.685486,124.944424,48
illuminated,Monday,0,0,right,114.032023,120.927261,117.352083,125.291038,48
illuminated,Monday,0,15,left,114.900813,121.383860,114.788783,130.388908,48
illuminated,Monday,0,15,right,112.516454,121.422847,114.193950,125.638198,48
illuminated,Monday,0,30,left,115.181074,121.116585,112.299517,130.878978,48
illuminated,Monday,0,30,right,113.746201,120.414979,113.286004,127.896134,48
illuminated,Monday,0,45,left,115.867581,125.392583,115.599659,130.126132,48
illuminated,Monday,0,45,right,113.861989,122.013104,115.300223,128.864628,48
illuminated,Monday,0,60,left,119.900460,123.382387,116.039245,131.581296,48
illuminated,Monday,0,60,right,117.789803,126.969397,119.706397,133.171675,48
illuminated,Monday,0,75,left,112.746742,120.726928,111.455016,131.564549,48
illuminated,Monday,0,75,right,119.678621,126.388223,120.187440,136.392821,48
illuminated,Monday,0,90,left,115.172112,122.486174,114.783038,129.747776,48
illuminated,Monday,0,90,right,118.698159,124.906893,120.746016,132.907210,48
illuminated,Monday,0,105,left,114.432195,121.249019,116.848720,129.251749,48
illuminated,Monday,0,105,right,116.820926,125.051017,120.190573,130.672223,48
illuminated,Monday,0,120,left,115.224540,119.840618,111.786917,129.145623,48
illuminated,Monday,0,120,right,118.337257,125.241191,118.630228,131.875686,48
illuminated,Monday,0,135,left,115.778881,129.668380,104.959816,150.658456,48
illuminated,Monday,0,135,right,122.156201,129.422560,113.481812,149.200251,48
illuminated,Monday,0,150,left,112.686257,129.446516,99.832542,154.614990,48
illuminated,Monday,0,150,right,117.290702,130.827790,120.009608,140.983803,48
illuminated,Monday,0,165,left,107.478497,130.336320,95.045443,151.223028,48
illuminated,Monday,0,165,right,132.932366,135.759428,122.153343,156.277115,48
illuminated,Monday,0,180,left,110.555980,128.975680,114.134919,149.362774,48
illuminated,Monday,0,180,right,131.800341,135.545374,128.251005,152.768555,48
illuminated,Monday,0,195,left,124.620226,132.934328,112.991095,156.156325,48
illuminated,Monday,0,195,right,126.186539,136.458259,119.393509,153.277387,48
illuminated,Monday,0,210,left,107.126594,123.834123,85.553414,151.479770,48
illuminated,Monday,0,210,right,120.640956,125.927447,116.748480,145.836758,48
illuminated,Monday,0,225,left,114.272920,125.950085,110.861311,145.700502,48
illuminated,Monday,0,225,right,124.150201,133.160609,124.606587,141.029640,48
illuminated,Monday,0,240,left,115.877073,126.722718,107.794649,145.795531,48
illuminated,Monday,0,240,right,129.062064,135.246744,125.028121,145.787482,48
illuminated,Monday,0,255,left,118.011298,129.255034,110.212287,150.589035,48
illuminated,Monday,0,255,right,129.115761,134.878601,127.819792,147.464114,48
illuminated,Monday,0,270,left,119.429737,124.441537,105.707512,138.271669,48
illuminated,Monday,0,270,right,129.149767,132.235483,127.037330,145.469203,48
illuminated,Monday,0,285,left,125.184846,129.823285,114.578198,144.826799,48
illuminated,Monday,0,285,right,122.386128,126.634675,121.463454,138.894778,48
illuminated,Monday,0,300,left,126.392932,128.556252,115.119558,144.695734,48
illuminated,Monday,0,300,right,121.873844,128.762872,123.165997,134.725013,48
illuminated,Monday,0,315,left,121.954715,125.208118,114.867695,143.289615,48
illuminated,Monday,0,315,right,124.186795,133.368598,126.822247,138.459453,48
illuminated,Monday,0,330,left,111.649508,124.359249,112.156645,133.035341,48
illuminated,Monday,0,330,right,125.923781,134.549775,126.613688,137.586171,48
illuminated,Monday,0,345,left,120.905635,127.270313,117.817340,140.123887,48
illuminated,Monday,0,345,right,125.417015,134.591025,124.876412,140.004223,48
illuminated,Monday,0,360,left,124.312897,129.104156,118.006515,143.152390,48
illuminated,Monday,0,360,right,124.262831,132.093800,126.965873,137.598120,48
illuminated,Monday,0,375,left,122.048771,124.435403,119.960189,138.804019,48
illuminated,Monday,0,375,right,123.250303,130.380284,125.580121,136.392819,48
illuminated,Monday,0,390,left,128.709326,138.050060,126.752796,145.294953,48
illuminated,Monday,0,390,right,126.448881,134.645370,131.536431,137.990694,48
illuminated,Monday,0,405,left,122.998942,130.704321,118.556995,138.334226,48
illuminated,Monday,0,405,right,128.336176,135.366841,129.904803,141.577544,48
illuminated,Monday,0,420,left,123.968304,131.724285,125.186454,138.849771,48
illuminated,Monday,0,420,right,128.865045,137.166939,132.452557,141.145740,48
illuminated,Monday,0,435,left,125.293620,133.465727,129.384959,136.593393,48
illuminated,Monday,0,435,right,129.099102,138.477870,133.355125,142.045808,48
illuminated,Monday,0,450,left,128.242895,136.279566,126.439393,143.976129,48
illuminated,Monday,0,450,right,128.490790,136.688240,130.334313,141.739745,48
illuminated,Monday,0,465,left,123.539946,130.159865,123.805090,137.869762,48
illuminated,Monday,0,465,right,129.016231,136.080088,132.276662,142.102298,48
illuminated,Monday,0,480,left,128.260136,137.348977,129.083570,142.041310,48
illuminated,Monday,0,480,right,129.348736,136.733447,133.614010,140.475850,48
illuminated,Monday,0,495,left,123.888027,132.033205,122.923895,138.272447,48
illuminated,Monday,0,495,right,127.410370,134.207680,130.930033,138.739738,48
illuminated,Monday,0,510,left,119.304103,126.490150,118.413047,134.219608,47
illuminated,Monday,0,510,right,127.161766,134.357357,128.508324,139.869012,47
illuminated,Monday,0,525,left,120.459486,131.960211,118.111609,135.221999,48
illuminated,Monday,0,525,right,125.615284,132.429985,123.648722,138.209787,48
illuminated,Monday,0,540,left,130.589134,135.321558,124.524000,141.489838,48
illuminated,Monday,0,540,right,128.801802,131.944434,126.541073,136.727679,48
illuminated,Monday,0,555,left,129.609192,130.387141,120.003743,139.469063,48
illuminated,Monday,0,555,right,130.237051,131.313349,124.423953,137.193155,48
illuminated,Monday,0,570,left,128.787277,129.408879,123.234862,135.294607,48
illuminated,Monday,0,570,right,128.321487,130.570785,123.151126,134.470939,48
illuminated,Monday,0,585,left,128.559853,129.181135,124.220584,136.781011,48
illuminated,Monday,0,585,right,126.327592,129.531403,119.581366,132.874804,48
illuminated,Monday,0,600,left,129.988772,131.898816,125.817899,139.363459,48
illuminated,Monday,0,600,right,127.870664,130.692586,120.377295,137.737739,48
illuminated,Monday,0,615,left,131.624166,131.510392,126.628939,138.233875,48
illuminated,Monday,0,615,right,129.973097,133.904702,120.854235,142.267020,48
illuminated,Monday,0,630,left,132.044117,133.781975,125.514783,140.052414,48
illuminated,Monday,0,630,right,129.117868,132.624861,125.847479,138.196960,48
illuminated,Monday,0,645,left,130.435338,132.054677,126.519291,136.549134,48
illuminated,Monday,0,645,right,130.274001,132.198095,127.491150,136.179388,48
illuminated,Monday,0,660,left,132.689967,132.507689,123.064019,144.218952,48
illuminated,Monday,0,660,right,131.490913,133.991623,128.906678,138.570790,48
illuminated,Monday,0,675,left,131.058784,130.905837,124.746680,138.901532,48
illuminated,Monday,0,675,right,131.001901,134.650842,121.513991,138.808607,48
illuminated,Monday,0,690,left,129.020785,129.853931,119.023330,137.600454,48
illuminated,Monday,0,690,right,129.598513,135.122394,117.425341,138.898551,48
illuminated,Monday,0,705,left,128.927707,131.134435,121.412561,137.981758,48
illuminated,Monday,0,705,right,129.354297,132.850622,117.416784,139.994762,48
illuminated,Monday,0,720,left,126.347520,129.342101,114.177848,138.574539,48
illuminated,Monday,0,720,right,127.106942,130.337882,111.155492,140.740189,48
illuminated,Monday,0,735,left,128.616951,133.870063,118.407861,139.307917,48
illuminated,Monday,0,735,right,131.744023,133.139222,123.340714,142.071478,48
illuminated,Monday,0,750,left,132.873664,136.805035,128.943035,142.972762,48
illuminated,Monday,0,750,right,135.177991,137.025508,122.457661,144.539996,48
illuminated,Monday,0,765,left,134.590803,137.175866,128.480463,142.747068,48
illuminated,Monday,0,765,right,130.379978,130.074173,120.710186,138.368691,48
illuminated,Monday,0,780,left,137.899623,138.065286,131.182711,144.635024,48
illuminated,Monday,0,780,right,129.877706,129.890308,122.934221,138.583728,48
illuminated,Monday,0,795,left,137.632888,137.113370,132.137332,145.308031,48
illuminated,Monday,0,795,right,136.129671,135.760733,129.181141,143.894572,48
illuminated,Monday,0,810,left,135.501826,136.818783,129.075897,142.836927,48
illuminated,Monday,0,810,right,133.096095,133.668105,128.383360,141.647274,48
illuminated,Monday,0,825,left,134.490857,136.732698,130.110648,141.797385,48
illuminated,Monday,0,825,right,132.093540,134.062222,124.401999,142.028187,48
illuminated,Monday,0,840,left,136.045214,139.756164,131.780510,143.028698,48
illuminated,Monday,0,840,right,133.357254,134.750162,125.199257,140.692377,48
illuminated,Monday,0,855,left,134.403941,136.965493,128.295603,143.706377,48
illuminated,Monday,0,855,right,133.460328,134.340645,129.062920,141.173591,48
illuminated,Monday,0,870,left,133.284231,135.069788,127.351552,142.146981,48
illuminated,Monday,0,870,right,134.100809,133.941945,129.507449,139.048409,48
illuminated,Monday,0,885,left,136.368237,137.313905,129.093952,145.994355,48
illuminated,Monday,0,885,right,137.243689,136.065776,132.860902,142.000313,48
illuminated,Monday,0,900,left,132.937633,134.051869,128.417150,140.139704,48
illuminated,Monday,0,900,right,136.567153,138.042107,132.006153,143.212359,48
illuminated,Monday,0,915,left,135.302305,135.690913,129.934235,142.926140,48
illuminated,Monday,0,915,right,135.930386,135.979946,131.006464,142.169888,48
illuminated,Monday,0,930,left,134.178254,133.846063,124.388792,144.017799,48
illuminated,Monday,0,930,right,136.799171,135.622363,130.737492,143.716664,48
illuminated,Monday,0,945,left,136.381921,137.876821,127.393035,146.194391,48
illuminated,Monday,0,945,right,134.132514,134.174777,128.373824,139.411336,48
illuminated,Monday,0,960,left,135.917305,139.892899,128.897347,145.946357,48
illuminated,Monday,0,960,right,134.435767,133.586542,130.002401,140.549087,48
illuminated,Monday,0,975,left,136.684216,137.015085,130.184655,143.130496,48
illuminated,Monday,0,975,right,132.624173,130.845045,127.903464,141.301602,48
illuminated,Monday,0,990,left,137.317127,136.412137,131.965034,143.505817,48
illuminated,Monday,0,990,right,131.130070,130.016928,125.237517,137.781076,48
illuminated,Monday,0,1005,left,125.194325,134.130110,125.706620,139.977857,48
illuminated,Monday,0,1005,right,124.131958,132.528564,124.914855,138.175527,48
illuminated,Monday,0,1020,left,134.891145,135.165987,128.228680,139.727966,48
illuminated,Monday,0,1020,right,133.009049,132.399842,124.763911,140.028602,48
illuminated,Monday,0,1035,left,131.985818,131.557483,125.215182,140.867856,48
illuminated,Monday,0,1035,right,131.722230,130.744187,123.643675,139.666174,48
illuminated,Monday,0,1050,left,133.976613,134.408827,127.736079,141.332286,48
illuminated,Monday,0,1050,right,129.299418,129.858574,121.328389,137.789101,48
illuminated,Monday,0,1065,left,130.571403,130.918457,123.841638,137.297118,48
illuminated,Monday,0,1065,right,128.628440,129.813794,121.163162,137.247887,48
illuminated,Monday,0,1080,left,132.244229,132.906738,126.874004,138.789952,48
illuminated,Monday,0,1080,right,131.146368,129.211823,123.276387,138.795532,48
illuminated,Monday,0,1095,left,132.011762,132.524437,125.086299,137.699603,48
illuminated,Monday,0,1095,right,132.005823,129.165193,123.004489,140.024023,48
illuminated,Monday,0,1110,left,131.397794,130.813495,127.544995,136.048429,48
illuminated,Monday,0,1110,right,132.123601,130.129278,125.925390,140.118444,48
illuminated,Monday,0,1125,left,132.211994,131.315654,127.662848,136.055742,48
illuminated,Monday,0,1125,right,129.468873,129.012850,122.104166,139.289107,48
illuminated,Monday,0,1140,left,128.851087,129.413781,124.279420,133.534325,48
illuminated,Monday,0,1140,right,130.968159,131.021787,122.150350,137.291721,48
illuminated,Monday,0,1155,left,134.905978,135.107046,129.684134,140.509836,48
illuminated,Monday,0,1155,right,135.029321,135.983146,126.326338,145.989091,48
illuminated,Monday,0,1170,left,137.549263,134.507904,130.612256,146.811542,47
illuminated,Monday,0,1170,right,133.799720,138.461980,123.550670,146.490513,47
illuminated,Monday,0,1185,left,129.667099,130.098418,124.566229,137.054751,47
illuminated,Monday,0,1185,right,129.554602,130.929196,114.764819,140.345875,47
illuminated,Monday,0,1200,left,129.258459,130.743156,120.591439,138.538874,48
illuminated,Monday,0,1200,right,131.387498,128.831552,120.384524,146.534222,48
illuminated,Monday,0,1215,left,130.907222,132.300992,121.554694,141.127691,48
illuminated,Monday,0,1215,right,134.887975,134.282423,126.155680,146.719290,48
illuminated,Monday,0,1230,left,132.860924,132.461508,120.798480,144.205845,48
illuminated,Monday,0,1230,right,131.058182,127.960576,120.668462,139.243873,48
illuminated,Monday,0,1245,left,125.685108,121.890144,113.978698,133.613074,47
illuminated,Monday,0,1245,right,128.226674,126.851566,119.718221,137.975225,47
illuminated,Monday,0,1260,left,122.961708,122.688623,113.589038,134.969150,48
illuminated,Monday,0,1260,right,129.276023,125.439371,117.708458,135.317367,48
illuminated,Monday,0,1275,left,120.537364,123.412764,114.959327,132.574993,48
illuminated,Monday,0,1275,right,123.442691,124.761789,118.650712,132.017618,48
illuminated,Monday,0,1290,left,116.213182,119.459987,113.694709,124.227884,48
illuminated,Monday,0,1290,right,122.152004,124.671915,116.267420,133.773489,48
illuminated,Monday,0,1305,left,115.958775,117.843013,110.782603,124.119904,48
illuminated,Monday,0,1305,right,120.079190,122.216040,116.950462,126.654370,48
illuminated,Monday,0,1320,left,121.489385,121.819703,112.001898,133.567752,48
illuminated,Monday,0,1320,right,121.089875,122.185330,115.370260,126.720512,48
illuminated,Monday,0,1335,left,120.687833,120.773561,113.322524,128.414626,48
illuminated,Monday,0,1335,right,122.478805,124.089663,113.970584,129.588823,48
illuminated,Monday,0,1350,left,118.357180,120.685974,113.160816,124.900630,48
illuminated,Monday,0,1350,right,121.200210,123.715124,115.157951,130.034996,48
illuminated,Monday,0,1365,left,118.783804,119.046335,113.962434,128.353776,48
illuminated,Monday,0,1365,right,120.337710,122.490624,113.015119,126.132612,48
illuminated,Monday,0,1380,left,122.067292,120.601405,115.218382,130.750298,48
illuminated,Monday,0,1380,right,122.828537,123.051176,116.982591,128.423107,48
illuminated,Monday,0,1395,left,122.378018,120.905447,116.014540,127.174659,48
illuminated,Monday,0,1395,right,120.038487,120.371626,116.005004,127.514965,48
illuminated,Monday,0,1410,left,122.572733,122.555202,116.329477,127.731397,48
illuminated,Monday,0,1410,right,122.996798,123.180965,118.444760,127.892014,48
illuminated,Monday,0,1425,left,122.595693,122.138947,117.689105,129.129808,48
illuminated,Monday,0,1425,right,121.648399,123.451770,119.220447,126.537272,48
illuminated,Tuesday,1,0,left,117.209691,119.883583,113.738228,124.563905,51
illuminated,Tuesday,1,0,right,120.133636,123.832733,116.448237,127.543266,51
illuminated,Tuesday,1,15,left,121.147435,122.932017,118.682320,130.572965,51
illuminated,Tuesday,1,15,right,120.805240,123.883246,117.303884,128.956757,51
illuminated,Tuesday,1,30,left,121.200601,124.969093,115.360264,133.136755,51
illuminated,Tuesday,1,30,right,119.237948,122.668986,110.435371,128.824448,51
illuminated,Tuesday,1,45,left,116.997016,121.944960,105.727019,129.483565,51
illuminated,Tuesday,1,45,right,117.060229,121.080088,109.746341,128.232569,51
illuminated,Tuesday,1,60,left,114.714135,118.991844,103.546976,124.483508,51
illuminated,Tuesday,1,60,right,118.364012,122.890625,114.057137,128.687901,51
illuminated,Tuesday,1,75,left,118.385723,118.705283,108.273709,127.293743,51
illuminated,Tuesday,1,75,right,117.829123,117.349952,112.017168,130.101801,51
illuminated,Tuesday,1,90,left,115.534048,113.662752,106.983831,120.499942,51
illuminated,Tuesday,1,90,right,120.565058,121.871888,117.590784,128.260303,51
illuminated,Tuesday,1,105,left,114.103887,114.746478,105.344756,123.506404,51
illuminated,Tuesday,1,105,right,116.378056,119.859819,111.129257,124.272239,51
illuminated,Tuesday,1,120,left,116.474045,117.967617,105.342196,123.623962,51
illuminated,Tuesday,1,120,right,118.125579,118.736158,108.959440,125.800252,51
illuminated,Tuesday,1,135,left,126.460802,125.960083,115.138641,145.019725,51
illuminated,Tuesday,1,135,right,128.882822,124.721341,115.223903,141.569639,51
illuminated,Tuesday,1,150,left,123.800038,125.270238,107.072051,150.387333,51
illuminated,Tuesday,1,150,right,140.390838,135.852428,123.602084,155.034687,51
illuminated,Tuesday,1,165,left,121.890111,130.985659,113.372343,140.994118,51
illuminated,Tuesday,1,165,right,128.783874,131.037050,116.615974,149.472240,51
illuminated,Tuesday,1,180,left,119.471935,125.942354,111.624905,145.138654,51
illuminated,Tuesday,1,180,right,133.289390,130.056271,121.633023,148.777642,51
illuminated,Tuesday,1,195,left,122.537351,120.083135,114.077545,150.424845,50
illuminated,Tuesday,1,195,right,122.760391,129.883671,115.950551,138.655258,50
illuminated,Tuesday,1,210,left,114.261987,125.942758,97.051865,142.844635,51
illuminated,Tuesday,1,210,right,135.780596,137.282077,124.482517,150.640868,51
illuminated,Tuesday,1,225,left,117.515994,128.374795,107.638419,143.132234,51
illuminated,Tuesday,1,225,right,132.978405,133.665211,120.435564,147.916329,51
illuminated,Tuesday,1,240,left,126.170631,127.287318,116.250775,158.527820,51
illuminated,Tuesday,1,240,right,134.559829,134.098747,126.771923,141.843072,51
illuminated,Tuesday,1,255,left,118.165208,124.503111,113.563116,147.256254,51
illuminated,Tuesday,1,255,right,132.870571,130.025231,124.662034,143.469515,51
illuminated,Tuesday,1,270,left,128.610918,132.259279,119.424619,149.090241,51
illuminated,Tuesday,1,270,right,132.426697,125.675345,120.538799,145.420740,51
illuminated,Tuesday,1,285,left,120.315577,124.836854,118.029132,140.344038,51
illuminated,Tuesday,1,285,right,135.007239,131.416791,125.279445,148.608625,51
illuminated,Tuesday,1,300,left,124.887562,125.487430,118.954461,137.531380,51
illuminated,Tuesday,1,300,right,129.758467,129.711785,125.556101,134.843893,51
illuminated,Tuesday,1,315,left,116.892425,120.291812,110.785687,126.236513,51
illuminated,Tuesday,1,315,right,124.172099,126.588813,119.432156,134.403953,51
illuminated,Tuesday,1,330,left,124.412587,122.582412,114.866907,129.978632,51
illuminated,Tuesday,1,330,right,130.496971,128.920058,124.423053,137.860075,51
illuminated,Tuesday,1,345,left,126.960728,124.897402,118.758795,135.095987,51
illuminated,Tuesday,1,345,right,132.297040,134.576404,126.217159,138.053535,51
illuminated,Tuesday,1,360,left,132.415335,130.454482,122.568237,143.905038,51
illuminated,Tuesday,1,360,right,131.096838,131.766324,127.241806,136.217438,51
illuminated,Tuesday,1,375,left,129.901643,129.606698,120.770232,139.877532,51
illuminated,Tuesday,1,375,right,130.697723,129.173922,124.836709,135.651708,51
illuminated,Tuesday,1,390,left,132.067423,130.786571,123.181713,139.608740,51
illuminated,Tuesday,1,390,right,132.087911,129.771567,124.280199,140.964268,51
illuminated,Tuesday,1,405,left,132.682046,131.062967,123.039770,143.150165,51
illuminated,Tuesday,1,405,right,134.781815,134.757758,130.828566,140.302597,51
illuminated,Tuesday,1,420,left,135.534818,135.164532,131.009009,140.020378,51
illuminated,Tuesday,1,420,right,135.038520,134.768681,131.133799,140.737184,51
illuminated,Tuesday,1,435,left,135.014728,135.949372,126.966497,143.679851,51
illuminated,Tuesday,1,435,right,135.961566,136.378246,132.982092,140.427464,51
illuminated,Tuesday,1,450,left,129.395900,130.082117,118.486972,138.455722,51
illuminated,Tuesday,1,450,right,132.511313,133.254241,129.014757,137.922885,51
illuminated,Tuesday,1,465,left,124.049025,123.027422,116.021507,133.024341,51
illuminated,Tuesday,1,465,right,132.354963,133.053450,129.625212,139.870543,51
illuminated,Tuesday,1,480,left,124.438206,121.848019,118.080706,132.701684,51
illuminated,Tuesday,1,480,right,132.486366,132.122860,125.780238,141.850182,51
illuminated,Tuesday,1,495,left,124.550687,126.621448,119.431642,133.548810,51
illuminated,Tuesday,1,495,right,132.237038,133.376922,121.979049,139.789149,51
illuminated,Tuesday,1,510,left,128.732857,130.186337,121.174794,136.586197,51
illuminated,Tuesday,1,510,right,132.841737,133.666536,126.666069,138.967785,51
illuminated,Tuesday,1,525,left,130.756115,129.940999,121.748082,140.234530,51
illuminated,Tuesday,1,525,right,132.006601,133.534057,126.770921,139.402971,51
illuminated,Tuesday,1,540,left,130.825905,132.552985,121.788204,137.896676,51
illuminated,Tuesday,1,540,right,133.164230,134.534687,126.704852,138.981712,51
illuminated,Tuesday,1,555,left,129.491915,130.909461,123.622762,134.778727,51
illuminated,Tuesday,1,555,right,132.713170,133.921899,127.988664,141.318233,51
illuminated,Tuesday,1,570,left,130.460075,129.062588,120.933952,140.476524,51
illuminated,Tuesday,1,570,right,129.103652,131.954357,125.030561,135.383164,51
illuminated,Tuesday,1,585,left,131.761985,133.166556,118.560759,142.119032,51
illuminated,Tuesday,1,585,right,129.493584,131.843940,122.958071,138.399626,51
illuminated,Tuesday,1,600,left,128.109539,129.083068,120.641643,136.748608,51
illuminated,Tuesday,1,600,right,128.802306,132.017771,122.436358,137.116282,51
illuminated,Tuesday,1,615,left,129.098202,131.560313,121.280629,137.957265,51
illuminated,Tuesday,1,615,right,129.142323,130.380766,118.398508,137.522879,51
illuminated,Tuesday,1,630,left,129.468818,131.285520,121.165891,137.798525,51
illuminated,Tuesday,1,630,right,128.877416,132.230399,123.966801,136.067406,51
illuminated,Tuesday,1,645,left,125.887755,126.919111,122.634435,131.984401,51
illuminated,Tuesday,1,645,right,130.004485,131.258927,125.733452,134.860020,51
illuminated,Tuesday,1,660,left,130.775639,131.722514,122.366926,138.564338,51
illuminated,Tuesday,1,660,right,128.987658,131.196530,126.323403,135.395272,51
illuminated,Tuesday,1,675,left,129.090153,129.713796,121.522418,136.329296,51
illuminated,Tuesday,1,675,right,130.372707,132.270722,125.731494,137.768282,51
illuminated,Tuesday,1,690,left,131.124428,131.952826,124.138856,139.601786,51
illuminated,Tuesday,1,690,right,131.409774,133.578905,128.535936,137.735654,51
illuminated,Tuesday,1,705,left,128.122210,128.778838,122.399627,135.711038,51
illuminated,Tuesday,1,705,right,132.445916,134.209448,130.498249,138.699573,51
illuminated,Tuesday,1,720,left,126.939832,125.957447,122.067419,133.541464,51
illuminated,Tuesday,1,720,right,131.548542,134.462258,129.405821,138.274634,51
illuminated,Tuesday,1,735,left,126.951320,127.655811,117.931863,135.687079,51
illuminated,Tuesday,1,735,right,131.288979,134.068661,127.180586,139.669632,51
illuminated,Tuesday,1,750,left,127.986243,129.103355,119.352800,137.982776,51
illuminated,Tuesday,1,750,right,133.202793,136.623423,130.109060,143.654666,51
illuminated,Tuesday,1,765,left,130.790647,131.125254,124.823598,138.966505,51
illuminated,Tuesday,1,765,right,134.555063,136.891984,131.543596,144.138290,51
illuminated,Tuesday,1,780,left,130.709647,132.633769,124.271038,137.109279,51
illuminated,Tuesday,1,780,right,132.839151,135.373194,128.985914,140.626198,51
illuminated,Tuesday,1,795,left,129.810685,131.444228,126.035064,136.800338,51
illuminated,Tuesday,1,795,right,132.790564,132.832249,125.356461,141.615518,51
illuminated,Tuesday,1,810,left,132.284480,135.699545,125.287631,139.833268,51
illuminated,Tuesday,1,810,right,135.470542,136.828479,130.300343,144.269277,51
illuminated,Tuesday,1,825,left,133.347793,134.874326,128.910840,140.324658,51
illuminated,Tuesday,1,825,right,133.061942,135.258935,126.573226,139.832302,51
illuminated,Tuesday,1,840,left,133.027921,137.580084,129.029047,140.601575,51
illuminated,Tuesday,1,840,right,132.064895,134.393750,125.239623,138.920841,51
illuminated,Tuesday,1,855,left,133.996046,137.678969,129.535914,141.263586,51
illuminated,Tuesday,1,855,right,132.569995,133.567126,127.190120,140.470486,51
illuminated,Tuesday,1,870,left,135.060506,137.172265,129.906141,142.708600,51
illuminated,Tuesday,1,870,right,135.073085,135.074416,127.976432,140.780070,51
illuminated,Tuesday,1,885,left,136.011402,136.515052,133.802474,140.331344,51
illuminated,Tuesday,1,885,right,134.799869,136.428096,131.267701,139.872332,51
illuminated,Tuesday,1,900,left,135.031108,135.994850,132.630517,140.698596,51
illuminated,Tuesday,1,900,right,138.083364,137.276626,133.321912,143.386221,51
illuminated,Tuesday,1,915,left,134.637003,137.149729,130.000052,140.726797,51
illuminated,Tuesday,1,915,right,136.822536,136.308560,132.331283,141.851628,51
illuminated,Tuesday,1,930,left,133.453211,133.940485,130.221271,139.543434,51
illuminated,Tuesday,1,930,right,134.658709,135.115046,127.993098,140.065624,51
illuminated,Tuesday,1,945,left,132.978934,135.922514,127.374827,140.584567,51
illuminated,Tuesday,1,945,right,133.302543,133.594371,126.435109,138.287934,51
illuminated,Tuesday,1,960,left,134.240470,134.680130,128.381715,140.534312,51
illuminated,Tuesday,1,960,right,132.312991,134.292572,127.147846,138.360788,51
illuminated,Tuesday,1,975,left,133.516468,133.222862,129.176711,139.619946,50
illuminated,Tuesday,1,975,right,133.515953,133.724645,125.888533,138.950565,50
illuminated,Tuesday,1,990,left,134.159922,134.167471,129.964539,139.634537,51
illuminated,Tuesday,1,990,right,134.100322,134.651749,130.742160,137.667210,51
illuminated,Tuesday,1,1005,left,135.231729,136.031419,130.630675,140.049201,51
illuminated,Tuesday,1,1005,right,135.063624,135.273929,130.207578,140.120757,51
illuminated,Tuesday,1,1020,left,133.650498,132.925131,128.951372,140.169396,51
illuminated,Tuesday,1,1020,right,132.804704,134.910451,128.448642,136.863087,51
illuminated,Tuesday,1,1035,left,132.988867,134.640473,128.431645,139.345676,51
illuminated,Tuesday,1,1035,right,131.603242,131.900363,128.536561,135.476466,51
illuminated,Tuesday,1,1050,left,132.126697,133.489405,125.717674,137.758192,51
illuminated,Tuesday,1,1050,right,132.878506,131.644464,129.472831,136.333445,51
illuminated,Tuesday,1,1065,left,133.129501,131.795043,127.712075,137.811513,51
illuminated,Tuesday,1,1065,right,133.458376,133.565535,130.032803,137.327174,51
illuminated,Tuesday,1,1080,left,136.464977,136.381248,130.982329,141.515463,51
illuminated,Tuesday,1,1080,right,132.264034,134.178922,128.184103,137.240923,51
illuminated,Tuesday,1,1095,left,135.644722,135.804508,132.886606,138.577233,51
illuminated,Tuesday,1,1095,right,132.322717,132.914142,128.395166,138.218417,51
illuminated,Tuesday,1,1110,left,134.215533,135.291736,128.911432,139.154760,51
illuminated,Tuesday,1,1110,right,133.708953,132.971138,129.961555,139.396252,51
illuminated,Tuesday,1,1125,left,135.848384,134.862877,131.891794,141.272758,51
illuminated,Tuesday,1,1125,right,133.951517,133.533034,129.808311,139.681267,51
illuminated,Tuesday,1,1140,left,134.426832,134.974895,129.683724,139.718970,51
illuminated,Tuesday,1,1140,right,134.467106,132.185965,127.607497,141.876821,51
illuminated,Tuesday,1,1155,left,135.563936,134.574091,130.324190,142.718337,51
illuminated,Tuesday,1,1155,right,135.960508,135.117726,132.094048,140.424048,51
illuminated,Tuesday,1,1170,left,133.110315,134.004954,128.342211,139.853085,51
illuminated,Tuesday,1,1170,right,135.715771,135.077883,127.772573,143.398403,51
illuminated,Tuesday,1,1185,left,130.508155,133.933716,121.037795,138.554399,51
illuminated,Tuesday,1,1185,right,131.894349,131.993172,123.314883,143.385281,51
illuminated,Tuesday,1,1200,left,132.537182,133.299848,122.441735,138.896314,51
illuminated,Tuesday,1,1200,right,131.084050,133.390044,120.497205,143.162256,51
illuminated,Tuesday,1,1215,left,132.826932,130.602875,122.668206,141.353152,51
illuminated,Tuesday,1,1215,right,132.835026,130.760335,123.468028,141.598906,51
illuminated,Tuesday,1,1230,left,130.624242,133.254545,121.093875,139.501344,51
illuminated,Tuesday,1,1230,right,137.775378,136.078961,124.824339,148.341948,51
illuminated,Tuesday,1,1245,left,117.879789,119.935192,112.122363,134.591854,51
illuminated,Tuesday,1,1245,right,125.808431,123.657462,118.622543,135.151013,51
illuminated,Tuesday,1,1260,left,112.223040,117.313010,103.279637,128.579572,51
illuminated,Tuesday,1,1260,right,121.350725,123.769186,108.085145,134.246282,51
illuminated,Tuesday,1,1275,left,116.063351,123.356704,101.347216,128.814012,51
illuminated,Tuesday,1,1275,right,119.236272,122.364770,108.412299,127.480623,51
illuminated,Tuesday,1,1290,left,119.322424,121.944999,113.321733,130.005978,51
illuminated,Tuesday,1,1290,right,123.026985,122.632424,118.808665,131.010083,51
illuminated,Tuesday,1,1305,left,120.504274,121.568454,113.597085,131.145148,51
illuminated,Tuesday,1,1305,right,120.173836,120.882024,115.566463,128.402370,51
illuminated,Tuesday,1,1320,left,120.026214,121.695467,115.137457,127.222990,51
illuminated,Tuesday,1,1320,right,121.145097,120.733016,114.587810,128.923950,51
illuminated,Tuesday,1,1335,left,121.154253,124.175257,115.688551,128.700066,51
illuminated,Tuesday,1,1335,right,120.326492,121.055926,114.738319,129.972957,51
illuminated,Tuesday,1,1350,left,118.011450,121.671038,116.996930,127.570176,51
illuminated,Tuesday,1,1350,right,117.863790,122.253056,113.906315,127.309243,51
illuminated,Tuesday,1,1365,left,121.212379,122.071474,117.533112,127.380048,51
illuminated,Tuesday,1,1365,right,120.602125,121.792372,115.091939,127.614054,51
illuminated,Tuesday,1,1380,left,118.743566,119.925614,115.331873,125.260844,50
illuminated,Tuesday,1,1380,right,120.663833,123.623713,118.005260,128.377482,50
illuminated,Tuesday,1,1395,left,118.204587,121.263999,111.421506,125.551802,51
illuminated,Tuesday,1,1395,right,119.080630,122.995241,113.885032,127.143343,51
illuminated,Tuesday,1,1410,left,116.588886,119.039569,112.064929,127.033961,51
illuminated,Tuesday,1,1410,right,118.790778,122.095413,114.535922,128.010978,51
illuminated,Tuesday,1,1425,left,114.256305,116.063539,107.309909,124.106404,51
illuminated,Tuesday,1,1425,right,117.635751,118.401710,111.948367,126.538480,51
illuminated,Wednesday,2,0,left,116.979127,119.602472,113.090516,125.262686,51
illuminated,Wednesday,2,0,right,117.281931,120.308843,110.877834,124.996526,51
illuminated,Wednesday,2,15,left,123.093057,126.889627,118.443982,130.437597,51
illuminated,Wednesday,2,15,right,119.628036,123.003352,116.768557,126.577412,51
illuminated,Wednesday,2,30,left,124.993231,124.139456,116.812831,133.744511,51
illuminated,Wednesday,2,30,right,120.006789,120.047495,111.246015,127.481140,51
illuminated,Wednesday,2,45,left,120.182525,120.767784,114.119732,129.895738,51
illuminated,Wednesday,2,45,right,120.110711,121.575366,116.881312,127.125708,51
illuminated,Wednesday,2,60,left,116.371777,119.331227,111.700992,127.132232,51
illuminated,Wednesday,2,60,right,115.896147,117.983590,113.812370,124.228870,51
illuminated,Wednesday,2,75,left,123.248543,122.559397,116.153023,130.549117,51
illuminated,Wednesday,2,75,right,120.950195,122.672985,115.445009,128.091888,51
illuminated,Wednesday,2,90,left,125.889920,123.060855,116.050404,133.486734,51
illuminated,Wednesday,2,90,right,122.003665,122.157441,117.293261,128.008712,51
illuminated,Wednesday,2,105,left,125.640910,125.101574,114.774645,132.301596,51
illuminated,Wednesday,2,105,right,123.143109,121.563238,116.638415,127.388737,51
illuminated,Wednesday,2,120,left,108.556748,115.153310,100.884800,122.816216,51
illuminated,Wednesday,2,120,right,111.634624,120.181454,101.152795,127.216324,51
illuminated,Wednesday,2,135,left,124.454110,127.594860,116.763400,151.636086,51
illuminated,Wednesday,2,135,right,127.911485,123.996951,118.622373,146.434616,51
illuminated,Wednesday,2,150,left,120.500860,124.423284,106.197108,144.738651,51
illuminated,Wednesday,2,150,right,132.766222,137.398258,118.692821,153.533697,51
illuminated,Wednesday,2,165,left,121.275510,128.263437,109.276712,144.640127,51
illuminated,Wednesday,2,165,right,134.880033,135.436422,121.882220,148.188553,51
illuminated,Wednesday,2,180,left,120.546426,136.127850,106.589365,150.340369,51
illuminated,Wednesday,2,180,right,123.299000,122.920789,114.339716,140.006310,51
illuminated,Wednesday,2,195,left,124.219934,128.541529,103.749444,142.284785,51
illuminated,Wednesday,2,195,right,133.302977,130.542204,121.406073,146.549759,51
illuminated,Wednesday,2,210,left,112.025308,129.464849,108.396147,138.047107,51
illuminated,Wednesday,2,210,right,136.766625,135.370191,124.896045,153.801621,51
illuminated,Wednesday,2,225,left,114.591279,131.685821,108.392142,142.504625,51
illuminated,Wednesday,2,225,right,139.423553,145.311820,127.744209,153.132043,51
illuminated,Wednesday,2,240,left,132.463890,136.660089,113.938147,153.117903,51
illuminated,Wednesday,2,240,right,139.396557,136.533691,126.242045,151.405246,51
illuminated,Wednesday,2,255,left,130.241951,129.210887,117.300288,153.217593,51
illuminated,Wednesday,2,255,right,133.817122,134.664128,124.953370,147.270926,51
illuminated,Wednesday,2,270,left,129.303880,128.880950,115.428695,148.913748,51
illuminated,Wednesday,2,270,right,135.122713,136.100002,130.115125,142.068771,51
illuminated,Wednesday,2,285,left,128.119043,127.988583,120.170459,139.042896,51
illuminated,Wednesday,2,285,right,132.313345,132.963739,124.279548,140.607774,51
illuminated,Wednesday,2,300,left,124.040394,120.974303,117.752731,134.390695,51
illuminated,Wednesday,2,300,right,130.098652,128.234613,124.988885,134.523558,51
illuminated,Wednesday,2,315,left,129.285513,122.269031,115.572938,143.430475,51
illuminated,Wednesday,2,315,right,121.433759,124.675976,121.021823,133.554076,51
illuminated,Wednesday,2,330,left,123.164746,121.105791,115.091809,129.695798,51
illuminated,Wednesday,2,330,right,130.161889,129.585656,122.843397,138.196186,51
illuminated,Wednesday,2,345,left,126.289184,127.528470,122.176194,135.126995,51
illuminated,Wednesday,2,345,right,131.891232,132.315170,125.707325,137.303617,51
illuminated,Wednesday,2,360,left,128.532498,129.184753,122.145723,136.838299,51
illuminated,Wednesday,2,360,right,134.296833,134.411987,127.451929,138.433203,51
illuminated,Wednesday,2,375,left,126.060453,128.017098,119.660811,132.799674,51
illuminated,Wednesday,2,375,right,134.497045,134.458594,127.511571,141.099985,51
illuminated,Wednesday,2,390,left,131.134725,129.724353,124.690400,136.370928,50
illuminated,Wednesday,2,390,right,134.028103,134.941282,126.901418,140.064380,50
illuminated,Wednesday,2,405,left,136.736666,134.649276,126.952684,146.742472,51
illuminated,Wednesday,2,405,right,135.954996,137.471709,130.256757,142.065832,51
illuminated,Wednesday,2,420,left,127.381936,126.184002,120.404679,134.360744,51
illuminated,Wednesday,2,420,right,136.959256,137.082563,132.366603,141.031767,51
illuminated,Wednesday,2,435,left,130.623483,131.806888,119.305883,138.769782,51
illuminated,Wednesday,2,435,right,137.479890,136.894880,133.065037,143.693844,51
illuminated,Wednesday,2,450,left,130.993457,131.678987,122.913764,141.196747,51
illuminated,Wednesday,2,450,right,138.746213,137.813492,132.817969,143.967233,51
illuminated,Wednesday,2,465,left,129.239836,129.438349,121.766114,137.348815,51
illuminated,Wednesday,2,465,right,135.050633,137.044457,130.036463,141.827164,51
illuminated,Wednesday,2,480,left,131.821064,132.489002,121.951851,141.092349,51
illuminated,Wednesday,2,480,right,133.338782,133.980057,129.566070,139.919905,51
illuminated,Wednesday,2,495,left,132.108918,133.468621,125.616836,137.743132,51
illuminated,Wednesday,2,495,right,134.202577,135.137561,130.806092,140.420263,51
illuminated,Wednesday,2,510,left,128.976197,129.414343,122.207178,133.908223,51
illuminated,Wednesday,2,510,right,133.586908,135.191718,128.193886,139.373168,51
illuminated,Wednesday,2,525,left,130.899143,131.187174,125.104888,135.973245,51
illuminated,Wednesday,2,525,right,133.604779,134.226984,126.992584,141.117124,51
illuminated,Wednesday,2,540,left,128.521839,129.861800,124.367743,134.613673,51
illuminated,Wednesday,2,540,right,133.130070,133.661666,127.163666,138.445355,51
illuminated,Wednesday,2,555,left,124.239591,125.100320,116.815801,130.742684,51
illuminated,Wednesday,2,555,right,130.222206,130.855894,121.031789,138.601542,51
illuminated,Wednesday,2,570,left,127.512793,129.426267,118.839959,133.477314,51
illuminated,Wednesday,2,570,right,129.765814,132.961355,125.850463,136.993836,51
illuminated,Wednesday,2,585,left,119.921024,126.706804,118.673511,131.713317,51
illuminated,Wednesday,2,585,right,122.611480,131.487433,121.059845,137.504425,51
illuminated,Wednesday,2,600,left,118.259600,125.316352,115.332676,135.479169,51
illuminated,Wednesday,2,600,right,122.187102,132.010648,124.520699,137.375974,51
illuminated,Wednesday,2,615,left,121.876878,129.838422,120.596898,136.373703,51
illuminated,Wednesday,2,615,right,122.831676,130.586897,126.468167,135.184843,51
illuminated,Wednesday,2,630,left,122.622043,129.761740,121.928326,137.664673,51
illuminated,Wednesday,2,630,right,123.605530,131.402773,128.629922,134.492789,51
illuminated,Wednesday,2,645,left,122.967866,128.383738,119.420219,135.127575,51
illuminated,Wednesday,2,645,right,127.864117,133.035662,129.627288,136.511569,51
illuminated,Wednesday,2,660,left,125.682810,128.898290,117.530463,135.893179,51
illuminated,Wednesday,2,660,right,128.478393,132.104510,124.433904,136.207737,51
illuminated,Wednesday,2,675,left,127.051033,128.452856,116.554949,138.940755,51
illuminated,Wednesday,2,675,right,128.709443,129.026810,122.056343,135.870049,51
illuminated,Wednesday,2,690,left,124.695256,125.802793,115.616817,135.048340,51
illuminated,Wednesday,2,690,right,126.696226,129.854896,122.520593,134.419633,51
illuminated,Wednesday,2,705,left,125.445681,128.318898,113.606151,136.247049,51
illuminated,Wednesday,2,705,right,125.388401,129.011534,118.078271,134.361967,51
illuminated,Wednesday,2,720,left,124.530086,123.723731,117.073251,132.413775,51
illuminated,Wednesday,2,720,right,127.017056,130.664553,120.883193,134.991985,51
illuminated,Wednesday,2,735,left,127.049131,130.800659,117.225794,135.353374,51
illuminated,Wednesday,2,735,right,129.000380,131.087554,124.096659,135.891240,51
illuminated,Wednesday,2,750,left,126.330086,132.080425,111.968007,138.204570,51
illuminated,Wednesday,2,750,right,129.705869,132.327498,123.937144,135.717441,51
illuminated,Wednesday,2,765,left,129.185331,129.304824,123.464993,137.396135,51
illuminated,Wednesday,2,765,right,131.878871,134.013231,124.593909,138.288010,51
illuminated,Wednesday,2,780,left,132.758960,130.524214,125.418667,140.574242,51
illuminated,Wednesday,2,780,right,134.070462,134.257758,130.029425,138.622759,51
illuminated,Wednesday,2,795,left,131.894270,131.048283,123.950968,138.994044,51
illuminated,Wednesday,2,795,right,134.868037,135.417003,127.789771,141.736676,51
illuminated,Wednesday,2,810,left,133.216160,134.359591,127.113744,138.897929,51
illuminated,Wednesday,2,810,right,137.181626,138.752850,131.483053,143.668187,51
illuminated,Wednesday,2,825,left,136.076269,135.585723,130.761731,140.254318,51
illuminated,Wednesday,2,825,right,136.794531,136.515358,132.998396,140.404932,51
illuminated,Wednesday,2,840,left,135.296100,135.093986,130.871955,140.779143,51
illuminated,Wednesday,2,840,right,136.945960,137.925493,131.738590,142.238110,51
illuminated,Wednesday,2,855,left,136.868087,137.585915,133.974537,141.317572,51
illuminated,Wednesday,2,855,right,137.366938,135.251064,129.520100,144.823648,51
illuminated,Wednesday,2,870,left,135.750208,136.102535,129.509843,141.766615,51
illuminated,Wednesday,2,870,right,136.542783,137.152890,130.689561,142.747243,51
illuminated,Wednesday,2,885,left,133.818353,134.780944,129.009558,138.527778,51
illuminated,Wednesday,2,885,right,135.295351,135.604235,130.059486,141.259952,51
illuminated,Wednesday,2,900,left,133.728421,136.051745,129.561844,138.876304,51
illuminated,Wednesday,2,900,right,136.592280,135.141221,132.658859,143.323640,51
illuminated,Wednesday,2,915,left,132.111583,133.725805,126.087301,139.827281,51
illuminated,Wednesday,2,915,right,133.856451,132.797860,128.405124,141.106700,51
illuminated,Wednesday,2,930,left,133.373663,136.523199,127.066897,140.468635,51
illuminated,Wednesday,2,930,right,134.067435,132.953064,128.534792,140.489755,51
illuminated,Wednesday,2,945,left,132.496768,132.031084,126.895480,139.984358,51
illuminated,Wednesday,2,945,right,133.962047,134.058318,129.218694,137.799592,51
illuminated,Wednesday,2,960,left,133.545567,133.938597,129.574506,138.589611,51
illuminated,Wednesday,2,960,right,131.672335,133.216449,129.219524,136.374797,51
illuminated,Wednesday,2,975,left,134.417001,135.230944,132.089010,139.109627,51
illuminated,Wednesday,2,975,right,131.914616,131.502261,129.287935,134.293127,51
illuminated,Wednesday,2,990,left,133.457092,135.386332,130.871386,140.353660,51
illuminated,Wednesday,2,990,right,131.953423,131.959615,128.731552,135.181526,51
illuminated,Wednesday,2,1005,left,130.557927,131.178989,128.354513,136.947085,50
illuminated,Wednesday,2,1005,right,130.014512,129.943126,126.952752,134.467909,50
illuminated,Wednesday,2,1020,left,130.539617,131.757131,126.974420,137.555211,51
illuminated,Wednesday,2,1020,right,130.694358,131.744397,128.055448,135.832452,51
illuminated,Wednesday,2,1035,left,130.760368,133.104517,125.348050,139.364876,51
illuminated,Wednesday,2,1035,right,130.756778,132.341816,127.795309,135.781285,51
illuminated,Wednesday,2,1050,left,131.009602,130.933804,124.798971,139.314621,51
illuminated,Wednesday,2,1050,right,130.959031,132.674325,129.532254,135.400347,51
illuminated,Wednesday,2,1065,left,132.807930,132.399009,129.248882,136.819645,51
illuminated,Wednesday,2,1065,right,131.721671,131.530724,128.948197,135.087381,51
illuminated,Wednesday,2,1080,left,134.180897,133.376924,130.481639,138.930955,51
illuminated,Wednesday,2,1080,right,132.335325,132.885325,130.127614,135.656306,51
illuminated,Wednesday,2,1095,left,135.401685,135.338582,130.801762,139.767888,51
illuminated,Wednesday,2,1095,right,133.254461,133.553824,128.098425,137.142995,51
illuminated,Wednesday,2,1110,left,133.535117,134.376550,128.988657,137.226058,51
illuminated,Wednesday,2,1110,right,132.437881,132.628817,125.258046,135.743980,51
illuminated,Wednesday,2,1125,left,131.956273,131.836477,125.875851,137.239362,51
illuminated,Wednesday,2,1125,right,131.043827,130.441719,123.499545,139.562154,51
illuminated,Wednesday,2,1140,left,130.723741,134.217077,128.411085,137.164660,51
illuminated,Wednesday,2,1140,right,131.041731,131.247579,125.111353,137.411425,51
illuminated,Wednesday,2,1155,left,128.684885,131.126350,127.336439,136.315178,51
illuminated,Wednesday,2,1155,right,127.191885,127.884201,121.014326,133.844976,51
illuminated,Wednesday,2,1170,left,131.824480,132.501877,128.649225,138.663927,51
illuminated,Wednesday,2,1170,right,133.249234,132.975522,123.697991,144.078032,51
illuminated,Wednesday,2,1185,left,132.612664,134.917550,129.075577,138.782201,51
illuminated,Wednesday,2,1185,right,128.685261,130.088946,115.789403,140.822581,51
illuminated,Wednesday,2,1200,left,132.629372,134.214686,123.463431,142.025410,51
illuminated,Wednesday,2,1200,right,132.108352,131.628977,122.269381,141.781684,51
illuminated,Wednesday,2,1215,left,128.323971,129.387136,121.463106,138.297981,51
illuminated,Wednesday,2,1215,right,128.233100,128.230432,120.967634,137.338927,51
illuminated,Wednesday,2,1230,left,131.045488,131.323847,124.764642,137.830761,50
illuminated,Wednesday,2,1230,right,131.058105,127.712777,122.351961,140.053163,50
illuminated,Wednesday,2,1245,left,125.706534,126.319758,118.722281,132.061556,51
illuminated,Wednesday,2,1245,right,128.363293,125.026727,119.869025,141.219939,51
illuminated,Wednesday,2,1260,left,124.110484,122.508604,112.078372,133.689318,51
illuminated,Wednesday,2,1260,right,126.467910,126.034337,113.363370,134.897783,51
illuminated,Wednesday,2,1275,left,119.854066,116.772816,110.488154,125.970033,51
illuminated,Wednesday,2,1275,right,121.647863,121.190363,110.679922,130.332714,51
illuminated,Wednesday,2,1290,left,119.533659,118.531377,113.985339,126.844219,51
illuminated,Wednesday,2,1290,right,122.576475,123.992173,116.801879,130.970861,51
illuminated,Wednesday,2,1305,left,117.358707,120.585445,109.254544,124.365588,51
illuminated,Wednesday,2,1305,right,118.038726,118.996044,109.766720,126.811124,51
illuminated,Wednesday,2,1320,left,115.083765,116.630378,108.746565,122.510210,51
illuminated,Wednesday,2,1320,right,119.790127,121.441016,111.744896,128.556226,51
illuminated,Wednesday,2,1335,left,119.631489,121.013320,114.326962,128.453341,49
illuminated,Wednesday,2,1335,right,119.829886,123.017678,109.237156,127.621554,49
illuminated,Wednesday,2,1350,left,116.010803,118.512417,110.708729,123.555250,51
illuminated,Wednesday,2,1350,right,117.531330,122.008591,109.566938,126.044348,51
illuminated,Wednesday,2,1365,left,118.097367,117.355976,113.701216,122.922216,51
illuminated,Wednesday,2,1365,right,119.163131,121.547433,114.242638,125.808216,51
illuminated,Wednesday,2,1380,left,112.540526,120.239647,110.307769,129.472104,51
illuminated,Wednesday,2,1380,right,113.091312,118.223148,108.824005,129.154566,51
illuminated,Wednesday,2,1395,left,109.406959,118.004937,102.228519,123.658758,51
illuminated,Wednesday,2,1395,right,108.631641,114.228010,102.995683,124.461884,51
illuminated,Wednesday,2,1410,left,114.584786,121.211239,112.921367,129.812108,51
illuminated,Wednesday,2,1410,right,112.765079,121.379871,111.239795,127.484867,51
illuminated,Wednesday,2,1425,left,113.529764,122.753062,113.279548,128.185923,51
illuminated,Wednesday,2,1425,right,113.183499,123.087194,110.525872,126.495908,51
illuminated,Thursday,3,0,left,109.869717,114.894515,106.203583,124.082989,51
illuminated,Thursday,3,0,right,110.694274,120.345757,104.733668,124.521599,51
illuminated,Thursday,3,15,left,118.854770,123.553852,108.805423,128.109310,51
illuminated,Thursday,3,15,right,117.127374,121.090516,109.021364,127.519219,51
illuminated,Thursday,3,30,left,121.525469,124.819058,117.381316,132.305432,51
illuminated,Thursday,3,30,right,115.009790,117.082774,105.653506,124.108871,51
illuminated,Thursday,3,45,left,121.217421,124.734324,110.657864,131.452947,51
illuminated,Thursday,3,45,right,115.618947,119.222093,107.520697,124.955338,51
illuminated,Thursday,3,60,left,119.967520,120.750883,115.867855,127.917213,51
illuminated,Thursday,3,60,right,120.428600,122.511653,116.317016,126.888745,51
illuminated,Thursday,3,75,left,118.760772,119.087673,111.153376,127.948466,51
illuminated,Thursday,3,75,right,119.134986,121.933655,106.414827,128.580397,51
illuminated,Thursday,3,90,left,120.802323,121.727005,109.880623,127.712080,51
illuminated,Thursday,3,90,right,110.124569,118.725082,105.410843,128.848354,51
illuminated,Thursday,3,105,left,115.364463,118.336592,102.240999,124.981039,51
illuminated,Thursday,3,105,right,115.197442,115.901481,103.198852,123.257826,51
illuminated,Thursday,3,120,left,121.642613,123.590816,113.853234,129.780327,51
illuminated,Thursday,3,120,right,121.097776,121.538629,114.025723,130.031914,51
illuminated,Thursday,3,135,left,124.555056,125.639797,113.953287,146.183856,51
illuminated,Thursday,3,135,right,123.507232,127.037486,110.802436,150.452893,51
illuminated,Thursday,3,150,left,112.287327,123.609503,100.865163,151.353785,51
illuminated,Thursday,3,150,right,127.206051,133.905029,122.660081,153.198777,51
illuminated,Thursday,3,165,left,99.615443,124.423249,38.737153,139.543621,51
illuminated,Thursday,3,165,right,128.926195,133.462515,117.843775,154.422363,51
illuminated,Thursday,3,180,left,102.103478,124.886277,0.000000,150.020922,51
illuminated,Thursday,3,180,right,132.611515,141.642318,120.416219,157.544703,51
illuminated,Thursday,3,195,left,102.415388,126.409955,51.164992,140.702096,51
illuminated,Thursday,3,195,right,132.101995,135.639047,121.589494,158.975250,51
illuminated,Thursday,3,210,left,118.776563,133.234964,116.621820,149.356574,51
illuminated,Thursday,3,210,right,123.946993,130.504973,115.913263,147.556340,51
illuminated,Thursday,3,225,left,120.557886,130.932985,111.177624,155.535579,51
illuminated,Thursday,3,225,right,123.731218,136.186808,110.898677,148.051130,51
illuminated,Thursday,3,240,left,129.746477,139.120311,123.905330,152.583754,51
illuminated,Thursday,3,240,right,127.875567,131.069169,117.924664,149.557125,51
illuminated,Thursday,3,255,left,119.382680,136.726372,111.691762,155.946689,51
illuminated,Thursday,3,255,right,129.206186,136.216114,121.054389,147.698922,51
illuminated,Thursday,3,270,left,118.119088,135.949101,117.084362,147.561729,51
illuminated,Thursday,3,270,right,124.827243,128.433966,120.108614,141.873249,51
illuminated,Thursday,3,285,left,123.284069,127.938202,114.525171,145.633083,51
illuminated,Thursday,3,285,right,124.518053,129.219759,120.840029,141.987879,51
illuminated,Thursday,3,300,left,118.503557,122.050460,114.374055,137.757651,51
illuminated,Thursday,3,300,right,123.396547,128.876015,123.700208,135.891135,51
illuminated,Thursday,3,315,left,116.980421,122.689428,117.845579,129.071681,51
illuminated,Thursday,3,315,right,121.720631,130.105651,123.857078,136.337871,51
illuminated,Thursday,3,330,left,121.736478,128.195731,119.983856,133.935726,51
illuminated,Thursday,3,330,right,122.397235,127.896754,123.978519,133.727939,51
illuminated,Thursday,3,345,left,125.624689,129.025968,124.359207,142.122488,51
illuminated,Thursday,3,345,right,124.430456,133.392843,125.145695,138.551068,51
illuminated,Thursday,3,360,left,123.796888,128.671336,121.724499,139.327603,51
illuminated,Thursday,3,360,right,126.237196,134.727340,128.249399,138.623054,51
illuminated,Thursday,3,375,left,122.019240,127.379250,120.150080,139.161771,51
illuminated,Thursday,3,375,right,125.951462,133.797020,127.310601,139.572573,51
illuminated,Thursday,3,390,left,124.442991,130.367237,122.076600,140.743115,51
illuminated,Thursday,3,390,right,126.981649,134.423410,129.963254,138.640585,51
illuminated,Thursday,3,405,left,125.616828,133.194705,123.718571,142.124141,51
illuminated,Thursday,3,405,right,128.556462,135.475340,133.077401,138.756701,51
illuminated,Thursday,3,420,left,123.805015,133.082878,119.834522,140.089170,51
illuminated,Thursday,3,420,right,128.416670,136.264846,131.849535,141.271460,51
illuminated,Thursday,3,435,left,126.746629,131.647930,120.325200,138.388734,51
illuminated,Thursday,3,435,right,137.006591,136.366956,131.787372,141.682194,51
illuminated,Thursday,3,450,left,131.275786,130.937000,125.423061,138.236418,51
illuminated,Thursday,3,450,right,132.175788,134.631366,129.658177,138.107106,51
illuminated,Thursday,3,465,left,130.755460,131.443206,121.435965,141.472409,51
illuminated,Thursday,3,465,right,133.616007,132.135098,128.673951,140.012415,51
illuminated,Thursday,3,480,left,132.900583,130.663114,124.143055,142.768688,51
illuminated,Thursday,3,480,right,131.787755,132.645162,127.213150,137.824040,51
illuminated,Thursday,3,495,left,131.046287,129.670259,122.987092,139.394535,51
illuminated,Thursday,3,495,right,133.654857,135.193969,128.506169,139.551007,51
illuminated,Thursday,3,510,left,134.028798,135.989335,131.610690,141.325926,50
illuminated,Thursday,3,510,right,134.572107,136.290768,130.865512,138.901322,50
illuminated,Thursday,3,525,left,131.505273,133.382500,123.722046,141.698884,51
illuminated,Thursday,3,525,right,132.185624,132.744821,126.196400,139.312982,51
illuminated,Thursday,3,540,left,129.548095,131.654013,122.070810,137.839160,51
illuminated,Thursday,3,540,right,132.102222,133.289447,124.510108,142.391061,51
illuminated,Thursday,3,555,left,126.429393,127.681345,119.059983,135.028962,51
illuminated,Thursday,3,555,right,130.053818,131.467477,120.788378,139.678553,51
illuminated,Thursday,3,570,left,127.734608,129.693609,118.619255,137.211541,51
illuminated,Thursday,3,570,right,129.717521,129.039522,121.815001,139.229914,51
illuminated,Thursday,3,585,left,132.460211,133.593459,126.590040,138.479505,51
illuminated,Thursday,3,585,right,129.620913,131.933519,120.813902,139.457232,51
illuminated,Thursday,3,600,left,126.504988,128.651204,119.332792,134.167888,51
illuminated,Thursday,3,600,right,128.520137,131.644970,123.538827,138.888526,51
illuminated,Thursday,3,615,left,126.446431,130.290701,124.553098,133.676074,51
illuminated,Thursday,3,615,right,128.267250,131.674121,118.538320,140.219343,51
illuminated,Thursday,3,630,left,126.977648,128.972933,122.932015,134.246085,51
illuminated,Thursday,3,630,right,127.156229,130.609758,118.364428,137.138885,51
illuminated,Thursday,3,645,left,125.952935,129.918832,121.190248,136.234355,51
illuminated,Thursday,3,645,right,127.454882,130.756364,124.437173,137.258310,51
illuminated,Thursday,3,660,left,126.581207,126.537237,119.541998,133.375801,51
illuminated,Thursday,3,660,right,128.238309,133.243043,122.949615,139.017184,51
illuminated,Thursday,3,675,left,123.999769,128.172920,118.282830,133.660398,51
illuminated,Thursday,3,675,right,127.223888,130.545957,124.587735,137.322940,51
illuminated,Thursday,3,690,left,126.063701,128.494111,117.728688,136.412520,51
illuminated,Thursday,3,690,right,128.387242,133.082978,122.855760,140.357655,51
illuminated,Thursday,3,705,left,125.909102,127.348078,121.631522,133.767324,51
illuminated,Thursday,3,705,right,127.477103,131.525290,121.792181,135.736294,51
illuminated,Thursday,3,720,left,126.495863,128.980274,122.883140,132.465683,51
illuminated,Thursday,3,720,right,127.737946,129.195108,121.950762,134.110740,51
illuminated,Thursday,3,735,left,131.892731,131.673703,126.002090,136.560248,51
illuminated,Thursday,3,735,right,129.638752,131.024195,123.402631,135.544688,51
illuminated,Thursday,3,750,left,132.680710,133.631383,129.925627,138.830604,51
illuminated,Thursday,3,750,right,130.978577,132.802591,122.613739,141.014199,51
illuminated,Thursday,3,765,left,136.212445,136.879391,132.164090,142.229306,51
illuminated,Thursday,3,765,right,132.102844,133.798586,126.294453,137.622403,51
illuminated,Thursday,3,780,left,133.856364,135.242508,128.881577,139.522468,51
illuminated,Thursday,3,780,right,134.224839,133.488259,124.901707,140.659910,51
illuminated,Thursday,3,795,left,132.820766,133.351887,128.099096,138.165298,51
illuminated,Thursday,3,795,right,132.377082,132.279536,125.341562,139.015227,51
illuminated,Thursday,3,810,left,133.736591,134.739174,129.049725,138.978151,51
illuminated,Thursday,3,810,right,132.494965,134.511462,124.333750,139.619671,51
illuminated,Thursday,3,825,left,136.763437,136.581867,129.936832,142.508715,51
illuminated,Thursday,3,825,right,136.550965,137.047038,129.530790,143.693372,51
illuminated,Thursday,3,840,left,136.889749,135.606840,131.405818,144.842699,51
illuminated,Thursday,3,840,right,133.948682,135.097299,124.795009,144.021839,51
illuminated,Thursday,3,855,left,135.560615,136.515276,130.916360,140.147511,51
illuminated,Thursday,3,855,right,135.959217,134.978512,125.898155,145.575120,51
illuminated,Thursday,3,870,left,132.141789,133.453462,127.443313,139.271278,51
illuminated,Thursday,3,870,right,137.534890,136.075292,127.841928,146.665981,51
illuminated,Thursday,3,885,left,132.323664,134.468154,131.038371,138.692830,51
illuminated,Thursday,3,885,right,135.846912,136.660654,129.025038,143.764886,51
illuminated,Thursday,3,900,left,135.441064,136.846284,133.340899,141.374407,51
illuminated,Thursday,3,900,right,136.265488,137.192683,129.557169,143.825927,51
illuminated,Thursday,3,915,left,131.734156,130.747896,128.045208,136.844726,51
illuminated,Thursday,3,915,right,133.614159,133.602514,123.502938,141.562058,51
illuminated,Thursday,3,930,left,133.535880,132.685898,128.159236,141.142612,51
illuminated,Thursday,3,930,right,134.489421,135.513550,125.836869,142.278282,51
illuminated,Thursday,3,945,left,132.502963,131.137520,126.758606,138.703302,51
illuminated,Thursday,3,945,right,134.323198,137.823562,129.060854,140.126227,51
illuminated,Thursday,3,960,left,132.516442,135.018258,125.456015,139.887898,51
illuminated,Thursday,3,960,right,132.260830,133.093604,129.030199,139.929792,51
illuminated,Thursday,3,975,left,131.215246,131.204267,127.321589,137.064484,51
illuminated,Thursday,3,975,right,133.095480,133.589037,128.113689,139.444624,51
illuminated,Thursday,3,990,left,130.786823,132.082360,126.237878,137.368220,51
illuminated,Thursday,3,990,right,131.857011,134.339576,126.626237,138.660915,51
illuminated,Thursday,3,1005,left,134.811191,136.389097,128.666572,141.996096,51
illuminated,Thursday,3,1005,right,131.937283,133.460963,127.841067,137.104803,51
illuminated,Thursday,3,1020,left,134.105285,135.277208,128.659824,141.769998,51
illuminated,Thursday,3,1020,right,130.971488,131.844067,124.546891,138.204758,51
illuminated,Thursday,3,1035,left,133.820760,133.785661,129.437144,139.370396,51
illuminated,Thursday,3,1035,right,131.573618,134.516477,126.067332,137.106077,51
illuminated,Thursday,3,1050,left,135.109625,135.136646,132.494615,138.423308,51
illuminated,Thursday,3,1050,right,129.896780,132.023545,124.439427,136.427925,51
illuminated,Thursday,3,1065,left,133.023719,132.733161,128.592837,138.994115,51
illuminated,Thursday,3,1065,right,130.037672,132.442751,125.601247,135.762143,51
illuminated,Thursday,3,1080,left,133.211862,133.955420,128.957924,138.564432,51
illuminated,Thursday,3,1080,right,131.797348,133.215022,124.757599,138.141835,51
illuminated,Thursday,3,1095,left,133.875806,135.098589,127.114096,140.014743,51
illuminated,Thursday,3,1095,right,133.477370,136.260455,126.596628,138.538728,51
illuminated,Thursday,3,1110,left,135.053908,135.674554,129.295631,141.150539,51
illuminated,Thursday,3,1110,right,132.870044,134.315320,126.456316,138.072430,51
illuminated,Thursday,3,1125,left,135.588832,137.085373,130.026099,141.353170,51
illuminated,Thursday,3,1125,right,135.208780,136.824905,129.699665,141.748543,51
illuminated,Thursday,3,1140,left,135.456824,135.709267,132.382518,141.534044,51
illuminated,Thursday,3,1140,right,134.580233,136.497257,128.849802,141.037516,51
illuminated,Thursday,3,1155,left,137.086025,137.021990,132.960393,143.575467,51
illuminated,Thursday,3,1155,right,134.373709,135.170393,128.287637,141.336282,51
illuminated,Thursday,3,1170,left,134.658869,136.303828,132.638423,141.096771,51
illuminated,Thursday,3,1170,right,134.627369,137.619808,127.809821,143.694389,51
illuminated,Thursday,3,1185,left,132.210511,134.232793,129.273556,139.677593,51
illuminated,Thursday,3,1185,right,130.757613,133.513605,124.920829,145.340608,51
illuminated,Thursday,3,1200,left,131.652076,134.058002,126.519244,141.557238,51
illuminated,Thursday,3,1200,right,131.543774,131.044155,119.713191,143.602186,51
illuminated,Thursday,3,1215,left,129.697223,131.150041,121.619279,143.999225,50
illuminated,Thursday,3,1215,right,134.257354,138.097250,121.710270,145.787313,50
illuminated,Thursday,3,1230,left,134.123579,131.427746,123.042893,143.999580,48
illuminated,Thursday,3,1230,right,131.010156,132.293735,124.614633,143.557715,48
illuminated,Thursday,3,1245,left,126.889011,128.080594,117.946840,135.168303,49
illuminated,Thursday,3,1245,right,130.439116,127.673116,124.102543,136.306294,49
illuminated,Thursday,3,1260,left,119.271308,117.620854,104.700455,136.421525,51
illuminated,Thursday,3,1260,right,128.011013,126.853425,119.601337,137.680353,51
illuminated,Thursday,3,1275,left,120.618516,120.915045,109.947107,136.824590,51
illuminated,Thursday,3,1275,right,124.278095,124.381207,117.818463,135.486580,51
illuminated,Thursday,3,1290,left,120.438437,120.691566,114.648290,130.566534,51
illuminated,Thursday,3,1290,right,124.599779,126.607642,121.080514,132.267629,51
illuminated,Thursday,3,1305,left,122.588855,123.208122,116.339343,129.622996,51
illuminated,Thursday,3,1305,right,125.430038,125.610182,120.392877,130.976658,51
illuminated,Thursday,3,1320,left,124.311216,124.061884,115.373069,128.267709,51
illuminated,Thursday,3,1320,right,125.346310,126.028807,119.400689,133.035070,51
illuminated,Thursday,3,1335,left,125.477088,125.427019,120.551468,130.962908,50
illuminated,Thursday,3,1335,right,123.908219,122.381405,117.511191,129.164136,50
illuminated,Thursday,3,1350,left,119.724854,122.312956,112.409278,126.831002,51
illuminated,Thursday,3,1350,right,123.484395,122.828165,116.236688,130.515880,51
illuminated,Thursday,3,1365,left,121.053490,121.984903,116.034341,129.305256,51
illuminated,Thursday,3,1365,right,120.705788,118.513593,112.031482,126.158426,51
illuminated,Thursday,3,1380,left,123.857225,125.524054,116.366924,131.870460,51
illuminated,Thursday,3,1380,right,118.911897,120.701389,112.379647,127.856766,51
illuminated,Thursday,3,1395,left,119.786296,120.439368,115.809305,128.544955,51
illuminated,Thursday,3,1395,right,120.110979,122.816942,112.281079,130.408020,51
illuminated,Thursday,3,1410,left,120.367256,123.168597,113.828414,130.096385,51
illuminated,Thursday,3,1410,right,120.575980,123.127378,117.136840,129.350507,51
illuminated,Thursday,3,1425,left,118.431168,119.979716,111.180630,125.932344,51
illuminated,Thursday,3,1425,right,125.032586,127.683612,121.164057,131.148796,51
illuminated,Friday,4,0,left,119.518721,120.675401,115.358948,125.373597,45
illuminated,Friday,4,0,right,123.264041,123.949828,116.253590,130.175959,45
illuminated,Friday,4,15,left,123.456136,127.016488,118.000178,132.460293,45
illuminated,Friday,4,15,right,117.630949,119.903134,111.946872,127.260517,45
illuminated,Friday,4,30,left,123.873901,122.974717,116.165222,133.544420,45
illuminated,Friday,4,30,right,118.607290,116.751003,107.887776,128.943336,45
illuminated,Friday,4,45,left,125.601055,128.602524,116.340469,138.554786,45
illuminated,Friday,4,45,right,118.783091,120.409494,109.872711,127.226541,45
illuminated,Friday,4,60,left,126.708975,124.967398,121.390268,134.132512,45
illuminated,Friday,4,60,right,119.464312,118.500904,114.799714,125.201820,45
illuminated,Friday,4,75,left,130.235747,132.401212,117.665124,140.079971,45
illuminated,Friday,4,75,right,121.275065,121.143898,117.225239,128.956364,45
illuminated,Friday,4,90,left,119.661121,120.885184,111.919654,133.049298,45
illuminated,Friday,4,90,right,120.344360,120.025264,111.937748,126.817224,45
illuminated,Friday,4,105,left,116.082774,115.254980,105.366794,127.001944,45
illuminated,Friday,4,105,right,125.296709,126.584243,116.309543,133.886416,45
illuminated,Friday,4,120,left,119.379720,122.783168,114.891312,131.934019,45
illuminated,Friday,4,120,right,122.855768,123.296785,117.353227,129.949261,45
illuminated,Friday,4,135,left,119.342531,128.325171,107.724702,156.640900,45
illuminated,Friday,4,135,right,129.635675,136.113769,127.682671,157.146555,45
illuminated,Friday,4,150,left,108.211168,121.395896,85.195953,145.387604,45
illuminated,Friday,4,150,right,133.686744,139.651512,125.546279,152.861584,45
illuminated,Friday,4,165,left,107.893380,132.488750,64.293902,148.303236,45
illuminated,Friday,4,165,right,120.279585,121.384920,110.747688,145.855630,45
illuminated,Friday,4,180,left,121.775257,142.492941,113.446156,163.194118,45
illuminated,Friday,4,180,right,130.266324,132.561126,117.011515,149.531110,45
illuminated,Friday,4,195,left,121.771290,131.380325,116.105291,150.949832,45
illuminated,Friday,4,195,right,136.903720,128.404371,119.682935,152.932431,45
illuminated,Friday,4,210,left,137.157375,136.830256,125.502337,165.030163,45
illuminated,Friday,4,210,right,135.883740,136.223438,120.987856,154.467179,45
illuminated,Friday,4,225,left,109.599227,122.353760,98.317531,152.952180,45
illuminated,Friday,4,225,right,137.132050,136.624654,120.065245,156.249771,45
illuminated,Friday,4,240,left,129.049346,134.251016,114.736308,159.193534,45
illuminated,Friday,4,240,right,133.343745,130.833747,120.555079,141.582501,45
illuminated,Friday,4,255,left,125.726117,130.383790,116.061473,149.904489,45
illuminated,Friday,4,255,right,128.303147,128.065164,116.985889,136.599587,45
illuminated,Friday,4,270,left,118.122821,131.700724,116.741117,142.878348,45
illuminated,Friday,4,270,right,134.880278,136.088527,123.785396,149.367675,45
illuminated,Friday,4,285,left,117.361337,128.571965,121.399970,149.654992,45
illuminated,Friday,4,285,right,137.727225,138.106049,128.231206,146.297113,45
illuminated,Friday,4,300,left,124.597040,124.541879,113.483187,134.467395,45
illuminated,Friday,4,300,right,127.355590,127.676940,122.822040,135.034312,45
illuminated,Friday,4,315,left,124.970528,123.265336,119.012262,127.189135,45
illuminated,Friday,4,315,right,129.019950,128.537987,122.783115,136.020994,45
illuminated,Friday,4,330,left,130.062414,125.863959,119.587408,135.461581,45
illuminated,Friday,4,330,right,129.074315,130.157515,124.204219,137.341551,45
illuminated,Friday,4,345,left,126.093206,128.715185,116.322415,134.844338,45
illuminated,Friday,4,345,right,134.256006,134.457778,128.522423,139.661413,45
illuminated,Friday,4,360,left,131.958277,130.076362,120.562761,142.020518,45
illuminated,Friday,4,360,right,135.389855,135.420383,130.385395,141.143423,45
illuminated,Friday,4,375,left,133.177171,132.921893,126.241842,143.382394,45
illuminated,Friday,4,375,right,135.549218,134.924251,130.774366,141.325736,45
illuminated,Friday,4,390,left,130.937091,132.688346,123.629741,139.448549,45
illuminated,Friday,4,390,right,135.207858,135.045112,128.644742,142.720551,45
illuminated,Friday,4,405,left,138.463154,138.345341,131.639544,144.425959,45
illuminated,Friday,4,405,right,137.769355,136.835933,131.932985,144.821924,45
illuminated,Friday,4,420,left,135.627172,136.377024,130.184973,141.639324,45
illuminated,Friday,4,420,right,136.414464,136.565486,130.817107,141.539677,45
illuminated,Friday,4,435,left,132.140585,131.865009,127.494494,138.275372,45
illuminated,Friday,4,435,right,136.975692,135.372816,131.946137,144.487038,45
illuminated,Friday,4,450,left,134.893894,135.567021,127.341176,141.979862,45
illuminated,Friday,4,450,right,136.849479,136.720277,130.662455,141.596565,45
illuminated,Friday,4,465,left,138.385929,139.591158,132.901293,142.716220,45
illuminated,Friday,4,465,right,139.079635,139.686132,131.203767,143.210639,45
illuminated,Friday,4,480,left,137.014352,137.238610,130.928242,142.466422,44
illuminated,Friday,4,480,right,136.967919,136.220783,132.809420,142.199941,44
illuminated,Friday,4,495,left,131.291812,131.536844,120.044822,142.700270,45
illuminated,Friday,4,495,right,130.871074,131.708129,122.392507,139.254127,45
illuminated,Friday,4,510,left,131.473019,129.518546,118.824063,144.491656,45
illuminated,Friday,4,510,right,131.760218,130.684097,125.699537,141.578964,45
illuminated,Friday,4,525,left,131.989502,134.264250,123.808645,138.508859,45
illuminated,Friday,4,525,right,131.969590,132.151972,119.903274,142.192589,45
illuminated,Friday,4,540,left,131.497863,132.710808,123.805927,138.031145,45
illuminated,Friday,4,540,right,132.147324,134.336959,118.749619,142.751460,45
illuminated,Friday,4,555,left,131.458562,132.868209,128.226084,136.417925,45
illuminated,Friday,4,555,right,127.552483,124.927252,116.347853,139.908718,45
illuminated,Friday,4,570,left,130.016602,134.648018,118.481657,142.304749,45
illuminated,Friday,4,570,right,128.442660,131.637220,116.750430,135.418015,45
illuminated,Friday,4,585,left,129.558755,130.931685,119.848214,140.940517,45
illuminated,Friday,4,585,right,126.831855,129.141001,112.482200,141.689577,45
illuminated,Friday,4,600,left,131.364458,134.690590,121.396652,142.239635,45
illuminated,Friday,4,600,right,127.752295,127.186607,117.125203,137.390717,45
illuminated,Friday,4,615,left,131.356929,133.458742,122.632676,139.019547,45
illuminated,Friday,4,615,right,128.185729,128.109281,118.218435,137.747316,45
illuminated,Friday,4,630,left,128.649440,127.666637,120.382946,137.527642,45
illuminated,Friday,4,630,right,130.542180,133.088204,119.780074,142.735083,45
illuminated,Friday,4,645,left,131.890522,129.626636,125.524978,138.526265,45
illuminated,Friday,4,645,right,131.125141,134.819036,120.933798,139.537623,45
illuminated,Friday,4,660,left,130.880987,132.471376,126.365397,137.938527,45
illuminated,Friday,4,660,right,131.910144,135.206786,122.604828,140.648059,45
illuminated,Friday,4,675,left,131.553810,134.084562,127.696744,137.908170,45
illuminated,Friday,4,675,right,131.786853,134.708933,123.706815,138.819184,45
illuminated,Friday,4,690,left,132.636980,135.579796,122.735378,141.096095,45
illuminated,Friday,4,690,right,131.864302,132.698220,123.731360,141.629911,45
illuminated,Friday,4,705,left,133.389701,134.253583,121.635888,140.990022,45
illuminated,Friday,4,705,right,130.694486,134.561765,119.387038,140.932392,45
illuminated,Friday,4,720,left,131.763257,131.453206,120.928060,143.308310,45
illuminated,Friday,4,720,right,131.562349,135.265631,121.620147,140.484144,45
illuminated,Friday,4,735,left,133.400604,135.763231,127.754255,143.005048,45
illuminated,Friday,4,735,right,133.001731,135.790378,129.776480,140.184401,45
illuminated,Friday,4,750,left,131.058889,133.247645,124.513102,136.715050,45
illuminated,Friday,4,750,right,132.298940,134.101911,126.277488,140.451659,45
illuminated,Friday,4,765,left,133.652875,136.506233,127.906069,140.777637,45
illuminated,Friday,4,765,right,134.981380,136.646392,127.911486,141.586924,45
illuminated,Friday,4,780,left,134.298626,136.401105,127.242816,141.698773,45
illuminated,Friday,4,780,right,134.409348,137.286525,129.336934,141.895836,45
illuminated,Friday,4,795,left,134.889460,135.894816,129.882130,142.004729,45
illuminated,Friday,4,795,right,137.528488,138.284366,132.821215,144.519041,45
illuminated,Friday,4,810,left,133.915229,135.629400,128.304285,141.174951,45
illuminated,Friday,4,810,right,137.782711,138.110296,130.969632,144.410976,45
illuminated,Friday,4,825,left,135.886903,136.536179,129.130772,143.152801,45
illuminated,Friday,4,825,right,137.419532,136.433773,133.384626,142.359203,45
illuminated,Friday,4,840,left,136.357555,138.667644,130.111165,144.379238,45
illuminated,Friday,4,840,right,136.031262,137.265493,131.677705,142.473301,45
illuminated,Friday,4,855,left,134.491602,137.533267,130.435059,141.437248,45
illuminated,Friday,4,855,right,135.484776,137.772881,130.950546,143.132108,45
illuminated,Friday,4,870,left,134.514064,137.100287,132.258388,141.075955,45
illuminated,Friday,4,870,right,135.217950,137.868618,131.900386,141.766283,45
illuminated,Friday,4,885,left,137.111501,137.924620,134.669641,144.153987,45
illuminated,Friday,4,885,right,136.570297,138.064348,132.553780,143.526622,45
illuminated,Friday,4,900,left,133.589633,137.107844,131.611897,141.864178,45
illuminated,Friday,4,900,right,137.411727,137.890735,134.795859,142.338377,45
illuminated,Friday,4,915,left,134.293864,138.415269,129.292999,140.845729,45
illuminated,Friday,4,915,right,137.092570,136.394794,133.259379,141.801894,45
illuminated,Friday,4,930,left,135.958175,138.764016,135.207320,142.902408,45
illuminated,Friday,4,930,right,135.498724,135.417807,129.901909,139.089522,45
illuminated,Friday,4,945,left,134.142136,137.019920,129.191120,141.434313,45
illuminated,Friday,4,945,right,137.468322,135.453870,132.034192,144.490014,45
illuminated,Friday,4,960,left,135.365686,139.443897,129.758493,142.662437,45
illuminated,Friday,4,960,right,137.243618,136.139446,130.699526,142.774580,45
illuminated,Friday,4,975,left,134.680242,134.790212,129.600817,140.472212,45
illuminated,Friday,4,975,right,136.591700,136.823578,131.316702,141.998738,45
illuminated,Friday,4,990,left,134.073983,134.097518,127.810420,140.517008,45
illuminated,Friday,4,990,right,136.281407,136.464997,130.401413,143.483305,45
illuminated,Friday,4,1005,left,134.031817,136.263004,129.209776,141.756346,45
illuminated,Friday,4,1005,right,136.944594,137.469511,131.281352,143.860394,45
illuminated,Friday,4,1020,left,133.197532,136.334353,126.293924,139.924191,45
illuminated,Friday,4,1020,right,136.857710,136.892855,130.974147,144.153149,45
illuminated,Friday,4,1035,left,132.723446,134.745580,129.306043,139.803973,45
illuminated,Friday,4,1035,right,134.149018,136.383393,126.567244,142.970786,45
illuminated,Friday,4,1050,left,134.736162,135.119513,131.427863,140.661653,45
illuminated,Friday,4,1050,right,136.162591,137.940473,127.474400,142.289681,45
illuminated,Friday,4,1065,left,135.219327,138.851090,129.073495,143.078039,45
illuminated,Friday,4,1065,right,138.280571,137.555329,132.834733,145.512428,45
illuminated,Friday,4,1080,left,132.330289,133.050126,127.704607,137.686384,45
illuminated,Friday,4,1080,right,136.598522,137.518282,132.857757,142.222967,45
illuminated,Friday,4,1095,left,134.924423,134.678168,131.410703,137.190009,45
illuminated,Friday,4,1095,right,137.309607,137.453364,134.475279,144.077995,45
illuminated,Friday,4,1110,left,135.752615,135.632949,132.041946,139.197618,45
illuminated,Friday,4,1110,right,138.519426,139.119364,134.493557,143.429853,45
illuminated,Friday,4,1125,left,134.359421,134.765808,126.810969,139.881933,45
illuminated,Friday,4,1125,right,138.673062,136.943730,132.673648,144.010746,45
illuminated,Friday,4,1140,left,137.809657,135.931257,131.603832,144.292955,45
illuminated,Friday,4,1140,right,135.358844,134.234853,131.319408,141.369329,45
illuminated,Friday,4,1155,left,137.818765,137.724020,132.925635,141.387796,45
illuminated,Friday,4,1155,right,132.030140,132.706968,126.484910,139.969972,45
illuminated,Friday,4,1170,left,134.126170,136.243241,130.508895,139.368607,45
illuminated,Friday,4,1170,right,136.114173,136.643903,128.427966,143.903440,45
illuminated,Friday,4,1185,left,136.681041,136.202316,130.479149,144.121438,45
illuminated,Friday,4,1185,right,135.995924,136.438440,128.375419,144.072466,45
illuminated,Friday,4,1200,left,136.339668,134.375143,127.526203,147.106145,45
illuminated,Friday,4,1200,right,135.984494,134.373583,126.596303,143.585576,45
illuminated,Friday,4,1215,left,136.981595,139.615051,123.580356,146.600714,45
illuminated,Friday,4,1215,right,130.744562,129.718965,121.065908,138.995627,45
illuminated,Friday,4,1230,left,130.668217,134.565880,121.011908,140.104442,45
illuminated,Friday,4,1230,right,129.357586,130.579887,120.238586,139.273640,45
illuminated,Friday,4,1245,left,130.081567,133.036414,117.903108,139.305576,45
illuminated,Friday,4,1245,right,128.381845,127.150098,119.981816,135.835183,45
illuminated,Friday,4,1260,left,121.978090,121.442415,110.030694,130.540166,45
illuminated,Friday,4,1260,right,122.506061,124.289735,107.354480,133.806284,45
illuminated,Friday,4,1275,left,118.886327,120.939058,112.932623,126.554679,45
illuminated,Friday,4,1275,right,120.744276,121.614380,115.226855,130.940219,45
illuminated,Friday,4,1290,left,121.885972,120.151878,112.473589,129.508384,45
illuminated,Friday,4,1290,right,120.676238,122.551700,111.495667,126.559701,45
illuminated,Friday,4,1305,left,121.123887,121.688058,111.045270,130.628931,45
illuminated,Friday,4,1305,right,119.150129,119.281453,112.982543,126.239548,45
illuminated,Friday,4,1320,left,119.457545,118.539067,112.412037,129.630485,45
illuminated,Friday,4,1320,right,116.076854,117.610732,110.632763,121.715147,45
illuminated,Friday,4,1335,left,114.913170,116.735541,105.319241,121.643784,45
illuminated,Friday,4,1335,right,118.298832,121.218740,108.673965,126.736599,45
illuminated,Friday,4,1350,left,115.837531,119.343305,107.804702,123.239714,45
illuminated,Friday,4,1350,right,118.842098,120.128370,113.621128,125.098117,45
illuminated,Friday,4,1365,left,122.476440,119.729489,114.490337,128.977238,45
illuminated,Friday,4,1365,right,119.821707,121.924886,114.711524,126.216100,45
illuminated,Friday,4,1380,left,118.039194,119.545704,113.468883,126.659127,45
illuminated,Friday,4,1380,right,122.650195,123.157929,118.467049,127.210108,45
illuminated,Friday,4,1395,left,119.739017,119.455147,114.246796,125.128924,45
illuminated,Friday,4,1395,right,121.628699,122.581593,117.585469,128.664992,45
illuminated,Friday,4,1410,left,119.055256,120.440327,113.980934,125.699482,45
illuminated,Friday,4,1410,right,120.601326,120.624107,116.137338,127.421230,45
illuminated,Friday,4,1425,left,116.983386,116.965885,110.503242,127.047439,45
illuminated,Friday,4,1425,right,121.954594,121.029540,115.605237,127.755811,45
illuminated,Saturday,5,0,left,115.426888,116.536283,105.594803,124.511027,48
illuminated,Saturday,5,0,right,117.898202,118.636373,112.146010,125.199333,48
illuminated,Saturday,5,15,left,115.680790,115.619361,109.014030,124.751420,48
illuminated,Saturday,5,15,right,117.522111,120.604401,110.944709,127.141277,48
illuminated,Saturday,5,30,left,119.001927,120.487290,113.688106,126.358222,48
illuminated,Saturday,5,30,right,118.559349,119.891241,115.065082,125.016582,48
illuminated,Saturday,5,45,left,117.674372,118.211915,114.092650,126.196840,48
illuminated,Saturday,5,45,right,124.316871,123.327416,118.318897,128.505889,48
illuminated,Saturday,5,60,left,119.902303,121.075315,113.882892,128.535585,48
illuminated,Saturday,5,60,right,119.923348,123.252405,114.497711,127.721357,48
illuminated,Saturday,5,75,left,119.299031,122.677507,114.298707,128.771251,48
illuminated,Saturday,5,75,right,122.031721,124.820950,119.130243,128.663378,48
illuminated,Saturday,5,90,left,114.941843,118.626693,108.913846,125.617269,48
illuminated,Saturday,5,90,right,120.233956,121.469367,117.392351,131.549694,48
illuminated,Saturday,5,105,left,115.839016,118.521011,105.994182,125.657501,48
illuminated,Saturday,5,105,right,119.512704,119.557305,107.549131,130.680767,48
illuminated,Saturday,5,120,left,113.674833,115.963544,103.311177,123.756476,48
illuminated,Saturday,5,120,right,119.326270,121.433873,111.975477,130.641969,48
illuminated,Saturday,5,135,left,119.783113,125.117960,110.503617,154.115097,48
illuminated,Saturday,5,135,right,132.511024,130.789169,121.311438,149.150031,48
illuminated,Saturday,5,150,left,114.182694,125.184219,118.422626,140.561939,48
illuminated,Saturday,5,150,right,128.491069,133.881020,117.579619,152.850538,48
illuminated,Saturday,5,165,left,126.886357,131.636509,113.783925,152.524522,48
illuminated,Saturday,5,165,right,118.680237,124.328289,107.068535,136.149728,48
illuminated,Saturday,5,180,left,109.489674,120.400401,85.288468,146.010002,48
illuminated,Saturday,5,180,right,133.652848,131.522649,120.886653,150.423904,48
illuminated,Saturday,5,195,left,107.443783,122.997932,90.051027,144.409847,47
illuminated,Saturday,5,195,right,128.237136,125.975459,117.900635,144.908093,47
illuminated,Saturday,5,210,left,113.891725,122.396540,106.391183,142.319025,48
illuminated,Saturday,5,210,right,123.314462,122.349795,114.096749,149.513609,48
illuminated,Saturday,5,225,left,123.259086,117.824609,108.368816,167.877193,48
illuminated,Saturday,5,225,right,121.796241,130.523727,119.562737,143.248910,48
illuminated,Saturday,5,240,left,119.991406,126.155705,107.463969,165.544548,48
illuminated,Saturday,5,240,right,131.301043,127.600976,115.523744,145.335422,48
illuminated,Saturday,5,255,left,96.593376,107.757395,67.896751,137.958547,48
illuminated,Saturday,5,255,right,127.231366,127.653353,118.110643,142.857503,48
illuminated,Saturday,5,270,left,100.996602,119.805490,59.466058,150.930046,48
illuminated,Saturday,5,270,right,132.307896,133.588173,123.326955,144.094037,48
illuminated,Saturday,5,285,left,113.297169,123.561805,111.949835,144.208303,48
illuminated,Saturday,5,285,right,128.525019,133.108917,119.799767,142.750634,48
illuminated,Saturday,5,300,left,115.848414,125.043994,109.193376,133.279019,48
illuminated,Saturday,5,300,right,125.507096,123.148062,114.879625,138.633064,48
illuminated,Saturday,5,315,left,111.537709,115.763292,95.781745,132.097213,48
illuminated,Saturday,5,315,right,122.781831,123.920512,116.788442,134.899697,48
illuminated,Saturday,5,330,left,116.178971,121.086327,113.949699,128.760095,48
illuminated,Saturday,5,330,right,125.028756,128.380448,117.834230,134.683315,48
illuminated,Saturday,5,345,left,122.454017,122.369043,115.711794,135.758322,48
illuminated,Saturday,5,345,right,127.580840,125.684938,118.356790,138.428591,48
illuminated,Saturday,5,360,left,120.862398,122.726559,115.051841,132.862500,48
illuminated,Saturday,5,360,right,129.921826,128.547017,120.479655,140.301500,48
illuminated,Saturday,5,375,left,122.983670,126.501115,116.292430,140.055960,48
illuminated,Saturday,5,375,right,133.926422,133.140122,123.422330,146.445682,48
illuminated,Saturday,5,390,left,132.372903,131.179268,124.752237,140.539279,48
illuminated,Saturday,5,390,right,133.567072,131.232621,122.410273,146.123741,48
illuminated,Saturday,5,405,left,129.634516,131.317941,119.834533,140.847314,48
illuminated,Saturday,5,405,right,134.246178,134.233411,127.216122,142.111455,48
illuminated,Saturday,5,420,left,137.817768,136.260938,125.130059,147.048165,48
illuminated,Saturday,5,420,right,124.943932,131.748940,120.703130,145.303809,48
illuminated,Saturday,5,435,left,127.873172,129.514042,120.379067,139.943252,48
illuminated,Saturday,5,435,right,132.954553,134.170995,120.700211,144.256235,48
illuminated,Saturday,5,450,left,133.571417,134.515685,125.234785,141.444460,48
illuminated,Saturday,5,450,right,126.709360,129.608785,121.213454,139.857973,48
illuminated,Saturday,5,465,left,133.287941,137.264431,125.014905,145.672096,48
illuminated,Saturday,5,465,right,136.500641,133.214011,126.163033,144.586909,48
illuminated,Saturday,5,480,left,129.545284,132.520539,121.539171,138.581892,48
illuminated,Saturday,5,480,right,133.166073,136.001739,128.413469,145.377319,48
illuminated,Saturday,5,495,left,135.883023,139.194660,125.655089,144.242682,48
illuminated,Saturday,5,495,right,134.809791,133.224561,130.580797,140.392368,48
illuminated,Saturday,5,510,left,133.051937,136.392196,125.747688,143.186343,48
illuminated,Saturday,5,510,right,128.923039,132.411145,119.988951,139.278579,48
illuminated,Saturday,5,525,left,132.707882,135.778173,120.956711,144.719191,48
illuminated,Saturday,5,525,right,130.831672,130.647236,123.640447,139.306512,48
illuminated,Saturday,5,540,left,134.115562,137.615055,128.014003,143.205753,47
illuminated,Saturday,5,540,right,125.191359,123.014196,116.993020,136.324342,47
illuminated,Saturday,5,555,left,140.171478,139.487291,133.692698,145.720750,48
illuminated,Saturday,5,555,right,132.676393,134.557721,124.937449,143.810000,48
illuminated,Saturday,5,570,left,137.669914,139.827550,131.285605,144.454496,48
illuminated,Saturday,5,570,right,130.790593,132.341020,123.093671,138.214920,48
illuminated,Saturday,5,585,left,132.523910,131.716923,123.127972,144.142609,48
illuminated,Saturday,5,585,right,125.840825,128.335974,117.852004,135.073893,48
illuminated,Saturday,5,600,left,132.172091,135.330342,127.577012,139.845959,48
illuminated,Saturday,5,600,right,132.099074,134.978906,129.165298,139.757008,48
illuminated,Saturday,5,615,left,134.145239,135.181827,127.430788,142.580068,48
illuminated,Saturday,5,615,right,135.291090,134.319662,128.189643,146.187750,48
illuminated,Saturday,5,630,left,136.247284,135.569279,127.217687,147.080390,48
illuminated,Saturday,5,630,right,134.260595,136.352535,127.484883,142.609797,48
illuminated,Saturday,5,645,left,136.163634,136.603059,129.641967,142.872096,48
illuminated,Saturday,5,645,right,133.937131,133.749341,127.332875,142.872859,48
illuminated,Saturday,5,660,left,130.263291,134.682343,122.202902,142.378476,48
illuminated,Saturday,5,660,right,134.049143,136.211858,130.361312,142.597644,48
illuminated,Saturday,5,675,left,136.957395,137.640953,127.748722,146.746781,48
illuminated,Saturday,5,675,right,135.676052,137.463057,129.168107,141.173969,48
illuminated,Saturday,5,690,left,135.136749,138.182712,124.932211,144.749540,48
illuminated,Saturday,5,690,right,137.709411,138.421311,134.911028,141.179526,48
illuminated,Saturday,5,705,left,132.732153,135.099099,127.442327,140.934104,48
illuminated,Saturday,5,705,right,138.105912,139.163390,132.412310,144.228968,48
illuminated,Saturday,5,720,left,133.837968,133.723382,127.938231,143.828489,48
illuminated,Saturday,5,720,right,137.522850,139.123577,131.615722,143.156053,48
illuminated,Saturday,5,735,left,134.551364,134.693513,125.742040,144.241800,48
illuminated,Saturday,5,735,right,135.634353,137.158010,128.003843,142.612804,48
illuminated,Saturday,5,750,left,132.311902,131.723054,125.137366,139.794284,48
illuminated,Saturday,5,750,right,136.449456,135.714619,132.990875,141.923105,48
illuminated,Saturday,5,765,left,131.975060,132.241126,126.073923,139.856537,48
illuminated,Saturday,5,765,right,136.574202,136.820563,132.218614,143.790519,48
illuminated,Saturday,5,780,left,133.592603,135.312166,123.804735,140.156975,48
illuminated,Saturday,5,780,right,138.369972,139.395019,134.317304,144.512617,48
illuminated,Saturday,5,795,left,133.311563,134.004355,126.921282,139.644408,48
illuminated,Saturday,5,795,right,140.356894,140.613718,134.316096,145.764367,48
illuminated,Saturday,5,810,left,135.864222,135.329224,127.438556,141.410161,48
illuminated,Saturday,5,810,right,138.621440,139.383335,136.180766,143.898553,48
illuminated,Saturday,5,825,left,136.219797,137.621982,127.054129,142.412835,48
illuminated,Saturday,5,825,right,136.293778,138.581371,130.874696,142.154459,48
illuminated,Saturday,5,840,left,135.133362,136.436825,129.676246,142.881454,47
illuminated,Saturday,5,840,right,137.685565,138.759185,132.053986,145.160972,47
illuminated,Saturday,5,855,left,134.586148,136.282931,131.891389,141.906029,48
illuminated,Saturday,5,855,right,140.900255,138.829668,133.809114,148.324930,48
illuminated,Saturday,5,870,left,133.693081,133.603232,127.601109,141.256973,48
illuminated,Saturday,5,870,right,139.501095,139.695119,134.413672,145.221296,48
illuminated,Saturday,5,885,left,130.509686,135.825942,118.574354,143.102659,48
illuminated,Saturday,5,885,right,137.864348,138.511826,132.269830,142.845399,48
illuminated,Saturday,5,900,left,130.169725,134.261353,121.946008,139.591490,48
illuminated,Saturday,5,900,right,138.568833,139.248443,131.732095,145.190071,48
illuminated,Saturday,5,915,left,133.308324,133.532690,128.976051,139.671610,48
illuminated,Saturday,5,915,right,138.891411,140.825970,132.323742,146.171057,48
illuminated,Saturday,5,930,left,131.761100,134.237432,119.964320,140.998137,48
illuminated,Saturday,5,930,right,138.056178,138.934906,131.462682,145.020174,48
illuminated,Saturday,5,945,left,133.850281,135.023948,128.681321,143.967274,48
illuminated,Saturday,5,945,right,137.539562,137.572653,131.945470,144.981450,48
illuminated,Saturday,5,960,left,133.430908,134.850083,127.653277,141.862512,48
illuminated,Saturday,5,960,right,137.293927,136.639897,128.960081,145.027239,48
illuminated,Saturday,5,975,left,134.799023,136.129212,128.297531,143.482093,48
illuminated,Saturday,5,975,right,137.249498,135.480333,130.328425,144.306390,48
illuminated,Saturday,5,990,left,134.729472,134.784253,129.492876,139.243251,48
illuminated,Saturday,5,990,right,136.548204,136.795501,128.725466,145.670479,48
illuminated,Saturday,5,1005,left,135.219308,137.067395,130.580938,142.254715,48
illuminated,Saturday,5,1005,right,133.761048,138.348482,127.798726,144.616475,48
illuminated,Saturday,5,1020,left,129.305730,135.780430,128.840185,144.394045,48
illuminated,Saturday,5,1020,right,130.231370,139.926306,131.326224,144.284991,48
illuminated,Saturday,5,1035,left,127.857317,139.780708,127.035839,144.207208,48
illuminated,Saturday,5,1035,right,129.501311,138.835079,129.847337,143.909610,48
illuminated,Saturday,5,1050,left,126.823764,138.008148,125.052330,142.634736,48
illuminated,Saturday,5,1050,right,129.731737,141.000994,130.246797,145.016630,48
illuminated,Saturday,5,1065,left,126.649211,137.076094,125.598879,143.326426,48
illuminated,Saturday,5,1065,right,129.728771,139.305747,129.918266,144.290934,48
illuminated,Saturday,5,1080,left,128.131485,137.757150,125.644542,145.858759,48
illuminated,Saturday,5,1080,right,128.454019,139.894866,128.289928,144.427836,48
illuminated,Saturday,5,1095,left,127.466821,137.258411,128.742806,141.731922,48
illuminated,Saturday,5,1095,right,130.027491,141.378348,127.774355,145.740681,48
illuminated,Saturday,5,1110,left,125.930246,137.438048,123.720986,141.678322,48
illuminated,Saturday,5,1110,right,127.060544,137.338635,130.566682,141.840546,48
illuminated,Saturday,5,1125,left,127.548902,135.804175,128.442961,140.449877,48
illuminated,Saturday,5,1125,right,127.591856,138.279225,129.533327,142.150702,48
illuminated,Saturday,5,1140,left,125.354360,133.328681,124.118286,139.567898,48
illuminated,Saturday,5,1140,right,128.265736,138.276045,128.688133,143.682408,48
illuminated,Saturday,5,1155,left,128.126161,138.289624,128.382156,145.038469,48
illuminated,Saturday,5,1155,right,130.578640,138.279074,131.705139,143.314581,48
illuminated,Saturday,5,1170,left,126.062502,134.508891,129.829028,140.467346,48
illuminated,Saturday,5,1170,right,128.792462,136.260472,130.457703,141.499637,48
illuminated,Saturday,5,1185,left,126.740271,134.755646,125.830438,142.889468,48
illuminated,Saturday,5,1185,right,123.890783,133.151077,120.508700,144.176616,48
illuminated,Saturday,5,1200,left,124.087153,131.301712,124.141202,140.567880,48
illuminated,Saturday,5,1200,right,126.273061,133.443827,122.825881,144.942142,48
illuminated,Saturday,5,1215,left,126.713770,133.157636,124.353886,144.750561,47
illuminated,Saturday,5,1215,right,124.673838,131.409823,123.681006,142.599232,47
illuminated,Saturday,5,1230,left,126.490140,131.355676,119.704404,143.567271,48
illuminated,Saturday,5,1230,right,126.947378,133.147425,127.801249,140.144041,48
illuminated,Saturday,5,1245,left,118.523375,127.045732,119.391217,135.239047,48
illuminated,Saturday,5,1245,right,121.801322,128.952447,122.639321,136.076241,48
illuminated,Saturday,5,1260,left,115.921019,121.479647,113.912219,135.224046,48
illuminated,Saturday,5,1260,right,119.932655,127.785305,121.374793,134.774799,48
illuminated,Saturday,5,1275,left,110.063683,117.209802,105.819191,126.014397,48
illuminated,Saturday,5,1275,right,113.919539,122.237431,115.183715,131.109641,48
illuminated,Saturday,5,1290,left,115.344074,121.699197,110.091429,133.618822,48
illuminated,Saturday,5,1290,right,116.302502,123.303173,117.591461,129.641737,48
illuminated,Saturday,5,1305,left,113.595792,119.608475,109.217502,128.319697,48
illuminated,Saturday,5,1305,right,116.223164,126.281577,114.239911,131.452790,48
illuminated,Saturday,5,1320,left,111.939164,121.030099,112.437064,125.459337,48
illuminated,Saturday,5,1320,right,117.084336,123.637967,117.540891,130.889373,48
illuminated,Saturday,5,1335,left,114.163641,120.256492,114.468061,125.278585,48
illuminated,Saturday,5,1335,right,119.646008,126.847426,121.918784,131.905764,48
illuminated,Saturday,5,1350,left,110.170572,118.016185,107.286081,123.776478,47
illuminated,Saturday,5,1350,right,115.829539,124.393085,116.391361,129.878873,47
illuminated,Saturday,5,1365,left,107.561441,116.316820,99.784665,122.750590,48
illuminated,Saturday,5,1365,right,114.293189,122.537026,115.767510,128.686344,48
illuminated,Saturday,5,1380,left,106.806702,117.755597,94.229778,125.141331,48
illuminated,Saturday,5,1380,right,111.363935,119.879671,99.686984,129.602598,48
illuminated,Saturday,5,1395,left,113.253592,118.183714,110.373302,131.122721,48
illuminated,Saturday,5,1395,right,114.166059,121.772701,116.693421,126.457376,48
illuminated,Saturday,5,1410,left,116.452648,125.168683,118.234261,131.658774,48
illuminated,Saturday,5,1410,right,116.415768,123.352243,119.645817,129.770851,48
illuminated,Saturday,5,1425,left,116.099618,123.556221,118.569919,129.648561,48
illuminated,Saturday,5,1425,right,114.844991,123.635782,118.201752,127.858414,48
illuminated,Sunday,6,0,left,111.507978,119.465977,114.548678,123.615747,51
illuminated,Sunday,6,0,right,114.550724,123.712378,116.297505,127.614011,51
illuminated,Sunday,6,15,left,109.507981,117.972498,100.939664,121.841140,51
illuminated,Sunday,6,15,right,111.069432,120.139550,108.445083,125.959830,51
illuminated,Sunday,6,30,left,115.700762,121.545090,115.513835,129.002895,51
illuminated,Sunday,6,30,right,114.784505,123.089957,117.319627,128.474127,51
illuminated,Sunday,6,45,left,113.544407,119.863511,112.205896,127.193436,51
illuminated,Sunday,6,45,right,117.426819,123.914844,118.990497,128.868677,51
illuminated,Sunday,6,60,left,110.842460,119.475613,103.479422,127.734252,51
illuminated,Sunday,6,60,right,114.231090,123.218383,111.151018,129.034318,51
illuminated,Sunday,6,75,left,112.774607,119.550165,113.249505,128.027418,51
illuminated,Sunday,6,75,right,113.623371,122.069867,112.132166,127.558647,51
illuminated,Sunday,6,90,left,109.769006,119.216772,107.792679,123.854420,51
illuminated,Sunday,6,90,right,113.369770,122.212410,111.331066,126.129609,51
illuminated,Sunday,6,105,left,109.404143,119.161317,102.127202,125.544367,51
illuminated,Sunday,6,105,right,113.026424,123.319813,109.361058,128.837335,51
illuminated,Sunday,6,120,left,115.560135,123.247859,116.907799,128.039514,50
illuminated,Sunday,6,120,right,114.045445,124.010108,115.570140,130.919239,50
illuminated,Sunday,6,135,left,88.960844,112.217554,0.000000,133.757913,51
illuminated,Sunday,6,135,right,123.243902,130.463008,114.383624,150.457337,51
illuminated,Sunday,6,150,left,72.885600,110.424547,0.000000,130.005968,51
illuminated,Sunday,6,150,right,111.683040,129.070644,93.343331,147.279992,51
illuminated,Sunday,6,165,left,96.182535,117.110551,0.000000,143.400735,51
illuminated,Sunday,6,165,right,114.411296,124.238532,103.778334,144.218112,51
illuminated,Sunday,6,180,left,90.990190,115.278859,0.000000,132.204564,51
illuminated,Sunday,6,180,right,109.993923,122.814281,102.085743,150.110877,51
illuminated,Sunday,6,195,left,76.958096,111.178296,0.000000,125.794774,51
illuminated,Sunday,6,195,right,115.256702,127.273645,108.082436,141.035322,51
illuminated,Sunday,6,210,left,63.383250,70.467891,0.000000,118.863529,51
illuminated,Sunday,6,210,right,122.185987,122.385321,112.915029,144.825883,51
illuminated,Sunday,6,225,left,68.069690,74.841934,0.000000,119.251943,51
illuminated,Sunday,6,225,right,110.597804,118.506852,84.386346,152.439022,51
illuminated,Sunday,6,240,left,82.020236,113.491572,0.000000,131.021245,51
illuminated,Sunday,6,240,right,118.755236,124.705722,107.250001,144.981075,51
illuminated,Sunday,6,255,left,95.067837,118.331269,0.000000,154.877834,51
illuminated,Sunday,6,255,right,108.536698,122.496861,97.412836,138.105699,51
illuminated,Sunday,6,270,left,92.643715,119.268622,0.000000,138.813784,51
illuminated,Sunday,6,270,right,118.530366,124.779050,104.510583,140.780399,51
illuminated,Sunday,6,285,left,93.126484,113.642271,16.657616,137.447598,51
illuminated,Sunday,6,285,right,115.258743,124.411520,105.918878,144.492483,51
illuminated,Sunday,6,300,left,109.351951,121.201336,108.386394,138.066475,51
illuminated,Sunday,6,300,right,115.989034,122.008903,112.530299,139.165624,51
illuminated,Sunday,6,315,left,98.222674,119.109597,92.918438,131.744491,51
illuminated,Sunday,6,315,right,112.718502,121.947973,116.201309,133.725888,51
illuminated,Sunday,6,330,left,121.262045,123.919750,115.963599,135.783733,51
illuminated,Sunday,6,330,right,118.682302,123.403463,117.219692,134.831553,51
illuminated,Sunday,6,345,left,120.394466,120.822857,109.286668,139.153571,51
illuminated,Sunday,6,345,right,120.783844,126.553320,116.056396,135.845071,51
illuminated,Sunday,6,360,left,119.681460,125.631886,113.159453,137.236204,51
illuminated,Sunday,6,360,right,117.673725,125.070093,115.925998,135.335117,51
illuminated,Sunday,6,375,left,121.271338,125.417048,114.464254,135.836163,51
illuminated,Sunday,6,375,right,119.105934,124.315960,117.728646,129.488189,51
illuminated,Sunday,6,390,left,122.938922,129.230309,118.527406,139.442618,51
illuminated,Sunday,6,390,right,124.077713,126.694141,118.223058,139.122653,51
illuminated,Sunday,6,405,left,124.383340,130.879176,122.556863,139.761385,51
illuminated,Sunday,6,405,right,127.789562,134.338463,126.398352,139.384299,51
illuminated,Sunday,6,420,left,122.031791,134.490814,125.244338,142.907050,51
illuminated,Sunday,6,420,right,125.683743,133.090171,119.987834,150.415626,51
illuminated,Sunday,6,435,left,118.639055,132.844109,124.974010,142.102125,51
illuminated,Sunday,6,435,right,119.587787,136.255223,114.554838,152.806392,51
illuminated,Sunday,6,450,left,121.945415,135.318624,120.655357,143.547361,51
illuminated,Sunday,6,450,right,118.260321,131.138692,115.214803,147.196506,51
illuminated,Sunday,6,465,left,119.756091,126.540820,113.646002,140.265168,51
illuminated,Sunday,6,465,right,130.851175,136.457540,126.691325,151.883624,51
illuminated,Sunday,6,480,left,122.556806,127.504978,121.004279,135.006502,51
illuminated,Sunday,6,480,right,127.242500,136.376358,121.845255,148.878142,51
illuminated,Sunday,6,495,left,126.216430,132.733372,124.280855,142.861880,51
illuminated,Sunday,6,495,right,129.990134,138.892472,126.746012,145.614857,51
illuminated,Sunday,6,510,left,122.602882,126.124034,117.959563,136.451940,51
illuminated,Sunday,6,510,right,119.807265,130.395278,113.928867,138.168591,51
illuminated,Sunday,6,525,left,122.760048,129.814252,123.822506,139.132619,51
illuminated,Sunday,6,525,right,121.476888,130.163954,112.010400,139.247208,51
illuminated,Sunday,6,540,left,122.844407,128.985122,124.872634,140.312242,51
illuminated,Sunday,6,540,right,122.376949,130.600427,116.785035,137.758201,51
illuminated,Sunday,6,555,left,126.481329,134.305180,127.472292,141.182691,51
illuminated,Sunday,6,555,right,126.439075,133.395090,121.989687,145.338991,51
illuminated,Sunday,6,570,left,123.309351,131.034334,124.238923,137.915327,51
illuminated,Sunday,6,570,right,122.890509,130.116686,118.198642,140.171897,51
illuminated,Sunday,6,585,left,126.206244,133.275930,126.846302,139.248625,51
illuminated,Sunday,6,585,right,124.967045,130.918676,123.820107,140.261499,51
illuminated,Sunday,6,600,left,128.626279,137.188082,124.560372,145.636001,51
illuminated,Sunday,6,600,right,123.159349,131.671144,117.986562,141.413116,51
illuminated,Sunday,6,615,left,125.886901,134.059410,126.524553,139.490437,51
illuminated,Sunday,6,615,right,122.982464,127.919956,122.038930,139.634895,51
illuminated,Sunday,6,630,left,128.453762,136.708832,127.435657,144.211696,51
illuminated,Sunday,6,630,right,121.859882,131.904902,113.855266,141.074001,51
illuminated,Sunday,6,645,left,126.899036,137.351595,125.684966,142.023276,51
illuminated,Sunday,6,645,right,124.175049,135.299198,119.966826,140.486120,51
illuminated,Sunday,6,660,left,124.128808,133.904859,123.036303,138.981068,51
illuminated,Sunday,6,660,right,126.220210,134.063851,129.368636,140.661779,51
illuminated,Sunday,6,675,left,124.573198,134.655083,123.762361,138.565233,51
illuminated,Sunday,6,675,right,126.253005,133.907690,126.965363,138.992066,51
illuminated,Sunday,6,690,left,126.605992,135.279249,128.283331,140.561147,51
illuminated,Sunday,6,690,right,127.833181,135.215735,131.504733,139.018698,51
illuminated,Sunday,6,705,left,128.768122,135.177591,129.590281,141.814024,51
illuminated,Sunday,6,705,right,125.263914,135.228592,129.855727,138.091926,51
illuminated,Sunday,6,720,left,129.011008,136.143772,120.363718,143.490078,51
illuminated,Sunday,6,720,right,125.741839,134.614467,124.019876,142.221678,51
illuminated,Sunday,6,735,left,125.827788,133.056662,118.212457,139.361049,51
illuminated,Sunday,6,735,right,126.640268,134.878568,129.337075,141.451963,51
illuminated,Sunday,6,750,left,125.705323,134.371557,119.223281,145.211830,51
illuminated,Sunday,6,750,right,125.906857,136.052421,127.283350,142.729282,51
illuminated,Sunday,6,765,left,123.029640,132.798479,118.596649,138.951488,51
illuminated,Sunday,6,765,right,125.829428,135.659794,126.217809,140.683945,51
illuminated,Sunday,6,780,left,122.796432,130.733163,118.856779,136.838522,51
illuminated,Sunday,6,780,right,127.436334,136.498046,129.001352,140.720203,51
illuminated,Sunday,6,795,left,126.023163,135.585576,124.654913,141.197255,51
illuminated,Sunday,6,795,right,126.329671,135.728902,126.030135,140.138624,51
illuminated,Sunday,6,810,left,126.990027,134.728227,124.065918,145.423627,51
illuminated,Sunday,6,810,right,125.625999,135.439358,127.862707,141.612845,51
illuminated,Sunday,6,825,left,128.153604,135.849797,128.470990,143.855971,51
illuminated,Sunday,6,825,right,125.470806,137.166904,125.564971,141.772899,51
illuminated,Sunday,6,840,left,123.888650,132.285161,121.606120,138.708857,51
illuminated,Sunday,6,840,right,126.351446,136.144875,125.452489,141.628168,51
illuminated,Sunday,6,855,left,125.565137,133.106590,125.538461,140.577367,51
illuminated,Sunday,6,855,right,127.402121,134.848605,128.629858,140.907293,51
illuminated,Sunday,6,870,left,123.100839,133.596443,126.511712,138.141749,51
illuminated,Sunday,6,870,right,125.760510,133.213845,129.440519,142.775861,51
illuminated,Sunday,6,885,left,117.974401,132.419449,125.378458,139.004749,51
illuminated,Sunday,6,885,right,117.855706,130.639050,127.766255,139.353643,51
illuminated,Sunday,6,900,left,116.163364,128.884521,124.241754,135.066454,51
illuminated,Sunday,6,900,right,118.066918,132.605231,122.938661,139.870648,51
illuminated,Sunday,6,915,left,115.288276,131.635656,119.057532,136.507405,51
illuminated,Sunday,6,915,right,118.197270,132.146328,121.774679,140.158737,51
illuminated,Sunday,6,930,left,118.773733,134.616430,125.548034,139.196235,51
illuminated,Sunday,6,930,right,119.089029,132.413056,126.104078,141.115520,51
illuminated,Sunday,6,945,left,118.346649,135.332434,125.796895,138.945365,51
illuminated,Sunday,6,945,right,118.635383,133.644793,128.161979,137.843626,51
illuminated,Sunday,6,960,left,117.826335,131.811888,122.617055,139.239241,51
illuminated,Sunday,6,960,right,119.627109,133.290575,126.788324,140.458283,51
illuminated,Sunday,6,975,left,118.541608,133.107966,124.553596,139.487084,51
illuminated,Sunday,6,975,right,119.138095,133.768156,124.634637,140.759171,51
illuminated,Sunday,6,990,left,118.376433,132.865085,122.184777,140.550968,51
illuminated,Sunday,6,990,right,118.548094,131.527441,127.769957,140.031174,51
illuminated,Sunday,6,1005,left,119.791944,136.580974,126.911440,141.965858,51
illuminated,Sunday,6,1005,right,118.487510,133.345112,124.335657,141.307921,51
illuminated,Sunday,6,1020,left,118.570559,134.904694,128.978020,137.969177,51
illuminated,Sunday,6,1020,right,118.394424,131.742348,124.752437,140.203017,51
illuminated,Sunday,6,1035,left,121.385031,135.339796,129.659656,143.566367,51
illuminated,Sunday,6,1035,right,117.788920,131.273691,123.136469,137.112479,51
illuminated,Sunday,6,1050,left,121.239021,136.300751,128.862241,144.257237,51
illuminated,Sunday,6,1050,right,118.412120,132.391576,125.939453,139.557510,51
illuminated,Sunday,6,1065,left,120.462223,136.616890,128.369570,143.052186,51
illuminated,Sunday,6,1065,right,118.451041,132.968839,128.299733,140.594695,51
illuminated,Sunday,6,1080,left,118.644108,134.808546,127.923382,139.604468,51
illuminated,Sunday,6,1080,right,118.041507,131.336652,124.756202,139.346999,51
illuminated,Sunday,6,1095,left,118.186708,133.146183,127.871414,138.662515,51
illuminated,Sunday,6,1095,right,115.988197,129.144530,125.719253,136.433348,51
illuminated,Sunday,6,1110,left,119.093968,135.090453,127.891947,139.177601,51
illuminated,Sunday,6,1110,right,115.547712,129.154614,125.139978,135.436491,51
illuminated,Sunday,6,1125,left,120.091335,135.705742,129.930493,141.404854,51
illuminated,Sunday,6,1125,right,115.641660,131.148801,122.618139,134.884902,51
illuminated,Sunday,6,1140,left,116.966365,131.726086,121.347222,138.662886,51
illuminated,Sunday,6,1140,right,114.546943,130.559964,121.175261,135.092258,51
illuminated,Sunday,6,1155,left,118.882879,133.450731,125.866786,141.167120,51
illuminated,Sunday,6,1155,right,116.687187,131.046277,121.581017,135.279496,51
illuminated,Sunday,6,1170,left,120.436915,134.982326,127.014585,140.099026,51
illuminated,Sunday,6,1170,right,116.199173,129.973966,125.389619,135.177289,51
illuminated,Sunday,6,1185,left,120.586822,133.851839,128.270786,141.680716,51
illuminated,Sunday,6,1185,right,117.813328,133.076794,124.070049,135.934160,51
illuminated,Sunday,6,1200,left,117.256502,131.168881,121.652984,138.646552,51
illuminated,Sunday,6,1200,right,117.024251,130.868261,122.144121,136.449124,51
illuminated,Sunday,6,1215,left,112.223222,128.969534,118.190637,137.099396,51
illuminated,Sunday,6,1215,right,115.490678,127.653401,122.609073,135.353567,51
illuminated,Sunday,6,1230,left,114.203915,123.721676,118.393042,135.962376,51
illuminated,Sunday,6,1230,right,115.449491,129.683197,120.421796,134.627868,51
illuminated,Sunday,6,1245,left,110.062682,125.560172,118.080643,133.658348,51
illuminated,Sunday,6,1245,right,112.791780,125.433897,115.702713,132.380628,51
illuminated,Sunday,6,1260,left,100.344582,119.642239,97.458065,128.465962,51
illuminated,Sunday,6,1260,right,113.063646,123.912676,115.708509,135.017497,51
illuminated,Sunday,6,1275,left,106.188163,123.793833,99.991303,131.881458,51
illuminated,Sunday,6,1275,right,110.880274,125.604500,119.047081,131.022875,51
illuminated,Sunday,6,1290,left,106.130740,117.416231,110.761596,126.499220,51
illuminated,Sunday,6,1290,right,109.692956,124.008792,114.771371,131.107084,51
illuminated,Sunday,6,1305,left,105.394056,119.173954,111.464299,124.209226,51
illuminated,Sunday,6,1305,right,113.887333,127.673557,119.970552,134.282539,51
illuminated,Sunday,6,1320,left,105.542492,118.954437,114.810015,126.114882,51
illuminated,Sunday,6,1320,right,112.450460,128.904299,118.026354,134.970870,51
illuminated,Sunday,6,1335,left,112.496854,117.942922,110.287434,125.852983,51
illuminated,Sunday,6,1335,right,117.961066,125.016576,118.609377,130.981888,51
illuminated,Sunday,6,1350,left,112.166525,120.436252,111.594928,127.541202,51
illuminated,Sunday,6,1350,right,117.090296,125.310590,119.753684,131.170937,51
illuminated,Sunday,6,1365,left,114.528684,122.884884,115.328114,125.899579,51
illuminated,Sunday,6,1365,right,116.730871,124.703497,120.163897,128.620443,51
illuminated,Sunday,6,1380,left,114.473875,120.841482,113.186496,125.437324,51
illuminated,Sunday,6,1380,right,116.876030,123.867719,118.547663,129.446272,51
illuminated,Sunday,6,1395,left,117.648215,120.372521,113.485143,132.115397,51
illuminated,Sunday,6,1395,right,115.963476,123.533385,116.030539,130.575386,51
illuminated,Sunday,6,1410,left,113.445086,119.436390,111.525297,127.822690,51
illuminated,Sunday,6,1410,right,116.493679,125.380469,116.059861,130.755291,51
illuminated,Sunday,6,1425,left,116.610354,120.358772,116.493278,128.603972,51
illuminated,Sunday,6,1425,right,114.510271,122.691032,117.578965,126.603125,51
pre_lights,Monday,0,0,left,118.989420,130.914377,117.172268,148.117000,69
pre_lights,Monday,0,0,right,123.443263,135.573541,115.308903,147.257050,69
pre_lights,Monday,0,15,left,110.597460,129.457570,115.792680,143.394605,69
pre_lights,Monday,0,15,right,130.097608,137.810419,117.951644,160.579202,69
pre_lights,Monday,0,30,left,127.269888,130.148064,115.499227,163.783699,69
pre_lights,Monday,0,30,right,128.457508,140.278098,114.452818,149.934424,69
pre_lights,Monday,0,45,left,122.433982,139.045745,112.216337,164.645478,69
pre_lights,Monday,0,45,right,116.100180,139.161733,84.426938,157.379374,69
pre_lights,Monday,0,60,left,131.406000,149.767217,121.870928,166.579984,69
pre_lights,Monday,0,60,right,120.369696,134.675472,112.415022,148.131060,69
pre_lights,Monday,0,75,left,125.687341,140.131342,111.636404,158.734090,69
pre_lights,Monday,0,75,right,127.463873,138.314983,125.123871,161.311558,69
pre_lights,Monday,0,90,left,141.872793,151.161422,123.664179,165.478364,69
pre_lights,Monday,0,90,right,126.490016,136.856915,121.163429,157.595213,69
pre_lights,Monday,0,105,left,131.623532,147.615710,118.913068,163.216352,69
pre_lights,Monday,0,105,right,126.546155,131.545373,105.701818,159.970980,69
pre_lights,Monday,0,120,left,126.399415,137.837106,104.409388,160.472783,69
pre_lights,Monday,0,120,right,132.753567,141.302209,119.671305,152.171174,69
pre_lights,Monday,0,135,left,119.054947,130.874441,103.062616,158.405811,69
pre_lights,Monday,0,135,right,128.140224,134.561385,123.174778,151.780129,69
pre_lights,Monday,0,150,left,111.260577,139.988532,65.640652,153.059858,68
pre_lights,Monday,0,150,right,137.591144,144.953708,126.947936,160.254638,68
pre_lights,Monday,0,165,left,108.933656,131.932253,87.735863,150.362236,69
pre_lights,Monday,0,165,right,128.367890,142.636029,117.711996,158.560512,69
pre_lights,Monday,0,180,left,124.131251,137.713026,119.673498,152.132341,69
pre_lights,Monday,0,180,right,139.142475,140.290577,129.071345,158.955145,69
pre_lights,Monday,0,195,left,122.487330,137.392811,113.049050,154.702830,69
pre_lights,Monday,0,195,right,137.445016,141.634350,120.480931,160.925926,69
pre_lights,Monday,0,210,left,112.275606,135.505091,99.360654,158.853894,69
pre_lights,Monday,0,210,right,134.197438,146.064261,123.467534,163.129280,69
pre_lights,Monday,0,225,left,133.473784,139.744653,115.592394,159.250788,69
pre_lights,Monday,0,225,right,141.489539,148.195481,133.684181,159.118388,69
pre_lights,Monday,0,240,left,124.549655,141.489241,102.928095,158.551335,69
pre_lights,Monday,0,240,right,141.508930,142.915686,125.980485,153.756320,69
pre_lights,Monday,0,255,left,122.743783,143.550891,110.680937,157.067214,69
pre_lights,Monday,0,255,right,139.817182,139.352436,130.504455,152.621618,69
pre_lights,Monday,0,270,left,124.966295,138.095086,118.121792,157.760529,69
pre_lights,Monday,0,270,right,132.339546,132.942045,121.834568,147.233143,69
pre_lights,Monday,0,285,left,136.431194,144.273281,121.835195,159.413275,69
pre_lights,Monday,0,285,right,131.674997,133.303483,121.275250,144.712526,69
pre_lights,Monday,0,300,left,146.474665,150.791914,135.698841,161.923169,69
pre_lights,Monday,0,300,right,138.416780,139.275762,132.096391,145.992705,69
pre_lights,Monday,0,315,left,139.308955,145.740141,129.494987,155.576392,69
pre_lights,Monday,0,315,right,139.709562,140.458820,134.505869,145.052864,69
pre_lights,Monday,0,330,left,140.922340,148.374269,120.882369,163.702551,69
pre_lights,Monday,0,330,right,138.796882,143.157400,129.728299,148.606758,69
pre_lights,Monday,0,345,left,137.088841,143.665668,123.765487,156.915262,69
pre_lights,Monday,0,345,right,143.092266,143.043007,136.618187,147.954904,69
pre_lights,Monday,0,360,left,144.662734,144.471570,136.433398,152.561887,69
pre_lights,Monday,0,360,right,140.907890,140.384760,136.435914,144.760169,69
pre_lights,Monday,0,375,left,140.149293,140.444736,130.372279,153.431981,69
pre_lights,Monday,0,375,right,139.698386,139.530328,133.146352,146.184393,69
pre_lights,Monday,0,390,left,140.315805,139.762791,129.630231,151.481824,69
pre_lights,Monday,0,390,right,141.063258,139.355617,135.098285,147.425341,69
pre_lights,Monday,0,405,left,135.824701,137.653207,127.231516,154.668101,69
pre_lights,Monday,0,405,right,140.702242,140.668928,134.191219,144.798277,69
pre_lights,Monday,0,420,left,131.590963,136.636324,126.971293,145.401161,69
pre_lights,Monday,0,420,right,138.977922,138.446517,133.640271,143.691168,69
pre_lights,Monday,0,435,left,136.662313,136.439521,130.541505,140.943695,68
pre_lights,Monday,0,435,right,137.850877,137.684416,132.568604,141.688507,68
pre_lights,Monday,0,450,left,134.903712,135.475471,128.203912,141.871349,69
pre_lights,Monday,0,450,right,137.481629,136.997414,132.572115,142.425139,69
pre_lights,Monday,0,465,left,133.937618,136.931702,129.478060,140.764230,68
pre_lights,Monday,0,465,right,137.274319,136.445668,132.493823,142.313183,68
pre_lights,Monday,0,480,left,133.645428,134.945037,126.536439,141.926648,69
pre_lights,Monday,0,480,right,136.379375,137.985933,131.951318,142.299631,69
pre_lights,Monday,0,495,left,133.825701,134.400575,129.349536,139.491440,69
pre_lights,Monday,0,495,right,137.845885,139.635319,133.328547,143.249877,69
pre_lights,Monday,0,510,left,135.516218,135.774221,130.634601,139.819568,68
pre_lights,Monday,0,510,right,139.269702,139.422761,133.128688,144.465975,68
pre_lights,Monday,0,525,left,136.001487,135.938754,131.442210,141.330461,69
pre_lights,Monday,0,525,right,136.667517,135.819328,131.931004,140.676667,69
pre_lights,Monday,0,540,left,132.363308,135.325975,126.929376,138.583260,69
pre_lights,Monday,0,540,right,135.727536,135.732463,130.240183,141.094282,69
pre_lights,Monday,0,555,left,129.548106,131.917318,123.609913,137.177482,69
pre_lights,Monday,0,555,right,134.057005,135.042575,127.606198,140.576938,69
pre_lights,Monday,0,570,left,129.651524,130.126567,121.781010,136.425160,69
pre_lights,Monday,0,570,right,134.149548,133.598396,128.411959,140.613480,69
pre_lights,Monday,0,585,left,130.233645,130.100075,125.836433,135.020692,68
pre_lights,Monday,0,585,right,133.647646,132.955170,128.052195,139.539616,68
pre_lights,Monday,0,600,left,133.796528,133.116085,129.318632,139.196020,69
pre_lights,Monday,0,600,right,134.412487,134.628130,129.479400,139.759031,69
pre_lights,Monday,0,615,left,131.442077,134.740603,129.565396,139.716989,69
pre_lights,Monday,0,615,right,130.066945,133.026077,127.680666,139.445278,69
pre_lights,Monday,0,630,left,126.073181,131.231326,124.129573,137.768562,68
pre_lights,Monday,0,630,right,126.666137,132.533762,125.786019,138.316909,68
pre_lights,Monday,0,645,left,128.668400,131.961715,127.762337,141.659396,69
pre_lights,Monday,0,645,right,127.035504,133.765109,129.124269,137.331560,69
pre_lights,Monday,0,660,left,127.578730,132.723979,128.105564,137.423875,69
pre_lights,Monday,0,660,right,128.106101,131.325883,128.959854,140.061013,69
pre_lights,Monday,0,675,left,128.024067,133.034547,128.297098,138.284616,69
pre_lights,Monday,0,675,right,128.649990,133.580837,125.745514,140.427830,69
pre_lights,Monday,0,690,left,128.234709,134.734880,126.479589,141.261722,69
pre_lights,Monday,0,690,right,131.301527,137.975730,129.694558,143.109151,69
pre_lights,Monday,0,705,left,128.725844,134.577127,128.619162,140.545435,69
pre_lights,Monday,0,705,right,131.421317,137.155058,130.796408,143.156557,69
pre_lights,Monday,0,720,left,130.925067,136.673353,129.242973,142.095753,69
pre_lights,Monday,0,720,right,130.385180,136.734348,126.677136,144.040188,69
pre_lights,Monday,0,735,left,129.877668,134.752362,129.527671,141.504896,69
pre_lights,Monday,0,735,right,130.307500,134.213085,130.704087,143.059560,69
pre_lights,Monday,0,750,left,130.731762,135.578284,126.149062,144.981500,69
pre_lights,Monday,0,750,right,130.043498,135.710430,129.783929,142.833699,69
pre_lights,Monday,0,765,left,129.782401,137.304255,128.631050,143.796345,69
pre_lights,Monday,0,765,right,131.472281,134.982415,131.271565,142.041489,69
pre_lights,Monday,0,780,left,130.452691,138.231980,126.678348,143.351449,69
pre_lights,Monday,0,780,right,130.761811,133.800918,126.935044,146.928571,69
pre_lights,Monday,0,795,left,130.609965,135.866279,125.204986,145.484136,69
pre_lights,Monday,0,795,right,131.938736,138.878733,131.603269,147.614748,69
pre_lights,Monday,0,810,left,129.110433,134.727680,125.325098,141.842928,69
pre_lights,Monday,0,810,right,131.907281,137.446417,129.589224,145.254563,69
pre_lights,Monday,0,825,left,130.003649,136.098561,129.137743,141.884722,69
pre_lights,Monday,0,825,right,130.180870,137.950369,126.148697,142.713786,69
pre_lights,Monday,0,840,left,132.807834,140.248441,132.525151,143.719535,69
pre_lights,Monday,0,840,right,129.872652,134.673200,128.633445,142.102231,69
pre_lights,Monday,0,855,left,132.422444,139.819886,131.218452,144.046190,69
pre_lights,Monday,0,855,right,133.306831,139.030412,131.202372,147.587722,69
pre_lights,Monday,0,870,left,131.309967,137.968383,130.188097,142.921805,69
pre_lights,Monday,0,870,right,134.549974,142.128429,127.855687,150.136301,69
pre_lights,Monday,0,885,left,130.841913,135.581809,130.599871,143.064209,69
pre_lights,Monday,0,885,right,133.816189,141.218802,131.801157,147.088888,69
pre_lights,Monday,0,900,left,131.445624,138.712942,130.905969,143.883341,69
pre_lights,Monday,0,900,right,133.156925,138.077335,127.868143,147.792560,69
pre_lights,Monday,0,915,left,132.034374,137.444411,131.377408,143.904550,69
pre_lights,Monday,0,915,right,128.434938,131.271563,122.753027,141.179508,69
pre_lights,Monday,0,930,left,132.115857,138.058232,129.130993,146.404501,69
pre_lights,Monday,0,930,right,128.852408,131.765691,126.154470,144.419587,69
pre_lights,Monday,0,945,left,132.308320,136.601210,128.074794,145.579767,68
pre_lights,Monday,0,945,right,132.998314,137.575349,130.022889,145.078023,68
pre_lights,Monday,0,960,left,136.177270,137.024613,129.455192,145.750647,69
pre_lights,Monday,0,960,right,134.960203,133.883440,127.896636,140.609159,69
pre_lights,Monday,0,975,left,135.097208,137.496711,128.344738,141.797480,69
pre_lights,Monday,0,975,right,134.273041,135.703501,130.030679,139.649279,69
pre_lights,Monday,0,990,left,134.849430,136.147256,128.135947,141.657665,69
pre_lights,Monday,0,990,right,134.369303,133.951366,129.173167,139.043114,69
pre_lights,Monday,0,1005,left,134.336868,135.796264,126.895718,142.719543,69
pre_lights,Monday,0,1005,right,135.591134,135.396874,131.875064,139.861998,69
pre_lights,Monday,0,1020,left,135.098822,135.878462,130.806338,141.467486,69
pre_lights,Monday,0,1020,right,136.124547,135.279871,131.333139,140.625494,69
pre_lights,Monday,0,1035,left,131.588872,137.076065,130.199806,142.277143,69
pre_lights,Monday,0,1035,right,129.849314,134.822453,130.334878,139.782890,69
pre_lights,Monday,0,1050,left,128.820470,134.272016,126.314087,139.176340,69
pre_lights,Monday,0,1050,right,128.540439,133.805465,129.875469,139.470843,69
pre_lights,Monday,0,1065,left,130.230840,133.849987,128.939977,141.643094,69
pre_lights,Monday,0,1065,right,127.751010,133.213054,128.999556,138.967922,69
pre_lights,Monday,0,1080,left,130.209988,136.055030,126.758279,141.525785,69
pre_lights,Monday,0,1080,right,128.760726,133.236741,129.229215,140.983565,69
pre_lights,Monday,0,1095,left,130.460237,133.303888,127.269462,140.732749,69
pre_lights,Monday,0,1095,right,127.662374,134.766576,130.694676,140.612844,69
pre_lights,Monday,0,1110,left,131.684608,135.272056,129.884636,141.893143,68
pre_lights,Monday,0,1110,right,131.147513,138.318140,130.302667,143.249481,68
pre_lights,Monday,0,1125,left,132.513953,136.384922,127.351341,143.156985,69
pre_lights,Monday,0,1125,right,132.496433,137.838425,130.790230,144.423487,69
pre_lights,Monday,0,1140,left,126.263208,132.430552,120.193262,140.952499,69
pre_lights,Monday,0,1140,right,134.881451,142.142084,131.623151,148.843122,69
pre_lights,Monday,0,1155,left,128.190421,133.278176,120.679837,141.774195,69
pre_lights,Monday,0,1155,right,132.236112,139.946881,128.593802,152.132950,69
pre_lights,Monday,0,1170,left,126.147583,133.039727,122.645477,143.367414,69
pre_lights,Monday,0,1170,right,129.681597,133.551408,126.720772,143.213248,69
pre_lights,Monday,0,1185,left,132.371984,137.122532,118.819512,155.868594,69
pre_lights,Monday,0,1185,right,131.610061,137.384863,121.922831,147.388404,69
pre_lights,Monday,0,1200,left,121.845377,135.648471,107.776773,144.948484,69
pre_lights,Monday,0,1200,right,125.135503,135.093048,118.688718,145.269175,69
pre_lights,Monday,0,1215,left,134.437563,141.421674,128.188349,152.971081,69
pre_lights,Monday,0,1215,right,128.992429,134.140030,122.004467,146.014775,69
pre_lights,Monday,0,1230,left,123.379218,134.268765,101.984557,159.965155,69
pre_lights,Monday,0,1230,right,126.419923,128.786203,119.048814,143.816650,69
pre_lights,Monday,0,1245,left,131.959361,140.202741,115.948158,160.616285,69
pre_lights,Monday,0,1245,right,128.060103,137.139643,116.377511,153.296399,69
pre_lights,Monday,0,1260,left,118.081075,142.720468,90.346851,164.504515,69
pre_lights,Monday,0,1260,right,133.827345,140.972271,121.867113,153.805339,69
pre_lights,Monday,0,1275,left,130.136184,142.722931,121.417430,159.874889,69
pre_lights,Monday,0,1275,right,123.854416,135.439487,115.724782,147.104329,69
pre_lights,Monday,0,1290,left,120.694361,130.302587,108.137125,165.365608,69
pre_lights,Monday,0,1290,right,128.239851,131.569881,117.204513,147.164459,69
pre_lights,Monday,0,1305,left,130.345417,137.730084,117.179904,164.925551,69
pre_lights,Monday,0,1305,right,129.111088,135.921914,120.271789,148.388796,69
pre_lights,Monday,0,1320,left,106.667380,135.293606,21.921965,155.279459,69
pre_lights,Monday,0,1320,right,129.882375,136.242852,121.187947,153.290690,69
pre_lights,Monday,0,1335,left,123.222233,138.423222,108.147493,159.949132,69
pre_lights,Monday,0,1335,right,127.299538,139.287566,122.975727,151.355311,69
pre_lights,Monday,0,1350,left,130.609316,144.518442,110.927426,164.582372,69
pre_lights,Monday,0,1350,right,130.592949,136.858055,124.995495,151.372213,69
pre_lights,Monday,0,1365,left,115.552712,129.790274,85.574064,160.989970,69
pre_lights,Monday,0,1365,right,116.408627,135.993796,107.450668,151.108495,69
pre_lights,Monday,0,1380,left,125.161950,133.479429,119.548387,154.190164,69
pre_lights,Monday,0,1380,right,126.451508,138.641134,120.308918,153.946907,69
pre_lights,Monday,0,1395,left,121.217447,134.397772,120.225500,142.437062,69
pre_lights,Monday,0,1395,right,127.677259,133.738584,114.232130,149.286689,69
pre_lights,Monday,0,1410,left,119.309943,138.136212,120.225500,144.566593,69
pre_lights,Monday,0,1410,right,122.701955,131.836940,110.544785,161.330597,69
pre_lights,Monday,0,1425,left,139.658438,142.516320,130.929795,156.955950,69
pre_lights,Monday,0,1425,right,134.836959,145.032098,128.162140,158.078889,69
pre_lights,Tuesday,1,0,left,127.007219,140.574220,122.763947,155.435778,72
pre_lights,Tuesday,1,0,right,129.729517,141.516788,117.854116,158.788285,72
pre_lights,Tuesday,1,15,left,129.049846,135.309617,125.223662,149.423455,72
pre_lights,Tuesday,1,15,right,122.923828,138.998531,104.157832,158.462440,72
pre_lights,Tuesday,1,30,left,117.094555,132.822297,110.834354,151.959893,72
pre_lights,Tuesday,1,30,right,113.910341,135.425024,97.151258,157.278665,72
pre_lights,Tuesday,1,45,left,106.930657,120.859882,91.740024,155.081080,72
pre_lights,Tuesday,1,45,right,113.047705,135.024702,89.995978,158.153667,72
pre_lights,Tuesday,1,60,left,126.168469,137.949389,116.581142,161.223648,72
pre_lights,Tuesday,1,60,right,115.678967,140.233541,96.519407,162.753933,72
pre_lights,Tuesday,1,75,left,107.975228,129.013341,94.379752,148.677303,72
pre_lights,Tuesday,1,75,right,126.038406,146.190338,119.326283,161.625442,72
pre_lights,Tuesday,1,90,left,112.606184,137.180400,83.149560,163.699398,72
pre_lights,Tuesday,1,90,right,124.805678,141.774628,112.325451,158.367168,72
pre_lights,Tuesday,1,105,left,121.639548,135.188444,105.867492,161.816855,72
pre_lights,Tuesday,1,105,right,111.453504,129.841658,97.006724,152.357172,72
pre_lights,Tuesday,1,120,left,125.670548,135.952660,116.117947,156.836827,72
pre_lights,Tuesday,1,120,right,119.993039,127.627201,115.547902,138.831356,72
pre_lights,Tuesday,1,135,left,110.522750,141.925226,78.261416,158.119977,72
pre_lights,Tuesday,1,135,right,124.147826,135.323040,106.930338,151.443857,72
pre_lights,Tuesday,1,150,left,121.105923,139.957849,118.763849,155.912842,72
pre_lights,Tuesday,1,150,right,120.432012,134.319565,114.124321,150.947305,72
pre_lights,Tuesday,1,165,left,127.967401,140.904755,115.031057,159.932184,72
pre_lights,Tuesday,1,165,right,127.971581,142.644159,119.809164,157.137701,72
pre_lights,Tuesday,1,180,left,112.787297,127.790659,93.735710,157.717405,72
pre_lights,Tuesday,1,180,right,135.660925,142.452762,130.368538,155.545603,72
pre_lights,Tuesday,1,195,left,123.654329,139.366626,107.532017,160.315491,72
pre_lights,Tuesday,1,195,right,133.396052,148.751002,129.097548,165.048577,72
pre_lights,Tuesday,1,210,left,130.354104,137.613790,114.201354,158.434954,72
pre_lights,Tuesday,1,210,right,134.004980,144.953521,129.986425,153.487428,72
pre_lights,Tuesday,1,225,left,135.764882,145.263739,118.928336,162.214851,72
pre_lights,Tuesday,1,225,right,121.945313,131.019215,116.185569,147.497231,72
pre_lights,Tuesday,1,240,left,120.533237,137.529796,109.762370,155.298570,71
pre_lights,Tuesday,1,240,right,131.319780,137.884721,124.261405,148.980815,71
pre_lights,Tuesday,1,255,left,130.525683,139.382705,125.879952,162.731379,72
pre_lights,Tuesday,1,255,right,136.127763,141.835809,130.822464,154.322416,72
pre_lights,Tuesday,1,270,left,124.139929,135.910510,113.553046,157.093414,72
pre_lights,Tuesday,1,270,right,128.715526,133.956283,118.895578,150.604043,72
pre_lights,Tuesday,1,285,left,127.390176,137.992056,120.579445,157.806174,72
pre_lights,Tuesday,1,285,right,132.124727,137.082849,125.332146,145.214088,72
pre_lights,Tuesday,1,300,left,131.508888,139.102095,124.495657,153.169914,72
pre_lights,Tuesday,1,300,right,131.535222,136.164366,130.900205,142.137744,72
pre_lights,Tuesday,1,315,left,135.243535,141.649945,128.466450,155.120309,72
pre_lights,Tuesday,1,315,right,132.371237,136.413742,130.775198,144.091509,72
pre_lights,Tuesday,1,330,left,135.181383,140.286330,128.700290,156.987057,71
pre_lights,Tuesday,1,330,right,136.832649,143.732149,135.830394,146.950205,71
pre_lights,Tuesday,1,345,left,130.648104,137.104300,123.098577,146.297354,72
pre_lights,Tuesday,1,345,right,136.456073,144.216812,135.829220,147.635230,72
pre_lights,Tuesday,1,360,left,135.383695,139.898939,130.314432,151.161517,72
pre_lights,Tuesday,1,360,right,135.389653,142.122172,135.207879,146.317745,72
pre_lights,Tuesday,1,375,left,134.186507,135.975397,127.207725,150.008684,72
pre_lights,Tuesday,1,375,right,134.758730,141.482812,134.521972,145.113187,72
pre_lights,Tuesday,1,390,left,129.606387,136.445882,121.552825,147.510648,72
pre_lights,Tuesday,1,390,right,132.896712,138.176589,133.064200,144.644648,72
pre_lights,Tuesday,1,405,left,129.702496,135.718711,127.955768,145.549703,71
pre_lights,Tuesday,1,405,right,132.664496,137.761024,132.294099,144.551335,71
pre_lights,Tuesday,1,420,left,128.865170,134.303592,123.507647,144.017652,72
pre_lights,Tuesday,1,420,right,131.018757,136.043085,131.841118,140.743871,72
pre_lights,Tuesday,1,435,left,131.587925,136.494185,130.467816,140.789105,72
pre_lights,Tuesday,1,435,right,131.786689,137.414711,131.727118,141.927352,72
pre_lights,Tuesday,1,450,left,128.341211,134.038472,127.619451,140.065085,72
pre_lights,Tuesday,1,450,right,130.484606,135.739343,130.984363,142.237057,72
pre_lights,Tuesday,1,465,left,126.478900,130.279109,125.029906,140.548624,72
pre_lights,Tuesday,1,465,right,132.048912,138.645022,133.121995,142.214507,72
pre_lights,Tuesday,1,480,left,127.702872,132.436210,127.002100,140.464444,72
pre_lights,Tuesday,1,480,right,131.135636,137.900118,130.647453,142.262911,72
pre_lights,Tuesday,1,495,left,127.482494,130.866387,124.526101,141.665374,72
pre_lights,Tuesday,1,495,right,131.781367,137.137019,129.168567,143.530989,72
pre_lights,Tuesday,1,510,left,129.534919,136.044019,128.432446,142.062297,72
pre_lights,Tuesday,1,510,right,132.069848,137.861455,133.020290,142.092724,72
pre_lights,Tuesday,1,525,left,128.709644,136.800611,126.735098,142.849405,72
pre_lights,Tuesday,1,525,right,131.408571,136.580129,131.252623,143.778014,72
pre_lights,Tuesday,1,540,left,128.789808,137.642280,129.006290,143.466682,72
pre_lights,Tuesday,1,540,right,129.475060,136.996035,129.155344,143.216901,72
pre_lights,Tuesday,1,555,left,129.527548,137.599274,130.258586,142.771798,72
pre_lights,Tuesday,1,555,right,129.592132,137.685404,131.983737,142.643848,72
pre_lights,Tuesday,1,570,left,132.131806,140.147059,134.727095,143.632987,72
pre_lights,Tuesday,1,570,right,127.991950,135.023367,127.689116,142.164863,72
pre_lights,Tuesday,1,585,left,130.668060,136.600564,131.008620,141.981463,72
pre_lights,Tuesday,1,585,right,127.069429,132.937083,125.247401,140.332636,72
pre_lights,Tuesday,1,600,left,127.832512,132.719202,128.062724,138.033746,71
pre_lights,Tuesday,1,600,right,128.944991,135.775307,128.731503,139.741808,71
pre_lights,Tuesday,1,615,left,126.935649,132.027420,125.443606,139.328909,72
pre_lights,Tuesday,1,615,right,127.792364,135.203375,128.648690,140.585792,72
pre_lights,Tuesday,1,630,left,121.700328,132.551197,122.158565,137.620262,72
pre_lights,Tuesday,1,630,right,121.863695,132.805938,125.452582,136.870567,72
pre_lights,Tuesday,1,645,left,118.394815,128.423314,115.867057,136.258068,72
pre_lights,Tuesday,1,645,right,120.147541,130.335985,124.531629,137.149588,72
pre_lights,Tuesday,1,660,left,121.080022,130.849996,122.548568,139.534519,72
pre_lights,Tuesday,1,660,right,120.492169,129.020145,125.426782,137.031705,72
pre_lights,Tuesday,1,675,left,124.970352,138.789750,126.641184,141.704645,72
pre_lights,Tuesday,1,675,right,123.008079,132.229155,126.243110,139.490584,72
pre_lights,Tuesday,1,690,left,121.339324,131.258240,125.214452,140.336749,72
pre_lights,Tuesday,1,690,right,121.658993,131.702362,123.631490,139.764980,72
pre_lights,Tuesday,1,705,left,123.805244,134.931449,124.937771,142.031951,72
pre_lights,Tuesday,1,705,right,122.538721,133.170244,126.307652,138.018065,72
pre_lights,Tuesday,1,720,left,123.053390,133.380711,125.074319,140.023774,72
pre_lights,Tuesday,1,720,right,121.688612,134.048777,122.640921,140.339283,72
pre_lights,Tuesday,1,735,left,123.459708,135.219041,125.575286,140.993075,72
pre_lights,Tuesday,1,735,right,122.920237,136.175798,125.263864,139.969613,72
pre_lights,Tuesday,1,750,left,123.908554,134.256771,124.402881,143.518660,72
pre_lights,Tuesday,1,750,right,124.622257,135.317024,125.296998,143.727607,72
pre_lights,Tuesday,1,765,left,122.688459,134.385818,122.053456,142.069712,71
pre_lights,Tuesday,1,765,right,125.112815,134.882547,125.664266,143.451514,71
pre_lights,Tuesday,1,780,left,123.599052,134.777974,125.331198,142.213409,72
pre_lights,Tuesday,1,780,right,127.449512,137.248866,128.734054,147.344376,72
pre_lights,Tuesday,1,795,left,126.167841,136.803795,128.597360,143.259492,72
pre_lights,Tuesday,1,795,right,128.115634,140.708877,129.543129,147.149271,72
pre_lights,Tuesday,1,810,left,127.399721,137.516310,130.392377,145.883988,72
pre_lights,Tuesday,1,810,right,127.757787,137.175105,130.829997,146.806537,72
pre_lights,Tuesday,1,825,left,124.746642,136.304040,128.731676,140.666409,72
pre_lights,Tuesday,1,825,right,127.271165,139.160585,125.769880,147.777895,72
pre_lights,Tuesday,1,840,left,126.463929,137.950649,132.453460,141.625882,72
pre_lights,Tuesday,1,840,right,126.733677,137.185063,129.594992,144.058166,72
pre_lights,Tuesday,1,855,left,126.495546,138.319216,133.921675,141.862059,72
pre_lights,Tuesday,1,855,right,126.692386,136.999451,127.139114,144.900178,72
pre_lights,Tuesday,1,870,left,125.220845,137.618069,131.910505,140.178503,72
pre_lights,Tuesday,1,870,right,128.676301,137.666734,130.886570,145.959364,72
pre_lights,Tuesday,1,885,left,126.345556,137.098951,133.290669,141.127429,72
pre_lights,Tuesday,1,885,right,127.033277,140.269313,128.128417,144.639588,72
pre_lights,Tuesday,1,900,left,124.384778,136.199881,129.726109,140.610392,72
pre_lights,Tuesday,1,900,right,126.753243,139.523385,128.003545,146.580329,72
pre_lights,Tuesday,1,915,left,124.536908,134.843019,129.139503,140.492463,72
pre_lights,Tuesday,1,915,right,128.802076,139.579521,127.768093,147.817178,72
pre_lights,Tuesday,1,930,left,125.074331,137.672611,132.094895,140.365610,72
pre_lights,Tuesday,1,930,right,125.868315,136.588575,127.410388,145.192559,72
pre_lights,Tuesday,1,945,left,126.563897,137.182044,131.816254,142.203369,72
pre_lights,Tuesday,1,945,right,127.176147,137.858849,129.105478,144.255870,72
pre_lights,Tuesday,1,960,left,125.674988,136.207609,132.978576,140.482706,72
pre_lights,Tuesday,1,960,right,127.691344,138.824936,128.144399,146.259961,72
pre_lights,Tuesday,1,975,left,127.110509,137.907516,133.888642,140.641938,72
pre_lights,Tuesday,1,975,right,126.628697,137.745607,129.906902,142.866027,72
pre_lights,Tuesday,1,990,left,126.639297,136.714855,131.921858,142.748514,72
pre_lights,Tuesday,1,990,right,124.212750,135.776592,128.683904,139.994499,72
pre_lights,Tuesday,1,1005,left,125.133670,136.244704,129.691983,140.400783,72
pre_lights,Tuesday,1,1005,right,123.574766,134.109305,128.528816,139.657463,72
pre_lights,Tuesday,1,1020,left,125.399199,135.930707,129.566838,140.702566,72
pre_lights,Tuesday,1,1020,right,123.888956,133.860822,128.699153,139.863070,72
pre_lights,Tuesday,1,1035,left,124.913500,133.776139,128.433712,142.752995,72
pre_lights,Tuesday,1,1035,right,124.501030,135.558785,127.846261,141.754225,72
pre_lights,Tuesday,1,1050,left,126.588590,135.189882,129.038864,141.948681,72
pre_lights,Tuesday,1,1050,right,123.633064,134.505348,126.684913,141.389311,72
pre_lights,Tuesday,1,1065,left,125.485077,134.926526,129.629951,143.141639,72
pre_lights,Tuesday,1,1065,right,124.390235,134.760375,130.607966,138.556275,72
pre_lights,Tuesday,1,1080,left,125.736863,134.758851,127.827964,141.822428,72
pre_lights,Tuesday,1,1080,right,125.407724,135.532440,131.557556,140.641277,72
pre_lights,Tuesday,1,1095,left,126.597432,135.510815,127.815038,144.776064,72
pre_lights,Tuesday,1,1095,right,127.169513,136.286930,133.653630,142.806408,72
pre_lights,Tuesday,1,1110,left,124.793171,134.286995,126.727496,144.320583,72
pre_lights,Tuesday,1,1110,right,125.255060,135.171842,129.126502,141.089988,72
pre_lights,Tuesday,1,1125,left,121.691584,133.290645,119.398157,145.454486,72
pre_lights,Tuesday,1,1125,right,127.036190,137.380375,132.498038,141.818915,72
pre_lights,Tuesday,1,1140,left,125.219996,135.415993,124.076764,144.723953,72
pre_lights,Tuesday,1,1140,right,126.821209,137.157916,131.102671,145.017316,72
pre_lights,Tuesday,1,1155,left,123.290736,136.255655,125.048011,144.217203,72
pre_lights,Tuesday,1,1155,right,125.966120,134.566303,129.026073,143.296007,72
pre_lights,Tuesday,1,1170,left,122.268295,130.395372,118.732858,145.606320,72
pre_lights,Tuesday,1,1170,right,127.245054,136.574150,124.653588,149.237502,72
pre_lights,Tuesday,1,1185,left,121.187100,132.274131,114.162900,143.959853,72
pre_lights,Tuesday,1,1185,right,127.347715,138.846546,128.669179,146.115799,72
pre_lights,Tuesday,1,1200,left,124.054758,135.334575,120.400250,150.679123,72
pre_lights,Tuesday,1,1200,right,127.338633,138.249404,126.438279,149.282542,72
pre_lights,Tuesday,1,1215,left,122.172454,133.994182,112.815371,148.173941,72
pre_lights,Tuesday,1,1215,right,123.739391,136.028085,110.672656,147.220845,72
pre_lights,Tuesday,1,1230,left,119.480256,126.883765,111.958984,152.525777,72
pre_lights,Tuesday,1,1230,right,124.969790,134.260764,117.604558,149.497893,72
pre_lights,Tuesday,1,1245,left,120.703531,131.383109,118.684425,150.123765,72
pre_lights,Tuesday,1,1245,right,130.614717,141.976749,124.198206,152.129468,72
pre_lights,Tuesday,1,1260,left,126.943058,138.980558,124.726081,155.977301,72
pre_lights,Tuesday,1,1260,right,124.081616,135.069207,116.011082,147.884709,72
pre_lights,Tuesday,1,1275,left,123.864204,134.315478,110.709511,152.265303,72
pre_lights,Tuesday,1,1275,right,125.854959,137.438043,122.229587,147.142639,72
pre_lights,Tuesday,1,1290,left,105.777328,124.856017,73.035161,151.207541,72
pre_lights,Tuesday,1,1290,right,127.557334,139.830124,125.699331,148.535728,72
pre_lights,Tuesday,1,1305,left,109.627495,127.427831,88.745356,159.962472,72
pre_lights,Tuesday,1,1305,right,122.494766,132.867626,113.616618,148.082012,72
pre_lights,Tuesday,1,1320,left,129.794505,145.578431,118.320359,165.603887,72
pre_lights,Tuesday,1,1320,right,128.843114,143.286159,125.352716,153.360659,72
pre_lights,Tuesday,1,1335,left,121.105756,138.246972,118.777612,154.955861,72
pre_lights,Tuesday,1,1335,right,123.867472,139.717259,119.024935,150.065695,72
pre_lights,Tuesday,1,1350,left,116.489131,136.439061,107.150327,152.094034,72
pre_lights,Tuesday,1,1350,right,128.135807,136.501943,118.281684,155.330094,72
pre_lights,Tuesday,1,1365,left,120.124939,133.781573,112.773533,151.484700,72
pre_lights,Tuesday,1,1365,right,131.192941,142.230540,127.991226,155.311545,72
pre_lights,Tuesday,1,1380,left,115.560303,136.678359,114.263579,144.878474,72
pre_lights,Tuesday,1,1380,right,124.351940,137.984190,120.253381,146.799551,72
pre_lights,Tuesday,1,1395,left,119.351108,133.195057,124.192816,138.949316,72
pre_lights,Tuesday,1,1395,right,122.583089,131.986307,120.882149,144.284168,72
pre_lights,Tuesday,1,1410,left,116.559148,134.144333,123.945824,139.551389,72
pre_lights,Tuesday,1,1410,right,123.685516,131.014687,121.159222,144.708003,72
pre_lights,Tuesday,1,1425,left,116.149874,131.430872,119.630959,145.151444,71
pre_lights,Tuesday,1,1425,right,128.379862,140.312657,124.243142,159.650277,71
pre_lights,Wednesday,2,0,left,116.760750,130.209117,114.969520,137.801476,72
pre_lights,Wednesday,2,0,right,130.222242,140.493047,114.665348,159.138785,72
pre_lights,Wednesday,2,15,left,118.499422,128.018201,121.525507,141.693196,72
pre_lights,Wednesday,2,15,right,128.551830,141.232501,111.859890,158.329568,72
pre_lights,Wednesday,2,30,left,113.123271,127.519739,118.095300,136.476653,72
pre_lights,Wednesday,2,30,right,118.353185,138.991382,115.411149,149.944956,72
pre_lights,Wednesday,2,45,left,117.987379,132.000844,113.267534,155.249501,72
pre_lights,Wednesday,2,45,right,125.403548,142.008775,121.251447,154.498476,72
pre_lights,Wednesday,2,60,left,118.549270,140.750200,113.957077,154.658605,72
pre_lights,Wednesday,2,60,right,108.600450,124.911031,93.358867,143.483443,72
pre_lights,Wednesday,2,75,left,106.944171,127.636555,101.828762,144.946215,72
pre_lights,Wednesday,2,75,right,110.198275,130.601148,82.570953,151.134640,72
pre_lights,Wednesday,2,90,left,109.769162,126.715131,94.638883,150.253791,72
pre_lights,Wednesday,2,90,right,120.983088,132.426362,116.889589,148.687739,72
pre_lights,Wednesday,2,105,left,126.959517,139.557816,120.135428,158.290863,72
pre_lights,Wednesday,2,105,right,120.939048,137.177488,106.106446,154.257887,72
pre_lights,Wednesday,2,120,left,121.105124,141.088793,109.264064,154.029456,72
pre_lights,Wednesday,2,120,right,125.265961,136.066776,111.952329,159.480329,72
pre_lights,Wednesday,2,135,left,129.728228,149.762539,101.107449,165.694137,72
pre_lights,Wednesday,2,135,right,126.287123,135.904215,117.245068,160.109539,72
pre_lights,Wednesday,2,150,left,122.445312,142.749662,118.019312,154.515341,72
pre_lights,Wednesday,2,150,right,130.389394,145.396460,126.246688,162.536489,72
pre_lights,Wednesday,2,165,left,102.063364,134.358030,0.000000,151.512811,72
pre_lights,Wednesday,2,165,right,129.999885,139.164416,116.680698,158.883962,72
pre_lights,Wednesday,2,180,left,116.121770,134.870065,103.047715,153.523213,72
pre_lights,Wednesday,2,180,right,129.690320,140.577502,128.285643,157.859040,72
pre_lights,Wednesday,2,195,left,120.302572,132.983098,111.694343,157.452534,72
pre_lights,Wednesday,2,195,right,128.758430,143.523445,124.284563,152.636139,72
pre_lights,Wednesday,2,210,left,124.640259,144.348741,110.812380,159.279149,72
pre_lights,Wednesday,2,210,right,129.594695,143.010439,127.261801,150.728455,72
pre_lights,Wednesday,2,225,left,119.947500,139.160158,118.694214,152.505513,72
pre_lights,Wednesday,2,225,right,128.928727,137.608229,125.391685,150.068554,72
pre_lights,Wednesday,2,240,left,131.775269,142.888506,130.192378,155.803787,72
pre_lights,Wednesday,2,240,right,132.413684,143.947161,126.677457,159.366320,72
pre_lights,Wednesday,2,255,left,137.411641,148.907147,128.823494,164.082496,72
pre_lights,Wednesday,2,255,right,130.846713,140.356075,123.967546,153.238759,72
pre_lights,Wednesday,2,270,left,133.222538,142.701079,128.864820,159.987594,72
pre_lights,Wednesday,2,270,right,127.492318,136.456720,126.141682,147.861364,72
pre_lights,Wednesday,2,285,left,130.992217,142.309825,124.230532,160.090846,71
pre_lights,Wednesday,2,285,right,128.736286,139.435903,131.590887,146.588388,71
pre_lights,Wednesday,2,300,left,124.944170,134.949909,117.442535,150.526871,72
pre_lights,Wednesday,2,300,right,128.128140,138.406983,128.565881,146.731239,72
pre_lights,Wednesday,2,315,left,126.229068,142.000314,122.246538,149.868509,72
pre_lights,Wednesday,2,315,right,126.806576,139.010225,123.893440,146.462352,72
pre_lights,Wednesday,2,330,left,131.855365,144.723090,129.111208,156.824871,72
pre_lights,Wednesday,2,330,right,128.036285,137.973388,132.912974,145.210549,72
pre_lights,Wednesday,2,345,left,127.091938,139.378743,123.439276,151.811185,72
pre_lights,Wednesday,2,345,right,129.702921,140.684786,135.283022,145.860018,72
pre_lights,Wednesday,2,360,left,132.673898,143.410050,130.935428,155.217919,72
pre_lights,Wednesday,2,360,right,129.539821,140.498994,135.247429,145.473991,72
pre_lights,Wednesday,2,375,left,127.376872,142.961162,131.933446,147.360512,72
pre_lights,Wednesday,2,375,right,128.240923,140.939920,132.093357,145.644702,72
pre_lights,Wednesday,2,390,left,127.762999,141.121788,122.320562,152.089945,72
pre_lights,Wednesday,2,390,right,128.822078,140.121838,132.288285,146.412679,72
pre_lights,Wednesday,2,405,left,128.889115,134.793817,127.392859,150.099447,72
pre_lights,Wednesday,2,405,right,128.274068,138.279716,134.060507,144.675338,72
pre_lights,Wednesday,2,420,left,126.984518,136.713700,128.506354,143.544477,72
pre_lights,Wednesday,2,420,right,126.807460,137.498859,131.710393,141.669108,72
pre_lights,Wednesday,2,435,left,122.588927,131.927411,122.870998,141.371865,72
pre_lights,Wednesday,2,435,right,125.610706,137.089400,132.601901,141.646113,72
pre_lights,Wednesday,2,450,left,122.397062,132.383359,124.531516,139.442819,72
pre_lights,Wednesday,2,450,right,126.484779,137.393802,132.862696,141.792970,72
pre_lights,Wednesday,2,465,left,123.234321,135.950367,125.623931,141.113753,72
pre_lights,Wednesday,2,465,right,124.180156,135.811565,128.862738,140.664449,72
pre_lights,Wednesday,2,480,left,126.692099,135.951682,130.872443,142.660431,72
pre_lights,Wednesday,2,480,right,125.414271,135.205265,131.353768,141.809773,72
pre_lights,Wednesday,2,495,left,124.641890,135.235086,128.312864,140.434451,72
pre_lights,Wednesday,2,495,right,126.752345,137.565242,132.481885,141.039120,72
pre_lights,Wednesday,2,510,left,125.595608,136.139609,130.547349,142.836272,72
pre_lights,Wednesday,2,510,right,126.571140,137.764264,131.872427,141.047477,72
pre_lights,Wednesday,2,525,left,125.448078,136.536562,128.407170,142.088565,72
pre_lights,Wednesday,2,525,right,126.253957,137.494118,134.345742,141.403237,72
pre_lights,Wednesday,2,540,left,125.167665,136.430334,127.780366,141.756275,72
pre_lights,Wednesday,2,540,right,124.988036,134.691794,130.953987,139.053604,72
pre_lights,Wednesday,2,555,left,125.653034,135.148177,130.254072,142.028239,72
pre_lights,Wednesday,2,555,right,122.381485,132.233663,127.319971,137.812479,72
pre_lights,Wednesday,2,570,left,121.879323,132.052700,126.412130,135.963676,72
pre_lights,Wednesday,2,570,right,122.048213,133.160652,126.355684,138.745918,72
pre_lights,Wednesday,2,585,left,119.362161,129.465897,122.878164,135.062452,72
pre_lights,Wednesday,2,585,right,119.613493,128.837426,120.745828,136.765103,72
pre_lights,Wednesday,2,600,left,119.330128,131.770449,119.654734,137.706188,72
pre_lights,Wednesday,2,600,right,116.466011,126.948297,115.605171,135.348210,72
pre_lights,Wednesday,2,615,left,122.363978,131.783236,124.125923,140.688708,72
pre_lights,Wednesday,2,615,right,119.171279,130.970374,122.030556,137.395621,72
pre_lights,Wednesday,2,630,left,119.963980,129.930875,121.783326,136.347892,72
pre_lights,Wednesday,2,630,right,121.529573,131.132068,121.498428,141.517652,72
pre_lights,Wednesday,2,645,left,122.754131,132.888431,126.311565,141.034032,72
pre_lights,Wednesday,2,645,right,120.568543,131.784600,122.935624,139.074835,72
pre_lights,Wednesday,2,660,left,123.148789,133.206461,125.631823,139.970249,72
pre_lights,Wednesday,2,660,right,121.159968,132.882000,124.101115,139.240790,72
pre_lights,Wednesday,2,675,left,122.959569,134.525218,125.053202,139.069570,72
pre_lights,Wednesday,2,675,right,123.056754,134.507379,127.841539,137.814141,72
pre_lights,Wednesday,2,690,left,124.037448,133.965983,127.018162,142.535921,72
pre_lights,Wednesday,2,690,right,122.248416,132.860944,127.281006,136.316532,72
pre_lights,Wednesday,2,705,left,130.784382,136.494181,129.346864,141.123308,71
pre_lights,Wednesday,2,705,right,131.126266,135.926596,132.019093,141.004305,71
pre_lights,Wednesday,2,720,left,132.281812,139.625574,129.480773,144.506149,72
pre_lights,Wednesday,2,720,right,131.521563,136.489663,130.733918,142.470953,72
pre_lights,Wednesday,2,735,left,131.820485,137.687458,131.498253,143.914187,71
pre_lights,Wednesday,2,735,right,129.447917,135.243033,128.234746,139.651488,71
pre_lights,Wednesday,2,750,left,131.011820,137.465765,131.077220,143.095592,72
pre_lights,Wednesday,2,750,right,131.654778,135.066518,131.012032,142.848581,72
pre_lights,Wednesday,2,765,left,129.406463,135.172798,126.877021,142.411191,72
pre_lights,Wednesday,2,765,right,130.937971,135.221447,129.292549,142.533449,72
pre_lights,Wednesday,2,780,left,130.055562,134.892283,129.681736,141.312574,72
pre_lights,Wednesday,2,780,right,133.459361,137.125640,131.094460,145.715428,72
pre_lights,Wednesday,2,795,left,132.737588,137.378055,131.362520,144.900809,72
pre_lights,Wednesday,2,795,right,132.195127,137.637696,129.311210,146.943772,72
pre_lights,Wednesday,2,810,left,133.268167,138.320511,131.562063,145.449270,72
pre_lights,Wednesday,2,810,right,134.818706,140.859383,131.730694,150.524044,72
pre_lights,Wednesday,2,825,left,133.168756,138.807443,132.423450,144.953715,72
pre_lights,Wednesday,2,825,right,135.049886,142.992590,131.636719,148.521191,72
pre_lights,Wednesday,2,840,left,131.843319,137.932494,130.531608,143.831981,72
pre_lights,Wednesday,2,840,right,133.827191,138.465605,131.083783,147.284944,72
pre_lights,Wednesday,2,855,left,131.510169,135.798685,130.204131,144.102679,72
pre_lights,Wednesday,2,855,right,131.890387,137.782176,130.085008,144.607181,72
pre_lights,Wednesday,2,870,left,130.690775,136.886500,130.903346,144.721185,72
pre_lights,Wednesday,2,870,right,134.372625,141.321133,131.772850,146.373109,72
pre_lights,Wednesday,2,885,left,132.492002,137.791466,132.140688,144.468450,72
pre_lights,Wednesday,2,885,right,131.772214,138.556177,128.258889,144.511915,72
pre_lights,Wednesday,2,900,left,132.698221,137.175500,131.368595,144.502976,72
pre_lights,Wednesday,2,900,right,133.757365,140.360548,130.965189,147.022210,72
pre_lights,Wednesday,2,915,left,131.517144,136.967925,131.352203,141.064520,72
pre_lights,Wednesday,2,915,right,130.444481,134.397762,126.115109,146.420259,72
pre_lights,Wednesday,2,930,left,132.873838,137.122433,131.469053,145.003748,72
pre_lights,Wednesday,2,930,right,131.579549,136.114318,128.502194,145.402693,72
pre_lights,Wednesday,2,945,left,132.477437,136.944083,131.362511,145.423034,72
pre_lights,Wednesday,2,945,right,130.607841,135.228293,129.558667,142.656819,72
pre_lights,Wednesday,2,960,left,133.040475,137.800663,131.448663,145.237487,72
pre_lights,Wednesday,2,960,right,130.669980,135.615870,129.875886,141.677142,72
pre_lights,Wednesday,2,975,left,132.730879,139.143012,131.911940,144.129642,72
pre_lights,Wednesday,2,975,right,130.508510,136.528309,130.592478,142.165536,72
pre_lights,Wednesday,2,990,left,132.039792,138.928684,130.738786,141.999093,72
pre_lights,Wednesday,2,990,right,127.772650,134.394751,129.296558,138.160337,72
pre_lights,Wednesday,2,1005,left,131.649305,136.928744,129.610972,143.763971,72
pre_lights,Wednesday,2,1005,right,131.922359,136.169441,131.090088,141.917928,72
pre_lights,Wednesday,2,1020,left,131.322840,136.377462,128.629443,143.653089,72
pre_lights,Wednesday,2,1020,right,131.704135,136.190403,130.971729,142.039852,72
pre_lights,Wednesday,2,1035,left,131.002383,134.374485,128.228505,147.435673,72
pre_lights,Wednesday,2,1035,right,131.181164,135.661959,131.072950,141.875673,72
pre_lights,Wednesday,2,1050,left,129.584356,133.326161,126.173866,142.121994,72
pre_lights,Wednesday,2,1050,right,131.584349,136.185629,131.772768,142.417406,72
pre_lights,Wednesday,2,1065,left,128.645088,132.773216,125.662646,142.677671,72
pre_lights,Wednesday,2,1065,right,131.649802,136.709377,131.123188,143.769733,72
pre_lights,Wednesday,2,1080,left,127.700141,131.625049,126.879056,139.419724,71
pre_lights,Wednesday,2,1080,right,129.551509,134.423496,130.602602,139.331620,71
pre_lights,Wednesday,2,1095,left,132.676183,134.472865,127.774237,145.941361,72
pre_lights,Wednesday,2,1095,right,130.178288,136.219429,129.657503,141.128829,72
pre_lights,Wednesday,2,1110,left,133.165112,136.881601,130.826110,147.092789,72
pre_lights,Wednesday,2,1110,right,130.163369,135.523397,129.144671,144.846474,72
pre_lights,Wednesday,2,1125,left,131.936302,135.787004,128.591716,145.338173,72
pre_lights,Wednesday,2,1125,right,131.154328,137.784193,130.664642,144.577766,72
pre_lights,Wednesday,2,1140,left,133.489067,136.365218,126.687093,148.265420,72
pre_lights,Wednesday,2,1140,right,131.231879,137.456108,127.223444,143.818071,72
pre_lights,Wednesday,2,1155,left,126.625912,134.183695,127.036655,142.884603,72
pre_lights,Wednesday,2,1155,right,131.036944,135.396412,128.223582,145.887803,72
pre_lights,Wednesday,2,1170,left,131.351620,134.549481,121.427152,147.426994,72
pre_lights,Wednesday,2,1170,right,131.757979,135.046811,127.905678,148.966982,72
pre_lights,Wednesday,2,1185,left,127.084579,134.541083,121.208608,146.536947,72
pre_lights,Wednesday,2,1185,right,131.923449,136.420600,129.945788,147.385364,72
pre_lights,Wednesday,2,1200,left,132.335201,143.534338,124.950719,152.971385,72
pre_lights,Wednesday,2,1200,right,127.047346,130.827795,122.180108,142.183244,72
pre_lights,Wednesday,2,1215,left,124.556482,139.736681,117.435350,154.328197,72
pre_lights,Wednesday,2,1215,right,130.374156,137.594735,125.020310,146.247916,72
pre_lights,Wednesday,2,1230,left,130.010197,142.118320,124.600399,156.210865,72
pre_lights,Wednesday,2,1230,right,133.021943,138.207888,126.007827,148.791120,72
pre_lights,Wednesday,2,1245,left,132.195566,141.726028,128.166887,155.915296,72
pre_lights,Wednesday,2,1245,right,131.037000,135.638127,124.622012,146.795336,72
pre_lights,Wednesday,2,1260,left,129.487748,142.790230,119.182152,158.180293,72
pre_lights,Wednesday,2,1260,right,130.205008,136.222577,123.880837,147.072929,72
pre_lights,Wednesday,2,1275,left,124.470152,138.184832,116.727447,152.290875,72
pre_lights,Wednesday,2,1275,right,135.080932,144.608772,129.204586,155.064908,72
pre_lights,Wednesday,2,1290,left,131.469410,141.922274,119.194939,157.517636,72
pre_lights,Wednesday,2,1290,right,135.126819,142.715152,131.213730,150.251301,72
pre_lights,Wednesday,2,1305,left,135.033714,145.478451,129.735283,162.909537,72
pre_lights,Wednesday,2,1305,right,134.880669,143.022723,128.330037,151.046177,72
pre_lights,Wednesday,2,1320,left,127.396874,140.415574,115.281570,162.952093,72
pre_lights,Wednesday,2,1320,right,132.868878,136.729352,124.583830,152.155741,72
pre_lights,Wednesday,2,1335,left,135.625533,152.620307,134.851605,171.291530,72
pre_lights,Wednesday,2,1335,right,131.915352,139.279310,122.993398,149.149655,72
pre_lights,Wednesday,2,1350,left,122.714266,145.233511,116.097689,159.215688,71
pre_lights,Wednesday,2,1350,right,129.230683,133.744861,116.770064,148.676102,71
pre_lights,Wednesday,2,1365,left,119.282768,131.077479,108.962471,150.936091,72
pre_lights,Wednesday,2,1365,right,128.332689,135.924829,124.828140,147.368810,72
pre_lights,Wednesday,2,1380,left,122.725512,133.070437,106.630651,147.799508,74
pre_lights,Wednesday,2,1380,right,128.605253,135.104568,122.603555,150.193832,74
pre_lights,Wednesday,2,1395,left,117.255084,131.517578,124.419344,138.016843,75
pre_lights,Wednesday,2,1395,right,129.307045,137.376866,125.758013,146.465476,75
pre_lights,Wednesday,2,1410,left,125.190270,134.105909,125.953964,142.680111,75
pre_lights,Wednesday,2,1410,right,134.557511,137.324734,127.970279,152.344057,75
pre_lights,Wednesday,2,1425,left,121.753537,135.001346,121.433330,141.585022,75
pre_lights,Wednesday,2,1425,right,131.952517,141.124411,127.116267,152.803509,75
pre_lights,Thursday,3,0,left,130.397322,131.519468,122.864867,143.782742,72
pre_lights,Thursday,3,0,right,135.384677,138.046753,120.142530,155.378566,72
pre_lights,Thursday,3,15,left,121.197851,123.282129,119.334452,129.979966,72
pre_lights,Thursday,3,15,right,131.396829,140.388009,120.292555,158.032557,72
pre_lights,Thursday,3,30,left,136.864995,134.197906,122.947346,145.010209,72
pre_lights,Thursday,3,30,right,136.083035,138.943095,121.426096,157.800812,72
pre_lights,Thursday,3,45,left,129.178205,141.424298,119.475727,157.939796,72
pre_lights,Thursday,3,45,right,126.758584,136.252709,121.979674,150.960044,72
pre_lights,Thursday,3,60,left,119.571108,132.625863,115.146083,148.077307,72
pre_lights,Thursday,3,60,right,126.488124,133.500060,116.031679,153.239256,72
pre_lights,Thursday,3,75,left,112.441545,128.511207,97.302500,151.819343,72
pre_lights,Thursday,3,75,right,133.438074,140.042918,114.598659,156.226848,72
pre_lights,Thursday,3,90,left,128.373207,139.054590,116.122633,163.544256,72
pre_lights,Thursday,3,90,right,135.974683,139.187737,120.194238,157.013281,72
pre_lights,Thursday,3,105,left,118.086290,124.174575,101.013650,152.427724,72
pre_lights,Thursday,3,105,right,128.142409,132.276887,107.329606,159.055551,72
pre_lights,Thursday,3,120,left,112.435493,114.241756,97.138607,157.132559,72
pre_lights,Thursday,3,120,right,123.357697,135.719495,114.740144,148.731895,72
pre_lights,Thursday,3,135,left,118.511022,128.708881,99.036540,154.517075,72
pre_lights,Thursday,3,135,right,126.833411,133.343149,107.767798,149.612190,72
pre_lights,Thursday,3,150,left,125.589258,138.281022,105.538003,155.089926,72
pre_lights,Thursday,3,150,right,125.877988,131.688507,117.937171,154.723150,72
pre_lights,Thursday,3,165,left,128.630367,145.997529,107.993525,158.881338,72
pre_lights,Thursday,3,165,right,133.514181,138.239276,117.258457,159.917638,72
pre_lights,Thursday,3,180,left,142.719627,154.283507,132.275381,166.848299,72
pre_lights,Thursday,3,180,right,138.723431,143.050820,122.599128,158.130321,72
pre_lights,Thursday,3,195,left,132.979352,143.193435,121.478849,167.476802,72
pre_lights,Thursday,3,195,right,136.997780,142.504101,122.201231,156.271004,72
pre_lights,Thursday,3,210,left,130.955332,142.350039,126.242154,164.939080,72
pre_lights,Thursday,3,210,right,129.156743,144.291548,117.902650,158.588044,72
pre_lights,Thursday,3,225,left,120.566109,140.322964,113.803266,156.281328,72
pre_lights,Thursday,3,225,right,126.792757,140.363847,129.171899,151.999554,72
pre_lights,Thursday,3,240,left,126.756862,145.501234,119.272329,163.624056,72
pre_lights,Thursday,3,240,right,134.043236,137.687544,129.519452,149.798329,72
pre_lights,Thursday,3,255,left,125.136507,143.081411,113.439721,161.179866,72
pre_lights,Thursday,3,255,right,118.902515,131.148766,119.050990,144.267777,72
pre_lights,Thursday,3,270,left,115.531954,137.031561,94.324981,159.238344,72
pre_lights,Thursday,3,270,right,126.655917,136.069537,123.554769,147.671487,72
pre_lights,Thursday,3,285,left,124.471718,144.828532,115.337487,161.495392,72
pre_lights,Thursday,3,285,right,133.165112,141.490358,130.232587,149.202083,72
pre_lights,Thursday,3,300,left,142.352333,151.673278,133.122370,159.803687,72
pre_lights,Thursday,3,300,right,132.887598,140.263278,130.626554,146.032766,72
pre_lights,Thursday,3,315,left,124.804159,131.914089,117.930992,147.657348,72
pre_lights,Thursday,3,315,right,134.420938,139.572975,134.326106,145.831117,72
pre_lights,Thursday,3,330,left,123.034044,133.218468,117.989314,148.039683,72
pre_lights,Thursday,3,330,right,130.480702,141.774322,133.643757,149.536060,72
pre_lights,Thursday,3,345,left,127.373966,140.011890,114.323438,147.720026,72
pre_lights,Thursday,3,345,right,134.672964,142.140358,134.955507,146.834370,72
pre_lights,Thursday,3,360,left,133.335720,138.396099,125.556829,150.876793,72
pre_lights,Thursday,3,360,right,130.448226,139.176584,130.589952,145.779258,72
pre_lights,Thursday,3,375,left,134.710283,138.601572,126.122208,151.428411,72
pre_lights,Thursday,3,375,right,136.173741,140.562819,132.168945,146.266196,72
pre_lights,Thursday,3,390,left,136.234583,139.842338,126.872941,153.677815,72
pre_lights,Thursday,3,390,right,136.704081,140.296826,132.783754,144.948259,72
pre_lights,Thursday,3,405,left,121.692366,133.602694,119.201339,146.298312,72
pre_lights,Thursday,3,405,right,133.439689,137.871771,133.954252,142.829761,72
pre_lights,Thursday,3,420,left,126.193174,131.777131,125.469978,142.251660,72
pre_lights,Thursday,3,420,right,129.785978,135.613188,132.071812,138.711198,72
pre_lights,Thursday,3,435,left,136.926002,137.572975,130.417546,145.940064,72
pre_lights,Thursday,3,435,right,132.504176,136.339777,131.130076,141.739170,72
pre_lights,Thursday,3,450,left,138.163969,140.144427,132.617326,146.925322,72
pre_lights,Thursday,3,450,right,132.837262,136.538695,127.879187,144.047106,72
pre_lights,Thursday,3,465,left,140.061082,138.669142,131.239796,147.144062,72
pre_lights,Thursday,3,465,right,135.595187,134.779753,125.771164,143.173040,72
pre_lights,Thursday,3,480,left,140.026034,138.308331,132.501846,147.755644,72
pre_lights,Thursday,3,480,right,134.108539,137.077158,130.900571,140.587635,72
pre_lights,Thursday,3,495,left,135.352968,135.665640,127.795870,141.608808,72
pre_lights,Thursday,3,495,right,135.696083,137.123558,128.160988,143.688919,72
pre_lights,Thursday,3,510,left,135.700185,136.397372,128.768775,142.133516,72
pre_lights,Thursday,3,510,right,135.302686,137.361489,125.698403,142.925065,72
pre_lights,Thursday,3,525,left,136.299364,136.662657,130.488079,142.199636,72
pre_lights,Thursday,3,525,right,129.353372,135.007418,127.280640,141.596424,72
pre_lights,Thursday,3,540,left,133.935450,133.714265,129.309647,139.960305,72
pre_lights,Thursday,3,540,right,133.251912,134.631569,127.838380,142.655023,72
pre_lights,Thursday,3,555,left,134.072122,136.228772,129.384786,141.039680,72
pre_lights,Thursday,3,555,right,131.759071,135.675237,130.538152,142.089538,72
pre_lights,Thursday,3,570,left,136.212280,136.242615,129.297311,141.472622,72
pre_lights,Thursday,3,570,right,129.330752,136.066464,130.329919,142.863995,72
pre_lights,Thursday,3,585,left,133.829091,134.455781,130.110159,139.434383,72
pre_lights,Thursday,3,585,right,131.047951,133.694693,128.115944,139.927420,72
pre_lights,Thursday,3,600,left,134.679499,137.179005,128.064082,141.371299,72
pre_lights,Thursday,3,600,right,135.953417,137.204039,131.228549,143.142090,72
pre_lights,Thursday,3,615,left,136.756204,137.196189,130.990788,142.924519,72
pre_lights,Thursday,3,615,right,135.417781,136.399955,129.933584,141.068492,72
pre_lights,Thursday,3,630,left,134.096806,134.726732,127.642238,140.247039,72
pre_lights,Thursday,3,630,right,133.756979,134.982892,130.267712,138.702517,72
pre_lights,Thursday,3,645,left,134.212472,134.733546,124.067469,143.650636,72
pre_lights,Thursday,3,645,right,133.517076,134.306114,129.321050,138.311914,72
pre_lights,Thursday,3,660,left,132.175138,135.029244,125.115395,141.588489,72
pre_lights,Thursday,3,660,right,132.080435,132.835287,125.956708,139.187180,72
pre_lights,Thursday,3,675,left,134.969170,133.634375,129.827569,142.388075,72
pre_lights,Thursday,3,675,right,136.328521,133.884193,128.260857,140.070806,72
pre_lights,Thursday,3,690,left,134.577291,134.123861,127.742910,143.042368,72
pre_lights,Thursday,3,690,right,133.958071,134.053647,131.252591,137.936201,72
pre_lights,Thursday,3,705,left,134.792077,133.176276,127.398810,141.386471,72
pre_lights,Thursday,3,705,right,135.239096,133.710721,128.884953,141.744301,72
pre_lights,Thursday,3,720,left,134.069683,133.390792,129.389023,139.538184,72
pre_lights,Thursday,3,720,right,133.842218,134.560443,127.186545,142.399641,72
pre_lights,Thursday,3,735,left,136.376567,135.276665,128.975686,143.316990,72
pre_lights,Thursday,3,735,right,134.248791,134.953036,129.676365,140.916461,72
pre_lights,Thursday,3,750,left,136.017021,134.122619,128.715099,143.021184,72
pre_lights,Thursday,3,750,right,134.962980,135.325274,132.310380,138.476165,72
pre_lights,Thursday,3,765,left,137.109374,135.223140,128.197998,146.893729,72
pre_lights,Thursday,3,765,right,135.421110,134.269096,129.660056,142.708905,72
pre_lights,Thursday,3,780,left,136.122212,134.886096,127.451021,143.951245,72
pre_lights,Thursday,3,780,right,136.981756,138.117848,131.710732,143.507803,72
pre_lights,Thursday,3,795,left,136.506941,135.523050,130.755479,141.308431,72
pre_lights,Thursday,3,795,right,139.531126,139.484284,133.969546,144.214888,72
pre_lights,Thursday,3,810,left,135.342806,133.739627,127.357733,141.292846,72
pre_lights,Thursday,3,810,right,138.326594,139.548500,132.127973,145.824032,72
pre_lights,Thursday,3,825,left,135.035145,134.933818,128.669795,142.006692,72
pre_lights,Thursday,3,825,right,139.595504,138.578835,133.620509,145.905240,72
pre_lights,Thursday,3,840,left,133.401276,132.490593,126.825560,138.657011,72
pre_lights,Thursday,3,840,right,139.043128,138.521159,131.764867,145.077955,72
pre_lights,Thursday,3,855,left,134.945614,134.412604,128.983939,140.967834,72
pre_lights,Thursday,3,855,right,138.294825,140.112363,131.336470,145.494858,72
pre_lights,Thursday,3,870,left,134.249466,134.022124,129.220420,138.731477,72
pre_lights,Thursday,3,870,right,139.591735,140.841761,133.094396,147.672051,72
pre_lights,Thursday,3,885,left,135.834657,137.147525,127.382873,143.012092,72
pre_lights,Thursday,3,885,right,138.192524,140.327597,131.838396,147.046176,72
pre_lights,Thursday,3,900,left,135.308392,134.760196,129.152331,142.214165,72
pre_lights,Thursday,3,900,right,137.141506,138.886690,128.539029,146.247355,72
pre_lights,Thursday,3,915,left,136.429806,136.677335,130.915027,140.788709,72
pre_lights,Thursday,3,915,right,135.926293,133.270572,127.765407,146.546530,72
pre_lights,Thursday,3,930,left,133.696060,132.876431,128.641591,137.738595,72
pre_lights,Thursday,3,930,right,134.883707,134.675596,127.171878,142.359308,72
pre_lights,Thursday,3,945,left,133.822733,132.388653,127.041796,140.150717,72
pre_lights,Thursday,3,945,right,135.529243,134.935932,129.659606,141.712896,72
pre_lights,Thursday,3,960,left,134.390715,133.165326,128.161470,140.627143,72
pre_lights,Thursday,3,960,right,132.418306,133.288066,129.319890,136.791498,72
pre_lights,Thursday,3,975,left,135.795624,135.316188,128.123955,142.321683,72
pre_lights,Thursday,3,975,right,132.817823,133.126558,129.548273,137.136285,72
pre_lights,Thursday,3,990,left,135.081446,134.739929,126.712446,141.816111,71
pre_lights,Thursday,3,990,right,133.386327,133.411957,128.875579,137.032480,71
pre_lights,Thursday,3,1005,left,134.673716,133.336341,127.665119,141.802606,72
pre_lights,Thursday,3,1005,right,134.389894,134.529319,130.214154,139.475724,72
pre_lights,Thursday,3,1020,left,137.505935,137.270669,131.777386,142.348487,72
pre_lights,Thursday,3,1020,right,134.572378,135.679719,130.503904,139.697573,72
pre_lights,Thursday,3,1035,left,136.445885,135.841659,131.610097,145.307154,72
pre_lights,Thursday,3,1035,right,134.349903,134.118133,129.746587,138.609391,72
pre_lights,Thursday,3,1050,left,128.319011,133.172067,128.235908,142.642523,72
pre_lights,Thursday,3,1050,right,135.213516,135.435690,130.510159,140.553016,72
pre_lights,Thursday,3,1065,left,124.453631,132.369137,125.715288,140.834091,72
pre_lights,Thursday,3,1065,right,134.744702,135.003531,129.978689,140.900858,72
pre_lights,Thursday,3,1080,left,135.662887,135.752364,130.046401,142.339758,72
pre_lights,Thursday,3,1080,right,134.981046,135.113182,129.134372,141.891538,72
pre_lights,Thursday,3,1095,left,135.422765,138.053668,132.279268,149.013894,72
pre_lights,Thursday,3,1095,right,134.199730,135.166836,130.556294,143.018449,72
pre_lights,Thursday,3,1110,left,133.626525,136.051569,130.459094,145.478250,72
pre_lights,Thursday,3,1110,right,135.536716,136.696070,131.590500,141.647314,72
pre_lights,Thursday,3,1125,left,135.671038,136.926237,128.301612,145.899975,72
pre_lights,Thursday,3,1125,right,135.638981,136.256586,131.342402,141.764061,72
pre_lights,Thursday,3,1140,left,132.540990,136.886108,126.294247,142.613355,72
pre_lights,Thursday,3,1140,right,137.607834,136.046947,132.073918,143.764711,72
pre_lights,Thursday,3,1155,left,139.002060,139.011417,131.613672,151.911457,72
pre_lights,Thursday,3,1155,right,138.178528,138.112076,133.842193,145.276125,72
pre_lights,Thursday,3,1170,left,140.836348,139.580617,133.062680,149.882205,72
pre_lights,Thursday,3,1170,right,137.142934,138.741020,130.263458,147.147784,72
pre_lights,Thursday,3,1185,left,137.241793,136.956338,128.244195,148.058145,72
pre_lights,Thursday,3,1185,right,136.357863,139.648770,128.070500,147.916129,72
pre_lights,Thursday,3,1200,left,135.841569,139.612297,131.207836,147.565270,72
pre_lights,Thursday,3,1200,right,135.777281,138.954953,125.729095,149.374296,72
pre_lights,Thursday,3,1215,left,140.664476,140.789768,126.101999,155.603795,72
pre_lights,Thursday,3,1215,right,141.210869,143.273765,126.659160,152.869584,72
pre_lights,Thursday,3,1230,left,135.574001,139.547865,126.754761,152.230215,72
pre_lights,Thursday,3,1230,right,140.960357,141.053333,129.852322,150.510759,72
pre_lights,Thursday,3,1245,left,132.248452,141.299724,124.330990,153.015199,72
pre_lights,Thursday,3,1245,right,138.466801,139.126722,128.592416,151.936961,72
pre_lights,Thursday,3,1260,left,140.200201,145.291624,125.596957,158.032133,72
pre_lights,Thursday,3,1260,right,138.204542,141.536291,128.949893,151.635917,72
pre_lights,Thursday,3,1275,left,142.081409,148.867527,128.311982,164.625276,72
pre_lights,Thursday,3,1275,right,139.123507,139.209217,125.681973,151.337189,72
pre_lights,Thursday,3,1290,left,135.040796,139.708875,123.801140,156.248874,72
pre_lights,Thursday,3,1290,right,141.905923,145.293935,132.440634,154.570844,72
pre_lights,Thursday,3,1305,left,138.093562,147.045547,132.255951,157.841236,72
pre_lights,Thursday,3,1305,right,138.850077,142.308656,134.059660,149.190513,72
pre_lights,Thursday,3,1320,left,132.467672,141.717806,129.101073,158.403372,72
pre_lights,Thursday,3,1320,right,134.092710,136.028693,127.785407,144.410320,72
pre_lights,Thursday,3,1335,left,130.319754,134.451657,120.750288,151.658263,72
pre_lights,Thursday,3,1335,right,137.050000,136.952049,126.961941,148.795131,72
pre_lights,Thursday,3,1350,left,127.658750,136.265132,115.959182,155.542175,72
pre_lights,Thursday,3,1350,right,138.863443,140.303721,125.691804,153.203398,72
pre_lights,Thursday,3,1365,left,134.080795,147.040170,132.181031,158.708072,72
pre_lights,Thursday,3,1365,right,136.757950,140.743161,126.274646,151.057993,72
pre_lights,Thursday,3,1380,left,144.917637,144.294770,134.018939,159.918258,72
pre_lights,Thursday,3,1380,right,134.951243,137.412649,124.690998,151.299820,72
pre_lights,Thursday,3,1395,left,132.041526,132.565229,127.575634,140.750951,72
pre_lights,Thursday,3,1395,right,133.701771,136.830302,125.259867,147.050435,72
pre_lights,Thursday,3,1410,left,132.206280,136.646184,129.695634,142.672730,72
pre_lights,Thursday,3,1410,right,137.222250,137.643191,125.684431,146.057191,72
pre_lights,Thursday,3,1425,left,135.293066,137.634295,129.987212,141.043247,72
pre_lights,Thursday,3,1425,right,139.277172,139.425455,126.282127,153.051784,72
pre_lights,Friday,4,0,left,126.826383,133.798224,127.527118,139.867577,72
pre_lights,Friday,4,0,right,133.251293,136.249745,124.585531,146.934889,72
pre_lights,Friday,4,15,left,118.253762,121.629275,114.639244,128.331105,72
pre_lights,Friday,4,15,right,137.766935,138.769738,125.742579,153.041925,72
pre_lights,Friday,4,30,left,111.518905,118.947311,114.359856,125.677500,72
pre_lights,Friday,4,30,right,136.928508,139.120579,125.399532,150.558510,72
pre_lights,Friday,4,45,left,124.761812,121.498008,117.908172,128.050775,72
pre_lights,Friday,4,45,right,133.028862,138.867710,128.776993,152.982891,72
pre_lights,Friday,4,60,left,116.207402,123.397781,113.798995,138.807372,71
pre_lights,Friday,4,60,right,118.979424,127.349413,113.896068,152.144566,71
pre_lights,Friday,4,75,left,125.943181,134.437995,119.298922,153.869034,69
pre_lights,Friday,4,75,right,115.312088,133.268912,104.807717,149.901135,69
pre_lights,Friday,4,90,left,139.962913,148.690121,123.206278,169.944433,72
pre_lights,Friday,4,90,right,132.797340,139.927566,116.823725,153.540692,72
pre_lights,Friday,4,105,left,125.925683,133.555250,111.212966,148.914529,72
pre_lights,Friday,4,105,right,143.324982,141.955107,129.180473,167.122926,72
pre_lights,Friday,4,120,left,129.524776,138.181868,113.202255,160.782100,72
pre_lights,Friday,4,120,right,129.881414,134.880006,120.236200,153.578173,72
pre_lights,Friday,4,135,left,131.308323,134.197962,114.707430,159.948785,71
pre_lights,Friday,4,135,right,132.381438,136.476939,116.071296,162.485025,71
pre_lights,Friday,4,150,left,124.343676,136.869362,106.141520,156.640016,72
pre_lights,Friday,4,150,right,130.071303,146.189374,118.915898,159.325846,72
pre_lights,Friday,4,165,left,109.102046,122.225140,91.469582,138.982018,72
pre_lights,Friday,4,165,right,136.782337,140.071943,123.118130,153.909939,72
pre_lights,Friday,4,180,left,119.217489,127.176281,100.712687,154.655544,72
pre_lights,Friday,4,180,right,132.462176,138.301732,123.785165,157.550170,72
pre_lights,Friday,4,195,left,124.037446,131.532384,113.129178,155.787099,72
pre_lights,Friday,4,195,right,142.503750,145.645822,128.365076,157.684962,72
pre_lights,Friday,4,210,left,132.477712,144.966894,126.908177,161.251673,72
pre_lights,Friday,4,210,right,130.879224,141.001890,129.770960,148.274173,72
pre_lights,Friday,4,225,left,131.465105,148.217017,123.207302,165.240554,72
pre_lights,Friday,4,225,right,141.105477,138.395326,126.475341,159.919363,72
pre_lights,Friday,4,240,left,141.732541,151.219811,132.482111,164.161794,72
pre_lights,Friday,4,240,right,140.692195,141.716254,125.673997,155.085199,72
pre_lights,Friday,4,255,left,132.777126,139.836111,121.245980,161.607922,72
pre_lights,Friday,4,255,right,145.171175,145.750420,131.162679,156.698622,72
pre_lights,Friday,4,270,left,135.566417,144.652176,123.737919,165.034269,72
pre_lights,Friday,4,270,right,142.174897,143.220943,135.039447,152.482560,72
pre_lights,Friday,4,285,left,135.787100,139.000886,124.602336,151.888497,72
pre_lights,Friday,4,285,right,140.367770,142.073197,131.065196,149.230652,72
pre_lights,Friday,4,300,left,142.958737,144.328568,131.881797,154.037600,72
pre_lights,Friday,4,300,right,138.920363,139.061241,130.424400,148.395984,72
pre_lights,Friday,4,315,left,142.835344,149.631706,130.054572,162.295610,72
pre_lights,Friday,4,315,right,136.856369,140.318572,131.620274,145.434059,72
pre_lights,Friday,4,330,left,131.388442,140.312900,118.157844,156.654345,72
pre_lights,Friday,4,330,right,139.576399,139.676817,132.683492,146.206716,72
pre_lights,Friday,4,345,left,140.627153,143.511263,128.214402,157.601077,72
pre_lights,Friday,4,345,right,138.934923,142.362524,132.285430,147.223736,72
pre_lights,Friday,4,360,left,135.052937,136.359279,122.710070,149.202011,72
pre_lights,Friday,4,360,right,138.540990,139.618953,133.709988,147.252524,72
pre_lights,Friday,4,375,left,141.051393,145.130838,128.558973,154.808919,72
pre_lights,Friday,4,375,right,139.402961,140.141864,133.568707,144.325861,72
pre_lights,Friday,4,390,left,144.560271,146.054924,136.976562,155.499396,72
pre_lights,Friday,4,390,right,139.488887,136.875281,132.501042,144.158738,72
pre_lights,Friday,4,405,left,133.099269,131.895765,125.322005,145.345085,72
pre_lights,Friday,4,405,right,136.866463,137.197581,132.179763,142.324278,72
pre_lights,Friday,4,420,left,131.693667,132.196593,124.570685,139.186129,71
pre_lights,Friday,4,420,right,136.389678,136.797643,132.027928,142.269129,71
pre_lights,Friday,4,435,left,133.824581,133.137941,128.329923,140.554490,72
pre_lights,Friday,4,435,right,135.111922,135.410689,132.405187,141.151095,72
pre_lights,Friday,4,450,left,133.331868,134.266547,128.812934,137.912730,72
pre_lights,Friday,4,450,right,136.675127,135.168094,131.612544,142.384393,72
pre_lights,Friday,4,465,left,134.428378,134.879137,129.267728,138.711912,72
pre_lights,Friday,4,465,right,137.053919,137.228037,132.313766,142.325881,72
pre_lights,Friday,4,480,left,133.147784,134.899723,129.140464,139.475047,72
pre_lights,Friday,4,480,right,135.817881,136.520322,133.371031,141.556784,72
pre_lights,Friday,4,495,left,132.572031,133.167507,128.135931,138.529955,72
pre_lights,Friday,4,495,right,134.490669,135.772560,131.102342,139.481906,72
pre_lights,Friday,4,510,left,134.960291,134.854980,129.825419,140.423341,72
pre_lights,Friday,4,510,right,135.345506,136.834328,132.193207,141.708085,72
pre_lights,Friday,4,525,left,136.191901,135.711159,130.912677,142.103281,72
pre_lights,Friday,4,525,right,135.281831,137.573645,130.175399,143.271850,72
pre_lights,Friday,4,540,left,136.590410,136.249360,130.480365,141.867472,72
pre_lights,Friday,4,540,right,137.503866,138.695401,131.854609,143.824235,72
pre_lights,Friday,4,555,left,135.745149,136.381772,132.546627,141.729593,72
pre_lights,Friday,4,555,right,134.454749,133.730327,130.966926,140.026458,72
pre_lights,Friday,4,570,left,134.595810,135.221813,129.672278,140.040219,72
pre_lights,Friday,4,570,right,131.570191,132.518036,127.469336,134.953825,72
pre_lights,Friday,4,585,left,132.953290,131.784134,125.344222,141.496550,72
pre_lights,Friday,4,585,right,130.930703,132.003030,125.481688,135.441400,72
pre_lights,Friday,4,600,left,132.475524,132.092743,124.943047,141.523254,72
pre_lights,Friday,4,600,right,130.183264,131.919840,124.776717,135.233472,72
pre_lights,Friday,4,615,left,132.397085,132.627998,124.259783,139.702732,72
pre_lights,Friday,4,615,right,129.996647,129.829198,126.410882,137.304399,72
pre_lights,Friday,4,630,left,130.363453,130.614953,122.097784,137.791862,72
pre_lights,Friday,4,630,right,128.101252,128.732233,120.802608,134.379108,72
pre_lights,Friday,4,645,left,130.006977,130.452350,122.328974,137.819966,72
pre_lights,Friday,4,645,right,127.665181,131.045839,115.979847,135.162504,72
pre_lights,Friday,4,660,left,130.391913,130.946066,123.793657,136.246883,72
pre_lights,Friday,4,660,right,128.815506,130.947494,117.297590,139.411193,72
pre_lights,Friday,4,675,left,131.573794,131.327934,123.666422,138.509395,72
pre_lights,Friday,4,675,right,131.800857,131.476445,127.621809,138.893629,72
pre_lights,Friday,4,690,left,130.791859,133.009564,121.944614,137.203905,71
pre_lights,Friday,4,690,right,131.443946,131.158661,125.957607,137.858611,71
pre_lights,Friday,4,705,left,133.622015,134.711484,126.770485,139.511467,72
pre_lights,Friday,4,705,right,133.945638,132.864911,129.675256,139.826872,72
pre_lights,Friday,4,720,left,135.490066,136.273170,126.925771,143.869609,72
pre_lights,Friday,4,720,right,135.505221,134.207744,130.610778,139.682888,72
pre_lights,Friday,4,735,left,135.064059,135.932807,128.044088,142.249191,72
pre_lights,Friday,4,735,right,135.402644,135.251444,131.308809,140.296324,72
pre_lights,Friday,4,750,left,133.407197,132.441376,126.332831,139.286657,72
pre_lights,Friday,4,750,right,135.703513,134.753806,131.134149,142.418393,72
pre_lights,Friday,4,765,left,133.824031,132.775647,126.654932,139.677582,72
pre_lights,Friday,4,765,right,135.467863,134.155903,130.679441,138.741151,72
pre_lights,Friday,4,780,left,134.750581,134.258717,127.888174,140.736413,72
pre_lights,Friday,4,780,right,136.457668,137.921730,130.159697,142.899098,72
pre_lights,Friday,4,795,left,132.970734,133.265059,124.752653,139.075413,72
pre_lights,Friday,4,795,right,136.764755,137.086216,130.953725,145.451694,72
pre_lights,Friday,4,810,left,135.773998,136.250311,129.003163,142.543637,72
pre_lights,Friday,4,810,right,138.204990,138.543807,128.730440,146.074378,72
pre_lights,Friday,4,825,left,134.610848,133.790851,128.905864,140.272328,72
pre_lights,Friday,4,825,right,136.523953,135.994144,131.565364,141.809326,72
pre_lights,Friday,4,840,left,135.154674,135.819863,127.715565,141.302536,70
pre_lights,Friday,4,840,right,137.391365,139.020717,131.066886,142.953509,70
pre_lights,Friday,4,855,left,135.081075,134.348288,128.297958,142.423611,71
pre_lights,Friday,4,855,right,137.947220,138.285360,130.843822,146.302675,71
pre_lights,Friday,4,870,left,136.653253,135.556038,130.766115,141.985300,72
pre_lights,Friday,4,870,right,133.469178,132.499780,129.733762,138.455928,72
pre_lights,Friday,4,885,left,134.053329,131.719319,127.436018,139.963646,72
pre_lights,Friday,4,885,right,134.113350,132.992962,130.562510,137.640138,72
pre_lights,Friday,4,900,left,133.774114,133.095431,126.549684,140.359811,72
pre_lights,Friday,4,900,right,134.249688,134.482885,131.142176,137.716670,72
pre_lights,Friday,4,915,left,134.808285,132.479788,127.728782,142.889405,72
pre_lights,Friday,4,915,right,134.145260,133.097049,130.506432,139.795732,72
pre_lights,Friday,4,930,left,136.993753,135.337671,129.787320,145.350646,72
pre_lights,Friday,4,930,right,134.095505,134.421784,130.584964,139.565950,72
pre_lights,Friday,4,945,left,136.915232,136.254626,130.299925,143.424843,72
pre_lights,Friday,4,945,right,133.137907,132.631736,129.006905,140.063380,72
pre_lights,Friday,4,960,left,136.799660,136.468666,130.789431,143.071028,72
pre_lights,Friday,4,960,right,134.697719,134.078320,130.308865,140.058767,72
pre_lights,Friday,4,975,left,137.646784,136.209507,129.856047,143.251791,72
pre_lights,Friday,4,975,right,135.914320,135.686416,130.446325,142.393062,72
pre_lights,Friday,4,990,left,135.941768,135.965372,128.894639,143.687260,72
pre_lights,Friday,4,990,right,135.528194,135.239657,130.873168,139.975979,72
pre_lights,Friday,4,1005,left,137.120034,137.899819,129.858524,143.371276,71
pre_lights,Friday,4,1005,right,135.317061,134.537722,129.184902,141.940002,71
pre_lights,Friday,4,1020,left,136.752313,135.853625,131.490954,142.602326,72
pre_lights,Friday,4,1020,right,135.521625,134.773998,128.912786,144.338378,72
pre_lights,Friday,4,1035,left,137.077700,134.148503,130.486012,142.721830,72
pre_lights,Friday,4,1035,right,135.608025,133.623005,129.581665,144.613893,72
pre_lights,Friday,4,1050,left,136.448455,135.238070,131.134266,143.629109,72
pre_lights,Friday,4,1050,right,136.116762,136.439619,128.912784,142.916430,72
pre_lights,Friday,4,1065,left,134.660035,134.864433,130.185868,138.121652,72
pre_lights,Friday,4,1065,right,134.917475,134.847630,129.388217,143.057158,72
pre_lights,Friday,4,1080,left,130.830004,133.948584,127.121954,138.596629,72
pre_lights,Friday,4,1080,right,136.055915,136.924314,130.187999,144.310145,72
pre_lights,Friday,4,1095,left,136.371563,138.429320,132.180146,144.462443,72
pre_lights,Friday,4,1095,right,137.135764,139.612852,131.736256,144.873872,72
pre_lights,Friday,4,1110,left,138.547117,135.854223,131.886884,145.511637,72
pre_lights,Friday,4,1110,right,137.383343,136.506884,132.002271,145.460578,72
pre_lights,Friday,4,1125,left,138.863503,136.465091,131.934512,144.986149,72
pre_lights,Friday,4,1125,right,136.035662,137.723784,130.027526,144.680917,72
pre_lights,Friday,4,1140,left,135.340857,135.886205,125.857790,145.883911,72
pre_lights,Friday,4,1140,right,138.432354,136.907760,131.840884,145.410638,72
pre_lights,Friday,4,1155,left,140.137838,139.393561,132.867172,151.893478,72
pre_lights,Friday,4,1155,right,135.390926,136.142438,129.090243,145.290780,72
pre_lights,Friday,4,1170,left,141.299411,139.428135,132.285365,154.572411,72
pre_lights,Friday,4,1170,right,137.898327,138.361957,130.013517,147.392866,72
pre_lights,Friday,4,1185,left,139.003778,140.743004,128.322196,151.594517,72
pre_lights,Friday,4,1185,right,137.193376,136.666208,130.678750,144.882143,72
pre_lights,Friday,4,1200,left,137.230524,145.653479,132.236390,155.900051,72
pre_lights,Friday,4,1200,right,132.397970,132.077644,123.537013,143.198789,72
pre_lights,Friday,4,1215,left,135.682666,143.192617,127.869572,151.966161,72
pre_lights,Friday,4,1215,right,134.460803,136.229989,126.503918,148.112906,72
pre_lights,Friday,4,1230,left,133.665498,142.673012,122.524377,156.684653,72
pre_lights,Friday,4,1230,right,131.954407,136.360295,125.766273,146.286000,72
pre_lights,Friday,4,1245,left,145.734496,150.879472,136.281292,162.931305,72
pre_lights,Friday,4,1245,right,134.949239,134.337124,122.999991,150.588917,72
pre_lights,Friday,4,1260,left,129.858687,142.477045,124.428493,153.298427,72
pre_lights,Friday,4,1260,right,129.354899,131.456228,123.642953,146.307306,72
pre_lights,Friday,4,1275,left,127.550420,146.388585,129.795405,161.551507,72
pre_lights,Friday,4,1275,right,129.237074,133.992471,123.495347,149.802342,72
pre_lights,Friday,4,1290,left,129.119146,148.559880,134.508945,156.443118,72
pre_lights,Friday,4,1290,right,130.591875,134.571368,125.137688,149.528506,72
pre_lights,Friday,4,1305,left,124.304167,143.185564,113.908196,153.700119,72
pre_lights,Friday,4,1305,right,129.819924,138.164501,122.383962,147.421726,72
pre_lights,Friday,4,1320,left,108.636138,132.011253,96.738162,150.978121,72
pre_lights,Friday,4,1320,right,136.670082,143.798189,134.360877,152.336008,72
pre_lights,Friday,4,1335,left,129.885472,148.189418,112.955586,159.334560,71
pre_lights,Friday,4,1335,right,134.700227,144.618166,133.458372,150.484735,71
pre_lights,Friday,4,1350,left,139.844616,151.008369,132.690699,163.406183,72
pre_lights,Friday,4,1350,right,129.222611,132.886120,124.907854,146.056508,72
pre_lights,Friday,4,1365,left,134.487177,142.212601,128.492168,154.469783,72
pre_lights,Friday,4,1365,right,132.533291,137.870028,124.142310,149.736762,72
pre_lights,Friday,4,1380,left,132.074662,142.063646,127.944081,147.017792,71
pre_lights,Friday,4,1380,right,124.297837,136.026622,111.326001,151.467429,71
pre_lights,Friday,4,1395,left,151.850086,151.326904,143.395047,166.768306,70
pre_lights,Friday,4,1395,right,125.397154,138.927975,116.592636,152.336953,70
pre_lights,Friday,4,1410,left,140.507060,146.810740,129.582947,161.905606,69
pre_lights,Friday,4,1410,right,137.349438,143.841908,124.034060,151.721905,69
pre_lights,Friday,4,1425,left,134.812770,138.239621,123.015758,162.166550,69
pre_lights,Friday,4,1425,right,123.644604,135.670119,110.247130,155.880382,69
pre_lights,Saturday,5,0,left,118.942667,133.859128,104.443658,147.635255,69
pre_lights,Saturday,5,0,right,128.276112,137.469845,116.297276,151.048731,69
pre_lights,Saturday,5,15,left,117.664220,127.811147,101.407567,155.484058,69
pre_lights,Saturday,5,15,right,135.264765,141.489960,125.243511,156.166986,69
pre_lights,Saturday,5,30,left,120.212394,145.878297,105.189339,159.296113,69
pre_lights,Saturday,5,30,right,127.683008,141.278861,121.837818,156.642432,69
pre_lights,Saturday,5,45,left,116.644368,144.502984,116.545969,161.776107,69
pre_lights,Saturday,5,45,right,108.565021,125.571117,94.198726,143.293610,69
pre_lights,Saturday,5,60,left,117.556965,134.945833,104.643422,163.628988,69
pre_lights,Saturday,5,60,right,116.966043,129.403451,105.548433,149.081443,69
pre_lights,Saturday,5,75,left,104.400121,135.256189,0.000000,163.628988,69
pre_lights,Saturday,5,75,right,121.000530,136.592927,105.548433,166.481807,69
pre_lights,Saturday,5,90,left,114.447178,137.888852,95.212938,149.553113,69
pre_lights,Saturday,5,90,right,121.842152,135.260045,114.704508,153.217974,69
pre_lights,Saturday,5,105,left,97.301195,137.010520,0.000000,156.072473,69
pre_lights,Saturday,5,105,right,130.810777,142.881046,114.863205,162.477964,69
pre_lights,Saturday,5,120,left,126.044651,146.278521,113.563537,167.063957,69
pre_lights,Saturday,5,120,right,118.472227,140.662404,99.741182,151.250481,69
pre_lights,Saturday,5,135,left,116.585182,129.099468,103.930019,160.235353,69
pre_lights,Saturday,5,135,right,126.545071,137.924942,118.632631,153.933199,69
pre_lights,Saturday,5,150,left,102.329118,132.293394,0.000000,151.157618,69
pre_lights,Saturday,5,150,right,126.200203,145.006408,118.262564,161.161274,69
pre_lights,Saturday,5,165,left,94.484701,121.675673,0.000000,146.369654,69
pre_lights,Saturday,5,165,right,126.507865,135.898760,108.723928,155.317383,69
pre_lights,Saturday,5,180,left,104.422923,126.320467,0.000000,163.751670,69
pre_lights,Saturday,5,180,right,109.430394,129.325926,59.743067,154.294158,69
pre_lights,Saturday,5,195,left,120.647003,138.097316,101.631101,150.222860,69
pre_lights,Saturday,5,195,right,131.901706,146.937824,122.439233,159.322268,69
pre_lights,Saturday,5,210,left,126.362306,145.577928,106.176389,167.785927,69
pre_lights,Saturday,5,210,right,128.476068,142.604200,115.867536,167.687817,69
pre_lights,Saturday,5,225,left,135.818545,147.823663,128.684607,165.304380,69
pre_lights,Saturday,5,225,right,136.000453,146.002345,126.130790,166.012014,69
pre_lights,Saturday,5,240,left,117.170076,134.716720,101.745094,160.854059,69
pre_lights,Saturday,5,240,right,130.825095,140.485169,122.076041,162.546776,69
pre_lights,Saturday,5,255,left,108.917293,133.015188,36.608155,157.126113,69
pre_lights,Saturday,5,255,right,140.523098,145.108653,131.866437,163.782339,69
pre_lights,Saturday,5,270,left,112.731435,136.616050,102.155048,156.832269,68
pre_lights,Saturday,5,270,right,129.679692,138.233330,115.156473,161.186284,68
pre_lights,Saturday,5,285,left,114.624050,134.082161,95.269779,161.945548,69
pre_lights,Saturday,5,285,right,135.204438,141.134816,125.558294,150.491406,69
pre_lights,Saturday,5,300,left,119.873725,137.897516,101.729495,164.923203,69
pre_lights,Saturday,5,300,right,132.173483,136.446572,121.723286,152.473591,69
pre_lights,Saturday,5,315,left,112.532052,138.299071,85.362698,158.116538,69
pre_lights,Saturday,5,315,right,130.087036,134.264752,121.670882,148.154107,69
pre_lights,Saturday,5,330,left,122.422186,138.984621,117.426885,162.156870,69
pre_lights,Saturday,5,330,right,135.718476,136.240411,124.560835,148.799604,69
pre_lights,Saturday,5,345,left,133.887248,139.226391,115.527331,165.527486,69
pre_lights,Saturday,5,345,right,134.710309,133.135930,122.953440,145.980947,69
pre_lights,Saturday,5,360,left,131.796230,141.311665,123.358964,162.010803,69
pre_lights,Saturday,5,360,right,135.821126,140.968557,124.563801,152.391937,69
pre_lights,Saturday,5,375,left,121.833133,142.554844,111.296697,162.701608,69
pre_lights,Saturday,5,375,right,122.367183,132.746246,114.298911,149.183876,69
pre_lights,Saturday,5,390,left,121.390998,134.387544,105.718096,161.140322,69
pre_lights,Saturday,5,390,right,123.997848,136.325951,115.029296,148.661376,69
pre_lights,Saturday,5,405,left,115.525234,126.525535,104.553412,139.702950,69
pre_lights,Saturday,5,405,right,126.465594,133.774759,119.329606,145.412231,69
pre_lights,Saturday,5,420,left,123.463767,137.775032,122.045216,147.327738,69
pre_lights,Saturday,5,420,right,132.421755,140.064940,123.242497,154.922888,69
pre_lights,Saturday,5,435,left,126.042480,138.215832,126.391885,143.205333,69
pre_lights,Saturday,5,435,right,122.370430,134.831032,119.320536,146.395110,69
pre_lights,Saturday,5,450,left,127.396555,132.458025,123.813279,145.103465,69
pre_lights,Saturday,5,450,right,132.355962,132.094404,120.455755,148.644253,69
pre_lights,Saturday,5,465,left,126.975963,132.788031,125.297348,140.103899,69
pre_lights,Saturday,5,465,right,136.035230,137.196520,128.414043,147.402353,69
pre_lights,Saturday,5,480,left,127.809362,135.540009,123.965097,140.508824,69
pre_lights,Saturday,5,480,right,134.183444,135.085476,127.594606,146.599743,69
pre_lights,Saturday,5,495,left,127.347109,135.147457,123.714324,139.447983,69
pre_lights,Saturday,5,495,right,132.113324,135.994028,125.117864,145.379253,69
pre_lights,Saturday,5,510,left,132.969797,139.480508,131.868091,145.533147,68
pre_lights,Saturday,5,510,right,131.148590,136.192403,125.977009,145.894942,68
pre_lights,Saturday,5,525,left,130.431690,135.131616,129.216201,145.112408,69
pre_lights,Saturday,5,525,right,130.190849,135.766664,124.709889,146.748420,69
pre_lights,Saturday,5,540,left,128.823595,132.517363,125.951532,141.485810,69
pre_lights,Saturday,5,540,right,130.712505,135.523464,123.122953,147.129510,69
pre_lights,Saturday,5,555,left,128.594565,132.941083,126.885093,141.146750,69
pre_lights,Saturday,5,555,right,140.072604,142.803055,127.147961,149.206274,69
pre_lights,Saturday,5,570,left,128.774460,136.113363,125.514748,141.406934,69
pre_lights,Saturday,5,570,right,131.386829,135.811979,125.284778,147.913630,69
pre_lights,Saturday,5,585,left,130.524326,135.940898,131.626082,141.622286,69
pre_lights,Saturday,5,585,right,128.547898,133.116556,125.190540,141.737506,69
pre_lights,Saturday,5,600,left,130.723889,137.237733,129.879891,141.849680,66
pre_lights,Saturday,5,600,right,130.027013,136.096588,128.972664,140.442685,66
pre_lights,Saturday,5,615,left,130.005208,137.139914,128.775248,142.436965,69
pre_lights,Saturday,5,615,right,131.221989,136.381422,132.467337,142.770328,69
pre_lights,Saturday,5,630,left,130.806832,135.700550,128.958675,143.911739,69
pre_lights,Saturday,5,630,right,128.985573,134.819779,127.929843,138.035881,69
pre_lights,Saturday,5,645,left,128.045617,132.517856,126.499211,138.786405,69
pre_lights,Saturday,5,645,right,136.639126,136.784018,128.999013,140.684507,69
pre_lights,Saturday,5,660,left,133.379367,135.604185,129.933199,141.305857,69
pre_lights,Saturday,5,660,right,136.003776,136.234648,132.645664,140.898153,69
pre_lights,Saturday,5,675,left,137.738166,136.266901,132.534273,141.221583,69
pre_lights,Saturday,5,675,right,138.366923,137.533571,134.327890,140.749173,69
pre_lights,Saturday,5,690,left,136.243115,135.244271,131.000948,141.501336,69
pre_lights,Saturday,5,690,right,137.313842,138.153729,133.461355,141.472302,69
pre_lights,Saturday,5,705,left,135.595570,134.558252,129.144629,140.168610,69
pre_lights,Saturday,5,705,right,135.806165,135.100413,131.727576,140.298687,69
pre_lights,Saturday,5,720,left,133.915315,133.715250,128.628638,138.098478,69
pre_lights,Saturday,5,720,right,137.126618,136.164967,131.886958,142.041394,69
pre_lights,Saturday,5,735,left,134.328382,133.661828,130.224801,138.954842,69
pre_lights,Saturday,5,735,right,136.040217,135.907208,130.812604,140.775115,69
pre_lights,Saturday,5,750,left,134.775194,135.191236,130.167148,139.078060,69
pre_lights,Saturday,5,750,right,135.557767,133.738061,131.455200,139.920757,69
pre_lights,Saturday,5,765,left,134.202670,134.581485,129.763614,138.463170,69
pre_lights,Saturday,5,765,right,137.068521,135.605464,132.553862,142.036595,69
pre_lights,Saturday,5,780,left,133.296039,133.752272,128.948808,137.197422,69
pre_lights,Saturday,5,780,right,136.409363,134.052249,131.181292,142.102682,69
pre_lights,Saturday,5,795,left,134.940277,134.904389,130.795838,138.723197,69
pre_lights,Saturday,5,795,right,136.506953,134.147567,132.104203,143.224122,69
pre_lights,Saturday,5,810,left,135.504475,135.823160,131.122420,138.966859,69
pre_lights,Saturday,5,810,right,136.860783,136.601237,132.174052,143.549603,69
pre_lights,Saturday,5,825,left,133.361631,133.741987,128.618914,139.770999,68
pre_lights,Saturday,5,825,right,136.376861,135.763020,131.657724,142.998720,68
pre_lights,Saturday,5,840,left,135.100106,135.494204,129.260956,141.408510,69
pre_lights,Saturday,5,840,right,136.552064,136.965225,130.926672,141.925864,69
pre_lights,Saturday,5,855,left,133.373405,131.705044,127.035603,139.785531,69
pre_lights,Saturday,5,855,right,136.263403,135.407826,132.816450,140.579039,69
pre_lights,Saturday,5,870,left,134.465534,131.970217,127.842741,139.441688,69
pre_lights,Saturday,5,870,right,136.543178,135.437538,132.550452,141.927004,69
pre_lights,Saturday,5,885,left,135.192960,134.631912,129.145792,141.151845,69
pre_lights,Saturday,5,885,right,134.313103,136.050251,129.945214,140.482772,69
pre_lights,Saturday,5,900,left,131.867073,132.308361,124.951329,138.491052,69
pre_lights,Saturday,5,900,right,135.151875,134.410748,129.685002,140.626563,69
pre_lights,Saturday,5,915,left,134.321775,134.573014,128.384975,140.923798,69
pre_lights,Saturday,5,915,right,135.922139,136.103238,130.477565,140.636131,69
pre_lights,Saturday,5,930,left,134.325689,135.743488,128.610272,141.402365,69
pre_lights,Saturday,5,930,right,135.951477,136.145973,131.336525,142.057113,69
pre_lights,Saturday,5,945,left,134.678748,135.674946,129.501458,139.391630,69
pre_lights,Saturday,5,945,right,135.670164,134.984433,131.452271,144.229508,69
pre_lights,Saturday,5,960,left,134.504738,134.854598,130.523418,138.485591,69
pre_lights,Saturday,5,960,right,132.862121,132.548294,129.964194,137.338462,69
pre_lights,Saturday,5,975,left,134.147777,135.058004,129.537727,140.107567,69
pre_lights,Saturday,5,975,right,133.629784,134.029237,130.604404,138.101831,69
pre_lights,Saturday,5,990,left,134.353274,133.035006,128.293113,141.039440,69
pre_lights,Saturday,5,990,right,134.131207,133.981369,131.307527,139.260571,69
pre_lights,Saturday,5,1005,left,134.558392,133.585290,128.692704,141.322038,69
pre_lights,Saturday,5,1005,right,133.904304,133.543373,128.668916,138.467663,69
pre_lights,Saturday,5,1020,left,135.118170,135.673651,130.289618,140.445113,69
pre_lights,Saturday,5,1020,right,132.901361,132.178410,128.611231,137.726328,69
pre_lights,Saturday,5,1035,left,136.389468,135.681317,130.967079,141.629759,69
pre_lights,Saturday,5,1035,right,133.263991,133.327997,128.785674,137.145441,69
pre_lights,Saturday,5,1050,left,133.160625,133.523616,129.254706,140.152063,69
pre_lights,Saturday,5,1050,right,133.235272,132.039136,127.051516,141.284903,69
pre_lights,Saturday,5,1065,left,130.437514,132.901094,127.109184,140.686603,69
pre_lights,Saturday,5,1065,right,137.071997,137.556615,131.849042,142.090345,69
pre_lights,Saturday,5,1080,left,134.213399,135.007202,129.353971,142.746451,69
pre_lights,Saturday,5,1080,right,137.781433,136.010510,131.024866,144.182446,69
pre_lights,Saturday,5,1095,left,137.222006,138.209839,131.246757,146.120156,69
pre_lights,Saturday,5,1095,right,138.346857,135.743736,131.124195,145.979187,69
pre_lights,Saturday,5,1110,left,138.849676,138.398526,132.801636,149.592032,69
pre_lights,Saturday,5,1110,right,135.345061,135.100171,130.647132,143.607885,69
pre_lights,Saturday,5,1125,left,137.088499,136.434031,130.157624,145.888411,69
pre_lights,Saturday,5,1125,right,136.473957,135.375986,130.755233,145.595955,69
pre_lights,Saturday,5,1140,left,135.887694,137.456261,129.072431,146.536662,69
pre_lights,Saturday,5,1140,right,137.236634,136.887381,132.703458,141.880699,69
pre_lights,Saturday,5,1155,left,132.634934,136.897194,123.755092,149.369979,69
pre_lights,Saturday,5,1155,right,137.450448,136.710133,132.292137,144.808030,69
pre_lights,Saturday,5,1170,left,140.509610,142.268048,131.383745,153.530397,69
pre_lights,Saturday,5,1170,right,135.709701,135.013347,129.432580,144.737018,69
pre_lights,Saturday,5,1185,left,141.852756,144.116678,128.418804,158.197496,69
pre_lights,Saturday,5,1185,right,133.475117,133.360075,128.541843,140.895969,69
pre_lights,Saturday,5,1200,left,142.447738,150.651007,137.469833,161.263599,69
pre_lights,Saturday,5,1200,right,135.837320,136.417551,131.514862,142.852512,69
pre_lights,Saturday,5,1215,left,140.400027,143.589210,126.224862,156.827635,69
pre_lights,Saturday,5,1215,right,135.000024,136.281865,131.957204,142.335845,69
pre_lights,Saturday,5,1230,left,132.238816,141.034495,123.866221,153.768359,69
pre_lights,Saturday,5,1230,right,137.666371,136.735785,132.287311,145.743395,69
pre_lights,Saturday,5,1245,left,133.648155,139.395125,130.766915,159.892905,69
pre_lights,Saturday,5,1245,right,136.386641,137.040046,130.780920,144.632400,69
pre_lights,Saturday,5,1260,left,140.766336,145.792150,130.946989,163.565522,69
pre_lights,Saturday,5,1260,right,135.202062,137.240650,128.894309,145.332638,69
pre_lights,Saturday,5,1275,left,138.590181,148.081686,134.449562,162.148185,69
pre_lights,Saturday,5,1275,right,131.336128,132.696291,122.423754,141.789535,69
pre_lights,Saturday,5,1290,left,140.151855,143.030074,127.527550,154.978522,69
pre_lights,Saturday,5,1290,right,132.590694,132.348878,123.117597,143.537155,69
pre_lights,Saturday,5,1305,left,142.816494,146.643911,128.720685,158.816038,69
pre_lights,Saturday,5,1305,right,139.441897,140.702940,127.906645,149.731961,69
pre_lights,Saturday,5,1320,left,141.320872,145.482680,130.878542,160.387312,69
pre_lights,Saturday,5,1320,right,135.746377,138.643620,125.115244,149.036521,69
pre_lights,Saturday,5,1335,left,130.632414,145.565577,122.286926,156.108962,69
pre_lights,Saturday,5,1335,right,145.128706,148.117643,133.108641,156.342792,69
pre_lights,Saturday,5,1350,left,132.310920,142.039174,116.807757,157.339412,69
pre_lights,Saturday,5,1350,right,135.259385,138.284531,120.713322,151.072752,69
pre_lights,Saturday,5,1365,left,137.479906,143.008627,121.209111,161.625276,69
pre_lights,Saturday,5,1365,right,139.028468,143.250674,134.363426,149.325569,69
pre_lights,Saturday,5,1380,left,130.164082,146.508928,112.557567,153.858606,69
pre_lights,Saturday,5,1380,right,144.533381,143.700636,133.644387,154.219347,69
pre_lights,Saturday,5,1395,left,127.649404,144.524111,120.166809,155.303781,69
pre_lights,Saturday,5,1395,right,139.482451,141.057114,132.670182,152.536547,69
pre_lights,Saturday,5,1410,left,126.203005,136.749495,114.989486,164.850553,69
pre_lights,Saturday,5,1410,right,133.065200,140.350020,126.019020,152.613094,69
pre_lights,Saturday,5,1425,left,121.761517,135.382012,114.935650,158.550626,69
pre_lights,Saturday,5,1425,right,133.407559,140.793855,124.949923,150.211915,69
pre_lights,Sunday,6,0,left,128.433817,144.246622,129.815305,160.380857,69
pre_lights,Sunday,6,0,right,133.919768,140.436012,119.987601,153.562156,69
pre_lights,Sunday,6,15,left,130.681352,151.040258,117.318976,170.184019,68
pre_lights,Sunday,6,15,right,133.956366,146.060605,131.747283,155.122440,68
pre_lights,Sunday,6,30,left,125.656251,151.513921,100.724764,168.411015,69
pre_lights,Sunday,6,30,right,120.792775,135.518691,116.356238,149.092318,69
pre_lights,Sunday,6,45,left,105.589322,130.619438,90.253903,150.766100,69
pre_lights,Sunday,6,45,right,133.320904,142.688071,118.403974,165.608609,69
pre_lights,Sunday,6,60,left,108.718032,127.744580,89.281539,152.119381,72
pre_lights,Sunday,6,60,right,125.103860,141.985467,94.661270,161.314069,72
pre_lights,Sunday,6,75,left,95.065486,125.943101,0.000000,142.609239,72
pre_lights,Sunday,6,75,right,124.603298,148.952010,103.876598,169.314754,72
pre_lights,Sunday,6,90,left,121.732569,139.327099,103.546487,163.515351,72
pre_lights,Sunday,6,90,right,111.387101,131.077309,98.018216,153.984929,72
pre_lights,Sunday,6,105,left,125.124191,147.410081,110.337689,172.506165,72
pre_lights,Sunday,6,105,right,128.348194,146.822918,117.667091,164.632999,72
pre_lights,Sunday,6,120,left,121.433244,140.818878,103.195631,162.493722,69
pre_lights,Sunday,6,120,right,139.808465,159.405974,118.881883,170.038428,69
pre_lights,Sunday,6,135,left,114.448851,132.760850,101.187518,152.872937,69
pre_lights,Sunday,6,135,right,128.021614,143.537882,119.312845,162.529256,69
pre_lights,Sunday,6,150,left,115.325893,136.529266,95.878476,159.444122,69
pre_lights,Sunday,6,150,right,133.318085,144.446796,122.986223,163.201564,69
pre_lights,Sunday,6,165,left,116.258417,138.157577,77.746477,160.133846,69
pre_lights,Sunday,6,165,right,111.410082,122.808090,97.048146,144.071049,69
pre_lights,Sunday,6,180,left,121.083802,145.808766,108.127221,162.418930,69
pre_lights,Sunday,6,180,right,116.925311,137.619745,110.889634,153.666559,69
pre_lights,Sunday,6,195,left,113.950579,141.302380,67.307927,161.895749,69
pre_lights,Sunday,6,195,right,133.250720,146.051396,119.176263,168.710190,69
pre_lights,Sunday,6,210,left,103.250565,135.880223,0.000000,160.232154,69
pre_lights,Sunday,6,210,right,123.366553,139.714447,116.287035,149.380877,69
pre_lights,Sunday,6,225,left,106.957745,133.569900,0.000000,162.360398,69
pre_lights,Sunday,6,225,right,122.907722,139.379054,107.159713,163.311369,69
pre_lights,Sunday,6,240,left,97.373350,130.564954,0.000000,150.502484,69
pre_lights,Sunday,6,240,right,123.474277,140.704278,113.274280,163.360498,69
pre_lights,Sunday,6,255,left,101.973840,124.894807,0.000000,156.506326,69
pre_lights,Sunday,6,255,right,122.714872,149.261398,99.276576,162.627164,69
pre_lights,Sunday,6,270,left,103.925331,134.862364,0.000000,157.723605,69
pre_lights,Sunday,6,270,right,131.621650,148.300782,128.899702,162.785164,69
pre_lights,Sunday,6,285,left,88.083796,110.619396,0.000000,148.125830,69
pre_lights,Sunday,6,285,right,131.449873,141.349741,122.813238,162.241681,69
pre_lights,Sunday,6,300,left,112.495277,142.203900,49.290114,166.778777,68
pre_lights,Sunday,6,300,right,140.392495,140.655670,119.261076,162.104658,68
pre_lights,Sunday,6,315,left,92.910058,120.179109,0.000000,154.225349,69
pre_lights,Sunday,6,315,right,127.182434,143.917602,114.008320,158.631553,69
pre_lights,Sunday,6,330,left,77.968612,91.954022,0.000000,143.660963,69
pre_lights,Sunday,6,330,right,134.921105,145.039038,114.008320,155.155324,69
pre_lights,Sunday,6,345,left,109.977905,132.353286,72.677788,164.689243,69
pre_lights,Sunday,6,345,right,138.565911,147.498740,125.635658,166.606553,69
pre_lights,Sunday,6,360,left,119.201785,144.854095,110.169968,161.927443,69
pre_lights,Sunday,6,360,right,132.917959,145.052669,127.292296,160.386657,69
pre_lights,Sunday,6,375,left,121.967875,146.531133,101.787475,169.925612,69
pre_lights,Sunday,6,375,right,132.224422,139.711217,118.355113,161.796823,69
pre_lights,Sunday,6,390,left,119.083703,133.619797,102.734462,160.504406,69
pre_lights,Sunday,6,390,right,129.453956,134.111198,123.718537,143.779634,69
pre_lights,Sunday,6,405,left,127.416824,139.921998,115.278449,159.487698,69
pre_lights,Sunday,6,405,right,139.012611,140.160632,128.019139,151.305573,69
pre_lights,Sunday,6,420,left,132.473135,138.929702,128.061811,155.239576,69
pre_lights,Sunday,6,420,right,127.501691,140.265597,115.288554,155.257581,69
pre_lights,Sunday,6,435,left,129.546935,134.008906,125.293919,144.930566,69
pre_lights,Sunday,6,435,right,136.586129,142.087965,128.858142,156.125494,69
pre_lights,Sunday,6,450,left,127.143435,131.202076,121.069226,137.813814,69
pre_lights,Sunday,6,450,right,130.326750,134.754374,126.098345,144.982829,69
pre_lights,Sunday,6,465,left,129.791737,134.751418,123.257038,143.998435,69
pre_lights,Sunday,6,465,right,138.337912,143.664259,130.585697,156.626110,69
pre_lights,Sunday,6,480,left,127.206402,132.974560,120.293043,142.735221,69
pre_lights,Sunday,6,480,right,140.162396,145.619788,127.985541,160.358875,69
pre_lights,Sunday,6,495,left,133.226403,135.688167,127.707961,141.957435,69
pre_lights,Sunday,6,495,right,141.378059,141.965805,131.989599,154.624422,69
pre_lights,Sunday,6,510,left,135.382428,138.636315,131.039917,146.590945,69
pre_lights,Sunday,6,510,right,139.970030,141.684512,130.428104,151.207912,69
pre_lights,Sunday,6,525,left,136.127825,139.115545,129.054707,145.273873,69
pre_lights,Sunday,6,525,right,136.147796,137.417960,123.867505,147.488414,69
pre_lights,Sunday,6,540,left,136.446211,137.120475,132.026459,144.373680,69
pre_lights,Sunday,6,540,right,137.488048,137.845047,127.055181,149.346139,69
pre_lights,Sunday,6,555,left,138.127629,139.763175,133.536446,148.528507,69
pre_lights,Sunday,6,555,right,142.771078,144.637974,132.945001,153.687310,69
pre_lights,Sunday,6,570,left,136.312968,136.424236,130.285160,143.622986,69
pre_lights,Sunday,6,570,right,141.185815,144.210946,129.684111,152.252226,69
pre_lights,Sunday,6,585,left,136.319117,137.086994,130.569525,142.664790,69
pre_lights,Sunday,6,585,right,138.558148,141.113022,125.588980,148.546982,69
pre_lights,Sunday,6,600,left,136.803947,137.577971,131.739007,141.493959,69
pre_lights,Sunday,6,600,right,134.365081,138.429090,124.087125,148.699891,69
pre_lights,Sunday,6,615,left,133.297053,134.831570,128.153548,141.323289,69
pre_lights,Sunday,6,615,right,133.243968,133.225772,120.377394,146.605084,69
pre_lights,Sunday,6,630,left,134.326482,134.653731,126.685031,142.499974,69
pre_lights,Sunday,6,630,right,134.766650,135.279142,126.502237,142.115297,69
pre_lights,Sunday,6,645,left,136.745585,137.161669,130.592048,143.177401,69
pre_lights,Sunday,6,645,right,137.698555,138.465205,127.620910,145.264360,69
pre_lights,Sunday,6,660,left,137.115574,138.804887,131.987142,143.227582,69
pre_lights,Sunday,6,660,right,137.047748,136.332037,131.936313,144.619984,69
pre_lights,Sunday,6,675,left,136.628430,134.866988,130.145930,143.473360,69
pre_lights,Sunday,6,675,right,136.582085,136.112242,131.167783,142.651578,69
pre_lights,Sunday,6,690,left,133.640157,134.942037,128.972406,140.451381,69
pre_lights,Sunday,6,690,right,132.150920,134.032764,126.496437,138.425505,69
pre_lights,Sunday,6,705,left,135.717948,136.883524,129.092013,139.622858,69
pre_lights,Sunday,6,705,right,135.766535,134.348459,129.570440,141.133606,69
pre_lights,Sunday,6,720,left,133.683210,133.949321,127.428130,137.831078,69
pre_lights,Sunday,6,720,right,134.499303,133.504619,130.858754,138.800580,69
pre_lights,Sunday,6,735,left,136.605887,135.874847,130.056582,141.597921,69
pre_lights,Sunday,6,735,right,135.818445,135.407879,131.974008,139.046009,69
pre_lights,Sunday,6,750,left,133.310681,134.447098,129.646969,137.276863,69
pre_lights,Sunday,6,750,right,136.338461,135.988318,131.061755,141.521081,69
pre_lights,Sunday,6,765,left,131.419371,131.779430,126.752578,136.405521,68
pre_lights,Sunday,6,765,right,134.866109,134.420168,129.783787,139.776567,68
pre_lights,Sunday,6,780,left,130.633743,133.324028,128.051873,135.887469,69
pre_lights,Sunday,6,780,right,135.484776,136.667464,130.190437,141.675899,69
pre_lights,Sunday,6,795,left,134.020135,134.632955,131.077264,138.885629,68
pre_lights,Sunday,6,795,right,134.005469,135.476018,128.718773,140.529659,68
pre_lights,Sunday,6,810,left,132.154930,133.238105,127.409077,136.995110,69
pre_lights,Sunday,6,810,right,133.764490,135.432150,130.503905,139.322906,69
pre_lights,Sunday,6,825,left,132.837996,132.695063,129.182852,137.072161,69
pre_lights,Sunday,6,825,right,133.796623,134.500093,130.061675,140.051074,69
pre_lights,Sunday,6,840,left,133.221115,134.024555,129.250186,137.961833,69
pre_lights,Sunday,6,840,right,132.334380,134.455758,126.210685,138.750190,69
pre_lights,Sunday,6,855,left,134.412979,135.611800,131.377064,139.199358,69
pre_lights,Sunday,6,855,right,132.173797,132.174994,128.257516,137.806392,69
pre_lights,Sunday,6,870,left,131.494696,134.455059,123.984336,137.996630,69
pre_lights,Sunday,6,870,right,132.248462,131.711506,127.176285,138.835174,69
pre_lights,Sunday,6,885,left,133.917622,134.515891,128.525302,139.321375,69
pre_lights,Sunday,6,885,right,132.027700,132.680629,128.063022,136.462953,69
pre_lights,Sunday,6,900,left,135.065973,133.811668,128.888336,141.769722,69
pre_lights,Sunday,6,900,right,132.416264,132.906981,129.820235,137.452367,69
pre_lights,Sunday,6,915,left,135.082830,134.620704,130.445225,140.296700,69
pre_lights,Sunday,6,915,right,133.509426,133.900353,129.932418,139.577256,69
pre_lights,Sunday,6,930,left,131.371603,129.290269,126.290034,137.633809,69
pre_lights,Sunday,6,930,right,132.449921,132.728282,128.264423,136.938135,69
pre_lights,Sunday,6,945,left,131.680554,132.335174,125.645629,136.763819,68
pre_lights,Sunday,6,945,right,132.914483,134.291737,126.635748,138.938241,68
pre_lights,Sunday,6,960,left,132.354532,132.466662,126.104810,139.212135,68
pre_lights,Sunday,6,960,right,132.017139,131.776043,126.865477,136.735723,68
pre_lights,Sunday,6,975,left,133.652224,133.913096,129.432741,140.736413,69
pre_lights,Sunday,6,975,right,132.464226,131.761249,128.487411,136.620334,69
pre_lights,Sunday,6,990,left,133.623081,134.223234,127.848571,141.401448,69
pre_lights,Sunday,6,990,right,130.701948,132.082870,127.436097,137.503657,69
pre_lights,Sunday,6,1005,left,132.360145,132.344847,125.208850,140.780137,69
pre_lights,Sunday,6,1005,right,130.588476,132.446923,128.459978,137.599480,69
pre_lights,Sunday,6,1020,left,134.801974,133.218471,129.149559,140.884842,69
pre_lights,Sunday,6,1020,right,133.502091,132.582452,130.438660,140.359939,69
pre_lights,Sunday,6,1035,left,134.361385,134.222084,129.388341,140.346698,69
pre_lights,Sunday,6,1035,right,134.768493,133.220546,129.827532,139.842182,69
pre_lights,Sunday,6,1050,left,135.127979,135.776678,129.677065,141.333694,69
pre_lights,Sunday,6,1050,right,134.167260,133.886308,128.881457,139.756399,69
pre_lights,Sunday,6,1065,left,136.183543,135.156492,128.529006,146.153310,69
pre_lights,Sunday,6,1065,right,135.539196,134.101938,130.770398,140.926425,69
pre_lights,Sunday,6,1080,left,141.890866,135.614223,131.068236,154.549639,69
pre_lights,Sunday,6,1080,right,136.222949,136.793505,131.321066,141.393403,69
pre_lights,Sunday,6,1095,left,142.247197,140.295630,132.632798,154.312649,69
pre_lights,Sunday,6,1095,right,137.562343,136.125789,131.686283,144.535348,69
pre_lights,Sunday,6,1110,left,135.040639,137.199788,130.915529,151.930612,69
pre_lights,Sunday,6,1110,right,139.224430,138.864022,133.109300,144.841488,69
pre_lights,Sunday,6,1125,left,137.282018,136.398744,128.178224,144.243803,69
pre_lights,Sunday,6,1125,right,139.576145,138.962005,133.031826,146.023422,69
pre_lights,Sunday,6,1140,left,137.202310,138.372433,129.343513,147.826132,69
pre_lights,Sunday,6,1140,right,140.973589,139.154378,133.068391,147.191376,69
pre_lights,Sunday,6,1155,left,132.619834,138.279938,127.888576,155.640436,69
pre_lights,Sunday,6,1155,right,137.108326,136.255467,130.205008,145.713739,69
pre_lights,Sunday,6,1170,left,141.196742,144.101090,129.873388,158.680016,69
pre_lights,Sunday,6,1170,right,137.918412,137.998524,132.241735,145.757149,69
pre_lights,Sunday,6,1185,left,143.704327,144.317693,130.039994,154.802262,69
pre_lights,Sunday,6,1185,right,138.410422,138.597792,130.116324,146.944490,69
pre_lights,Sunday,6,1200,left,145.575091,149.162818,134.251545,157.686440,69
pre_lights,Sunday,6,1200,right,136.839451,136.145263,129.648506,143.757651,69
pre_lights,Sunday,6,1215,left,137.717060,147.099966,131.466762,156.167874,69
pre_lights,Sunday,6,1215,right,138.999149,139.836204,131.348429,147.233403,69
pre_lights,Sunday,6,1230,left,136.136514,143.959756,125.551744,155.810479,69
pre_lights,Sunday,6,1230,right,140.130766,139.733199,131.841497,148.923711,69
pre_lights,Sunday,6,1245,left,138.775449,148.638460,125.536608,157.439575,69
pre_lights,Sunday,6,1245,right,137.329607,136.969149,131.042327,147.122809,69
pre_lights,Sunday,6,1260,left,143.119649,140.238895,131.152388,161.550061,69
pre_lights,Sunday,6,1260,right,134.358188,132.081512,123.912160,146.903433,69
pre_lights,Sunday,6,1275,left,131.272541,141.402502,116.715870,159.933887,69
pre_lights,Sunday,6,1275,right,134.072762,135.216992,128.915792,143.060613,69
pre_lights,Sunday,6,1290,left,124.983355,135.670801,108.638253,150.806536,69
pre_lights,Sunday,6,1290,right,134.317615,136.005952,125.866316,142.603646,69
pre_lights,Sunday,6,1305,left,126.155097,135.164337,119.087900,152.382723,69
pre_lights,Sunday,6,1305,right,132.699881,133.904349,125.426772,143.577557,69
pre_lights,Sunday,6,1320,left,125.943451,138.840077,119.145245,156.076038,69
pre_lights,Sunday,6,1320,right,143.221815,143.324235,129.024517,155.027135,69
pre_lights,Sunday,6,1335,left,124.485215,136.893938,107.674765,156.320108,69
pre_lights,Sunday,6,1335,right,135.108924,133.393462,125.514132,145.942028,69
pre_lights,Sunday,6,1350,left,130.194902,142.749381,112.561733,161.673206,69
pre_lights,Sunday,6,1350,right,141.378405,140.646030,130.703148,151.743937,69
pre_lights,Sunday,6,1365,left,132.776698,140.929781,117.873854,159.760299,69
pre_lights,Sunday,6,1365,right,139.213370,140.134056,128.883675,152.279743,69
pre_lights,Sunday,6,1380,left,121.225042,130.522391,118.382775,147.730992,69
pre_lights,Sunday,6,1380,right,135.652336,140.872643,124.255662,149.570687,69
pre_lights,Sunday,6,1395,left,121.033462,130.220985,117.354748,140.756607,69
pre_lights,Sunday,6,1395,right,135.295794,137.530165,122.653446,153.118590,69
pre_lights,Sunday,6,1410,left,128.369213,137.252588,127.588615,142.229836,69
pre_lights,Sunday,6,1410,right,137.024650,140.624525,127.030816,152.863384,69
pre_lights,Sunday,6,1425,left,120.800585,132.764878,124.098835,144.004082,69
pre_lights,Sunday,6,1425,right,126.524380,135.592151,116.280204,151.339141,69
