weekday,weekday_number,quarter_hour,direction,mean,median,p10,p25,p75,p90,sample_count,time_label
Monday,0,0,left,14.616083,6.999897,0.999924,3.999324,11.999722,21.998684,141,00:00
Monday,0,0,right,16.247186,11.999538,4.999148,7.999759,15.998634,23.998993,141,00:00
Monday,0,15,left,13.112564,6.999406,1.999835,4.999112,12.000035,20.996424,141,00:15
Monday,0,15,right,14.608834,10.998950,3.999606,6.999373,16.997863,23.997536,141,00:15
Monday,0,30,left,11.126331,5.999516,1.996755,2.999849,10.998059,17.996974,141,00:30
Monday,0,30,right,13.317513,9.999134,2.999478,4.999920,15.998512,23.996918,141,00:30
Monday,0,45,left,11.885275,6.998825,0.999950,2.999938,11.998875,19.999520,141,00:45
Monday,0,45,right,12.835554,9.998995,2.999589,4.999572,13.999206,22.998114,141,00:45
Monday,0,60,left,9.248410,4.998968,0.999833,1.999874,8.999261,18.098380,140,01:00
Monday,0,60,right,12.340932,8.998626,2.999498,4.999180,13.997598,21.998394,140,01:00
Monday,0,75,left,12.367285,4.999641,0.999835,2.999070,10.998156,22.998174,141,01:15
Monday,0,75,right,14.232239,8.998357,1.999619,3.999331,14.002994,27.995100,141,01:15
Monday,0,90,left,10.537576,5.999007,0.000000,1.999878,9.998580,16.997725,141,01:30
Monday,0,90,right,12.253660,8.998599,1.999907,4.999367,14.997421,19.996513,141,01:30
Monday,0,105,left,10.835545,3.999597,0.999824,1.999665,9.998301,21.996317,141,01:45
Monday,0,105,right,14.707513,9.998290,1.999672,5.998989,15.997179,28.000909,141,01:45
Monday,0,120,left,7.942104,2.999883,0.000000,1.999646,6.998814,12.998198,141,02:00
Monday,0,120,right,12.884740,8.999963,1.999672,4.999160,13.997563,19.997227,141,02:00
Monday,0,135,left,5.105735,3.999479,0.000000,0.999955,6.999545,11.998962,141,02:15
Monday,0,135,right,8.743704,7.998636,2.999635,4.999482,10.998415,14.999505,141,02:15
Monday,0,150,left,8.599052,4.999155,0.000000,1.999671,8.999289,14.997528,140,02:30
Monday,0,150,right,11.098759,8.000028,1.999667,5.998918,13.999663,19.997020,140,02:30
Monday,0,165,left,5.141246,2.999957,0.000000,0.999977,7.001018,11.998741,141,02:45
Monday,0,165,right,11.473817,8.999762,2.999478,5.998880,13.999473,21.997605,141,02:45
Monday,0,180,left,6.956587,3.999467,0.999827,1.999653,7.998969,10.998115,141,03:00
Monday,0,180,right,13.189836,9.999454,2.999478,6.998781,15.997982,24.996161,141,03:00
Monday,0,195,left,10.126419,3.999607,0.000000,0.999836,8.998546,13.998275,141,03:15
Monday,0,195,right,18.139479,12.997736,5.998949,8.998474,18.996970,31.997350,141,03:15
Monday,0,210,left,7.835926,5.999701,0.999831,2.999481,8.998489,11.999120,141,03:30
Monday,0,210,right,17.870193,15.997143,6.998750,10.998216,21.996807,29.996966,141,03:30
Monday,0,225,left,7.062687,4.999926,0.999825,1.999687,8.999052,11.999389,141,03:45
Monday,0,225,right,20.315960,16.999758,8.998391,12.998067,23.995728,32.997620,141,03:45
Monday,0,240,left,8.530671,5.998975,0.999819,1.999922,8.999327,13.997836,141,04:00
Monday,0,240,right,20.663773,20.996276,6.998776,13.998377,24.996136,29.995277,141,04:00
Monday,0,255,left,10.664978,4.999464,0.000000,1.999937,8.999435,15.997129,141,04:15
Monday,0,255,right,31.520079,28.995089,10.996406,20.996700,38.993107,48.991685,141,04:15
Monday,0,270,left,9.885057,6.998829,0.999829,2.999492,11.997985,15.999258,141,04:30
Monday,0,270,right,39.072415,38.995338,13.997623,27.998127,50.997169,59.989949,141,04:30
Monday,0,285,left,11.459998,7.998659,1.999652,3.999609,12.997780,17.996917,141,04:45
Monday,0,285,right,48.774422,48.991151,22.997227,33.999344,61.000297,73.987618,141,04:45
Monday,0,300,left,11.636781,7.998724,1.999800,4.999059,11.999451,21.000130,141,05:00
Monday,0,300,right,57.375715,58.990168,24.000168,40.992880,73.995054,87.999299,141,05:00
Monday,0,315,left,15.926783,8.998475,0.999826,4.998624,15.997296,24.995676,141,05:15
Monday,0,315,right,71.622345,74.992738,23.996223,52.991455,88.999459,100.046854,141,05:15
Monday,0,330,left,17.352430,9.998241,2.999473,5.999645,16.996849,28.995310,141,05:30
Monday,0,330,right,78.890705,81.986240,28.995154,61.989546,96.983985,108.997120,141,05:30
Monday,0,345,left,14.090321,10.999053,3.999285,5.999768,17.997294,24.999325,141,05:45
Monday,0,345,right,80.761554,85.984424,28.996736,68.987531,98.987250,109.980883,141,05:45
Monday,0,360,left,19.167484,12.997054,4.999144,7.998635,20.996463,29.994893,141,06:00
Monday,0,360,right,82.031088,83.986127,44.993784,62.992652,97.998574,117.979847,141,06:00
Monday,0,375,left,18.777690,16.997382,5.999087,9.998373,22.995978,29.994751,141,06:15
Monday,0,375,right,86.243898,83.989169,46.992322,65.988996,103.986567,129.985853,141,06:15
Monday,0,390,left,19.061330,16.997281,6.000948,10.998064,24.995899,36.020849,141,06:30
Monday,0,390,right,85.271234,80.991289,47.991801,61.992953,101.983373,134.976338,141,06:30
Monday,0,405,left,20.643071,16.998944,5.999895,9.998938,28.995086,38.993618,141,06:45
Monday,0,405,right,92.917529,91.984147,47.992048,65.991870,116.980872,143.977551,141,06:45
Monday,0,420,left,24.373095,22.995807,4.999785,11.998065,34.994039,45.992000,141,07:00
Monday,0,420,right,96.768145,92.987847,50.997299,68.991898,126.977396,152.973217,141,07:00
Monday,0,435,left,30.810229,25.497170,7.998254,15.747527,43.242474,61.092482,140,07:15
Monday,0,435,right,97.914846,99.493567,48.891842,70.994649,124.991664,141.975523,140,07:15
Monday,0,450,left,33.251613,28.995706,8.999211,18.996770,42.992535,62.989802,141,07:30
Monday,0,450,right,96.578123,97.965108,39.996887,65.989016,124.977842,145.979577,141,07:30
Monday,0,465,left,36.980509,35.997547,8.998493,18.744548,52.495564,70.993572,140,07:45
Monday,0,465,right,102.407369,102.500442,44.994514,81.986450,130.979592,146.288427,140,07:45
Monday,0,480,left,37.782448,32.000052,12.997912,18.998739,53.997829,66.076209,141,08:00
Monday,0,480,right,102.199093,99.983939,58.989957,79.001863,127.981103,147.976020,141,08:00
Monday,0,495,left,41.052196,39.997373,15.997479,25.998595,55.999880,68.987708,141,08:15
Monday,0,495,right,105.151598,104.994584,65.988723,77.987902,131.988766,151.000170,141,08:15
Monday,0,510,left,46.736462,43.983851,16.799914,26.996714,62.490403,82.985257,139,08:30
Monday,0,510,right,104.622204,107.994863,59.998059,80.491713,128.529327,146.988471,139,08:30
Monday,0,525,left,44.356414,41.995930,15.999689,25.999709,56.995344,76.993914,141,08:45
Monday,0,525,right,107.250831,106.998497,64.107053,80.992210,129.990650,148.988647,141,08:45
Monday,0,540,left,42.143157,36.996594,16.996971,24.995737,55.990869,72.987642,141,09:00
Monday,0,540,right,105.987099,104.990761,63.991043,79.989654,125.979169,144.976574,141,09:00
Monday,0,555,left,42.788893,39.992952,15.999564,24.997729,55.996254,73.998263,141,09:15
Monday,0,555,right,101.874768,100.988824,65.997026,81.993588,122.979198,136.975812,141,09:15
Monday,0,570,left,43.924876,41.997260,17.996881,28.994630,57.996088,70.987325,141,09:30
Monday,0,570,right,102.884222,102.993281,68.989972,82.999828,121.131236,141.986636,141,09:30
Monday,0,585,left,45.231332,40.997407,18.998755,29.997342,58.244533,71.987759,140,09:45
Monday,0,585,right,107.025547,104.994728,69.993613,86.744706,126.228937,142.297188,140,09:45
Monday,0,600,left,42.853601,39.997947,15.999841,25.995792,57.989512,67.994711,141,10:00
Monday,0,600,right,100.047031,104.998415,65.988035,78.985767,120.997051,133.978820,141,10:00
Monday,0,615,left,41.725268,42.992633,15.997291,26.995444,53.990814,70.988370,141,10:15
Monday,0,615,right,101.419611,97.996635,63.996737,79.992329,126.978572,142.974994,141,10:15
Monday,0,630,left,40.157539,37.495266,15.998181,24.001927,51.244170,65.983671,140,10:30
Monday,0,630,right,101.771507,101.497848,70.793620,82.745665,120.124198,136.082283,140,10:30
Monday,0,645,left,43.108362,41.998348,16.997444,28.995580,52.997920,71.998883,141,10:45
Monday,0,645,right,106.611799,106.987536,66.991716,81.995317,125.977939,149.992515,141,10:45
Monday,0,660,left,45.017391,44.000085,18.996760,28.997190,61.988729,69.987984,141,11:00
Monday,0,660,right,97.430198,94.991342,57.993928,73.990704,112.995184,138.993505,141,11:00
Monday,0,675,left,42.406815,40.994348,16.997079,28.995742,55.990063,68.000216,141,11:15
Monday,0,675,right,98.840570,91.984194,55.990646,74.985866,121.980085,143.998658,141,11:15
Monday,0,690,left,45.591240,43.997323,15.997271,30.999203,63.989236,74.987674,141,11:30
Monday,0,690,right,94.444421,93.984726,47.996290,71.986723,111.980978,141.975659,141,11:30
Monday,0,705,left,46.945906,44.996805,13.999674,28.994919,59.995989,85.993099,141,11:45
Monday,0,705,right,93.694556,88.989458,53.000054,69.008747,111.981338,146.975477,141,11:45
Monday,0,720,left,46.640897,42.995419,18.994379,28.999103,58.996713,75.996019,141,12:00
Monday,0,720,right,84.623357,80.992661,44.999359,61.989644,97.996807,122.981458,141,12:00
Monday,0,735,left,50.227647,45.997481,19.996687,30.997539,64.998560,83.987839,141,12:15
Monday,0,735,right,87.514280,82.994058,54.990921,67.995019,100.997031,119.990817,141,12:15
Monday,0,750,left,51.972073,47.997949,26.993876,34.994031,65.035496,85.991132,141,12:30
Monday,0,750,right,85.145309,83.985695,52.998132,69.998223,97.984260,117.993711,141,12:30
Monday,0,765,left,51.894252,47.987814,22.996956,33.998019,67.997248,87.983950,141,12:45
Monday,0,765,right,83.082143,80.985876,53.991402,65.990949,91.984101,104.983607,141,12:45
Monday,0,780,left,55.021805,52.991190,25.988938,33.994610,68.995226,92.983737,141,13:00
Monday,0,780,right,85.188607,81.993066,55.996444,66.997119,97.982862,118.948101,141,13:00
Monday,0,795,left,52.261691,47.996368,22.996289,34.999842,67.997637,84.989380,141,13:15
Monday,0,795,right,85.285775,80.986358,55.990517,68.989759,91.984918,107.978994,141,13:15
Monday,0,810,left,54.511337,50.991405,22.996464,33.999316,69.989146,92.991809,141,13:30
Monday,0,810,right,88.712503,84.998290,56.990270,67.994011,97.982917,118.978602,141,13:30
Monday,0,825,left,54.794831,55.991316,23.995881,33.996099,72.997143,86.985462,141,13:45
Monday,0,825,right,84.116980,82.006583,56.008471,70.993626,95.997379,107.981915,141,13:45
Monday,0,840,left,53.886510,51.999380,25.997832,34.998524,68.988728,88.985108,141,14:00
Monday,0,840,right,84.052932,78.998591,57.990062,68.994756,95.982781,115.995544,141,14:00
Monday,0,855,left,54.339759,51.990449,24.995660,36.997811,68.995426,87.987274,141,14:15
Monday,0,855,right,82.634400,78.986782,52.990758,66.997968,93.986178,113.997980,141,14:15
Monday,0,870,left,54.136675,51.998516,27.994834,37.993326,69.997865,84.985206,141,14:30
Monday,0,870,right,82.651320,79.986227,55.989939,67.999069,93.997780,106.985229,141,14:30
Monday,0,885,left,55.142821,50.996668,27.995148,36.996767,72.987900,91.982373,141,14:45
Monday,0,885,right,82.515616,77.997793,55.997019,67.994337,90.984719,108.986733,141,14:45
Monday,0,900,left,51.844620,49.998883,22.996331,34.994228,64.999812,85.987873,141,15:00
Monday,0,900,right,80.118913,74.987409,52.996553,64.989148,86.985605,109.994742,141,15:00
Monday,0,915,left,50.142534,45.998440,20.996874,33.995418,65.994135,84.997419,141,15:15
Monday,0,915,right,81.344451,77.998471,57.990749,67.999589,89.997896,101.990758,141,15:15
Monday,0,930,left,49.504827,47.999383,22.996922,31.994123,64.992651,80.985493,141,15:30
Monday,0,930,right,82.926845,81.990290,59.988931,71.987689,95.983844,108.999032,141,15:30
Monday,0,945,left,47.830297,46.494422,22.995267,30.998674,60.246039,77.988919,140,15:45
Monday,0,945,right,80.983386,79.985739,59.896281,68.988665,90.986709,107.183150,140,15:45
Monday,0,960,left,48.965938,45.999108,22.000083,34.999592,59.997204,75.986868,141,16:00
Monday,0,960,right,85.954272,81.997182,56.990191,66.999008,98.999509,123.978622,141,16:00
Monday,0,975,left,51.078642,48.991280,26.996549,35.998343,62.993685,76.988167,141,16:15
Monday,0,975,right,88.400575,87.985249,57.997033,70.987695,105.983622,120.991232,141,16:15
Monday,0,990,left,53.788487,51.993341,25.998772,36.995540,67.993155,82.994691,141,16:30
Monday,0,990,right,86.033390,83.996719,49.994084,68.997564,105.990689,116.982146,141,16:30
Monday,0,1005,left,50.447973,50.991771,25.995593,34.994537,63.991891,76.988314,141,16:45
Monday,0,1005,right,77.203666,77.986329,42.992845,61.994874,96.996277,106.995713,141,16:45
Monday,0,1020,left,46.101629,42.494146,21.998394,30.997236,60.989817,78.186480,140,17:00
Monday,0,1020,right,74.762441,74.490827,36.895119,57.996159,91.985569,105.983530,140,17:00
Monday,0,1035,left,44.610502,38.993127,19.998271,28.999459,54.990324,80.985945,141,17:15
Monday,0,1035,right,68.395100,67.994477,28.998994,43.992699,88.992179,106.996267,141,17:15
Monday,0,1050,left,45.613604,36.999272,16.997039,25.995522,56.993620,89.985317,141,17:30
Monday,0,1050,right,65.924030,64.987096,27.998920,43.996158,84.986266,107.981715,141,17:30
Monday,0,1065,left,44.094451,35.997665,16.999317,24.999725,54.991439,84.980828,141,17:45
Monday,0,1065,right,62.510844,59.989830,27.997649,45.991321,84.991035,97.998251,141,17:45
Monday,0,1080,left,43.257733,35.993843,15.997282,22.997442,59.996550,81.975903,141,18:00
Monday,0,1080,right,66.652387,64.989171,30.999422,46.994488,81.997190,105.982402,141,18:00
Monday,0,1095,left,42.343314,34.996485,12.997835,19.998273,54.995110,88.985994,141,18:15
Monday,0,1095,right,65.341025,64.007304,29.995003,42.998783,81.993476,101.984109,141,18:15
Monday,0,1110,left,40.852127,31.496069,14.998535,20.999121,53.750862,84.082908,140,18:30
Monday,0,1110,right,63.355599,60.489809,30.897187,47.003380,82.243502,99.983718,140,18:30
Monday,0,1125,left,35.343493,25.000634,10.999259,17.997757,47.992163,76.986754,141,18:45
Monday,0,1125,right,55.852445,54.998083,26.997496,41.992968,66.997280,81.985195,141,18:45
Monday,0,1140,left,32.358067,24.999242,7.999324,15.999060,40.997000,64.994228,141,19:00
Monday,0,1140,right,49.037168,49.990525,21.999520,36.998503,63.988366,70.990207,141,19:00
Monday,0,1155,left,28.599289,23.995563,6.999095,13.998763,37.993862,56.990383,141,19:15
Monday,0,1155,right,46.419951,46.996141,22.995842,32.999255,57.990045,67.995244,141,19:15
Monday,0,1170,left,23.269473,17.998609,5.898999,11.999184,30.999484,51.991636,140,19:30
Monday,0,1170,right,44.696465,46.495112,18.999112,32.996265,58.991022,67.098090,140,19:30
Monday,0,1185,left,19.791322,15.498294,6.999291,10.748594,22.247728,44.099067,140,19:45
Monday,0,1185,right,42.147107,39.999362,18.897002,27.998726,54.247137,64.995000,140,19:45
Monday,0,1200,left,17.587222,12.998850,4.999933,7.999416,20.998157,35.999135,141,20:00
Monday,0,1200,right,38.578591,35.996816,15.998949,24.998221,52.997393,61.996835,141,20:00
Monday,0,1215,left,16.076411,11.998661,4.999151,6.999890,16.999708,26.997864,141,20:15
Monday,0,1215,right,36.762421,32.994664,13.998632,23.996558,45.996462,58.969488,141,20:15
Monday,0,1230,left,15.346010,11.998830,3.999327,6.999439,15.998677,20.999123,141,20:30
Monday,0,1230,right,35.287213,31.994368,14.998703,20.999428,43.999139,54.997702,141,20:30
Monday,0,1245,left,12.898743,9.999819,1.999932,6.997995,14.249554,20.099081,140,20:45
Monday,0,1245,right,28.740112,28.998988,7.999284,16.999408,36.247607,46.097897,140,20:45
Monday,0,1260,left,14.155110,9.999389,3.999470,6.999026,14.998700,21.998092,141,21:00
Monday,0,1260,right,29.586689,27.997877,9.998355,17.998436,35.999217,45.995683,141,21:00
Monday,0,1275,left,15.296617,8.998766,3.998202,4.999742,11.999998,22.998542,141,21:15
Monday,0,1275,right,33.011390,28.997392,12.998450,19.998372,37.996929,51.995832,141,21:15
Monday,0,1290,left,15.069730,9.999186,2.999756,5.998872,14.998664,24.999431,141,21:30
Monday,0,1290,right,30.778175,26.999203,7.999563,17.999398,39.998933,52.001020,141,21:30
Monday,0,1305,left,14.864040,9.998921,2.999817,4.999597,14.997824,19.999021,141,21:45
Monday,0,1305,right,30.862912,25.987957,10.999868,16.998594,36.998585,49.990993,141,21:45
Monday,0,1320,left,15.509186,9.998250,2.999745,5.999510,15.999148,26.995243,141,22:00
Monday,0,1320,right,28.110304,23.998007,8.998567,14.999394,32.997724,47.994613,141,22:00
Monday,0,1335,left,14.885237,8.999554,2.000262,4.999816,13.999336,25.995659,141,22:15
Monday,0,1335,right,26.267406,23.002215,7.999887,14.998647,30.995089,41.997016,141,22:15
Monday,0,1350,left,15.091513,8.999817,2.999730,5.999513,15.998882,24.995752,141,22:30
Monday,0,1350,right,24.147515,20.999128,7.000500,13.997745,28.997850,35.997759,141,22:30
Monday,0,1365,left,19.601617,9.998377,3.999350,5.999430,15.997193,35.025330,141,22:45
Monday,0,1365,right,26.388415,19.998856,7.999330,12.998968,26.998334,42.996401,141,22:45
Monday,0,1380,left,12.835630,7.999698,1.999972,4.999341,13.998693,24.998054,141,23:00
Monday,0,1380,right,18.544526,16.998427,5.999452,9.998300,22.998383,31.998398,141,23:00
Monday,0,1395,left,18.402451,10.999067,2.999786,5.999578,15.999933,29.984706,141,23:15
Monday,0,1395,right,20.253508,12.999335,5.999714,8.999378,20.996564,30.999765,141,23:15
Monday,0,1410,left,13.190142,9.999258,1.999941,4.999406,14.000107,26.997667,141,23:30
Monday,0,1410,right,15.807228,12.998869,3.999624,7.999764,18.998367,28.997796,141,23:30
Monday,0,1425,left,12.920851,6.999339,0.999979,2.999830,12.998565,23.999672,141,23:45
Monday,0,1425,right,16.275123,12.999161,3.999347,6.999858,17.998979,25.999541,141,23:45
Tuesday,1,0,left,15.297833,7.999990,1.999657,4.499545,16.498276,31.798316,147,00:00
Tuesday,1,0,right,14.665300,8.999822,2.599703,5.999505,14.999804,32.397499,147,00:00
Tuesday,1,15,left,15.658429,6.999821,0.999902,3.999336,13.499161,26.398269,147,00:15
Tuesday,1,15,right,16.392992,10.998780,1.999827,4.999855,15.998122,26.397154,147,00:15
Tuesday,1,30,left,13.195778,6.998769,0.999825,1.999875,11.999637,23.597319,147,00:30
Tuesday,1,30,right,13.739944,7.998593,1.999684,4.499572,12.998586,20.995801,147,00:30
Tuesday,1,45,left,12.495506,7.999197,0.999973,2.999597,12.497970,19.399076,147,00:45
Tuesday,1,45,right,13.230317,8.998392,1.999657,3.999962,11.999217,21.396670,147,00:45
Tuesday,1,60,left,11.691775,5.998958,0.999843,2.999570,10.998708,17.396654,147,01:00
Tuesday,1,60,right,12.718752,6.999105,1.999673,3.999362,9.998600,15.798734,147,01:00
Tuesday,1,75,left,12.569907,5.998958,0.000000,1.999944,10.998839,16.999599,147,01:15
Tuesday,1,75,right,12.658368,6.999543,1.599788,3.999348,13.998411,21.997045,147,01:15
Tuesday,1,90,left,12.325011,4.999371,0.999823,1.999855,10.998345,19.996926,147,01:30
Tuesday,1,90,right,12.603858,6.999921,1.999654,3.999845,12.498609,24.395621,147,01:30
Tuesday,1,105,left,18.942684,4.999783,0.999833,2.999493,10.498653,42.191669,147,01:45
Tuesday,1,105,right,19.140142,9.998314,1.999723,5.999015,17.997054,44.600898,147,01:45
Tuesday,1,120,left,10.019394,5.998871,0.999840,2.999493,9.998273,14.598610,147,02:00
Tuesday,1,120,right,13.379508,8.998431,1.999707,4.999731,14.997516,23.997102,147,02:00
Tuesday,1,135,left,8.638315,4.999830,0.000000,1.999826,8.999001,15.398043,147,02:15
Tuesday,1,135,right,10.753724,7.999554,1.999910,4.999392,12.997705,18.397093,147,02:15
Tuesday,1,150,left,11.637771,5.999680,0.999818,2.999482,8.998985,14.997442,147,02:30
Tuesday,1,150,right,14.562569,8.998525,2.999693,5.999567,12.999810,18.397265,147,02:30
Tuesday,1,165,left,8.482195,4.999274,0.999829,2.999490,7.999808,13.398101,147,02:45
Tuesday,1,165,right,15.522108,11.999242,3.000872,6.998828,16.997522,23.992967,147,02:45
Tuesday,1,180,left,10.025685,5.999022,0.999820,2.999506,8.998799,13.997659,147,03:00
Tuesday,1,180,right,15.895663,10.999321,3.599576,6.998779,16.997134,25.996861,147,03:00
Tuesday,1,195,left,7.923652,5.998927,0.999830,1.999769,8.998988,14.497470,146,03:15
Tuesday,1,195,right,15.121317,12.498808,4.000190,7.998621,18.997210,27.495742,146,03:15
Tuesday,1,210,left,10.624396,4.999172,0.999826,2.999466,9.499083,13.998229,147,03:30
Tuesday,1,210,right,20.555142,15.998348,6.599025,11.999754,21.997293,29.996300,147,03:30
Tuesday,1,225,left,7.658788,5.999793,0.999832,2.999499,11.997725,15.997218,147,03:45
Tuesday,1,225,right,20.072003,19.996371,9.598651,13.997798,24.998162,32.994415,147,03:45
Tuesday,1,240,left,7.944154,5.999003,0.999983,2.999557,9.999481,15.499131,146,04:00
Tuesday,1,240,right,22.285105,21.998760,7.998605,13.249140,28.746119,36.995317,146,04:00
Tuesday,1,255,left,9.624296,5.999724,0.999905,2.999698,9.996318,14.998842,147,04:15
Tuesday,1,255,right,30.424130,28.994817,13.999146,21.996169,37.993290,45.397305,147,04:15
Tuesday,1,270,left,9.257417,6.999469,0.999963,3.999919,11.498930,15.398849,147,04:30
Tuesday,1,270,right,41.906293,40.994702,23.997005,32.994587,50.492967,62.196737,147,04:30
Tuesday,1,285,left,11.175197,8.000161,1.999902,4.999139,12.998123,16.997015,147,04:45
Tuesday,1,285,right,51.476078,52.990946,24.596189,39.495451,63.987432,74.983930,147,04:45
Tuesday,1,300,left,16.609845,9.999972,2.999806,6.998860,15.996879,20.996360,147,05:00
Tuesday,1,300,right,60.073651,57.989676,29.596221,44.989683,72.991999,89.988903,147,05:00
Tuesday,1,315,left,16.623775,11.997943,2.599637,6.499277,17.997016,25.396222,147,05:15
Tuesday,1,315,right,74.752722,78.986104,32.995234,58.989665,92.993951,103.388611,147,05:15
Tuesday,1,330,left,14.450479,9.999811,4.999136,6.999003,15.997150,20.497392,146,05:30
Tuesday,1,330,right,78.107494,80.986698,44.992116,64.989893,95.984064,108.981797,146,05:30
Tuesday,1,345,left,16.372061,12.997880,4.999281,6.999274,17.998592,25.787088,147,05:45
Tuesday,1,345,right,83.975399,85.985669,52.990887,68.993537,99.983002,115.391000,147,05:45
Tuesday,1,360,left,16.800883,13.999512,3.999312,8.998239,20.999394,26.799384,147,06:00
Tuesday,1,360,right,84.493506,86.984899,53.993383,70.491886,98.996091,112.989963,147,06:00
Tuesday,1,375,left,20.473531,16.997177,7.998586,10.998437,23.995843,33.994304,147,06:15
Tuesday,1,375,right,85.159865,85.984662,49.592862,68.488091,101.488029,123.781959,147,06:15
Tuesday,1,390,left,21.623563,17.997212,5.999556,10.998946,28.497298,36.398726,147,06:30
Tuesday,1,390,right,88.133382,84.989647,44.193376,64.992182,110.508556,136.386048,147,06:30
Tuesday,1,405,left,23.455774,18.998782,5.997769,9.998833,31.997109,48.996375,146,06:45
Tuesday,1,405,right,98.560372,95.992489,56.992148,72.296806,120.710551,153.489384,146,06:45
Tuesday,1,420,left,27.391115,23.996835,6.998976,11.498905,39.494616,54.991914,147,07:00
Tuesday,1,420,right,98.674621,95.984328,52.991196,70.988648,122.987348,155.185610,147,07:00
Tuesday,1,435,left,33.519601,32.994313,11.598455,18.498201,43.496202,57.003561,147,07:15
Tuesday,1,435,right,95.171206,92.991067,51.593072,72.987167,116.482424,145.188261,147,07:15
Tuesday,1,450,left,32.023137,28.994884,9.598897,16.999041,43.997370,53.992476,147,07:30
Tuesday,1,450,right,84.479071,79.979712,40.592520,58.491993,106.981413,140.390447,147,07:30
Tuesday,1,465,left,35.675175,32.994392,8.599404,15.998392,49.495057,62.195156,147,07:45
Tuesday,1,465,right,88.973970,85.997310,41.395573,67.994623,112.398817,132.177579,147,07:45
Tuesday,1,480,left,36.744740,32.994474,11.000051,18.996653,50.994928,66.794473,147,08:00
Tuesday,1,480,right,96.493092,94.000141,48.591310,71.486075,119.464649,151.186861,147,08:00
Tuesday,1,495,left,42.239908,39.997305,14.798986,25.996742,56.490177,72.398948,147,08:15
Tuesday,1,495,right,104.042992,105.938520,48.994994,81.995991,128.983889,149.395411,147,08:15
Tuesday,1,510,left,43.634907,43.997910,15.598150,27.997339,55.493772,70.991861,147,08:30
Tuesday,1,510,right,108.784533,112.979870,62.995655,85.491751,133.986863,155.188005,147,08:30
Tuesday,1,525,left,46.648079,47.998701,16.998725,30.997411,60.990322,73.589681,147,08:45
Tuesday,1,525,right,113.212557,114.989718,71.993972,87.495769,138.979870,152.975739,147,08:45
Tuesday,1,540,left,44.206341,45.992470,15.998938,28.997632,58.998696,70.992066,147,09:00
Tuesday,1,540,right,105.030309,108.980396,66.593252,84.490909,125.484807,142.787310,147,09:00
Tuesday,1,555,left,43.955346,40.992707,16.599064,27.995358,58.479955,73.794283,147,09:15
Tuesday,1,555,right,108.031646,108.981930,64.407662,85.992684,128.978896,150.384514,147,09:15
Tuesday,1,570,left,46.056583,45.996896,13.599412,25.995750,62.991584,76.394426,147,09:30
Tuesday,1,570,right,103.010169,103.981848,59.992396,78.991928,129.483833,148.386381,147,09:30
Tuesday,1,585,left,45.655231,45.998349,18.597405,29.497286,56.994245,71.995444,147,09:45
Tuesday,1,585,right,107.478709,110.998795,64.792121,85.998482,131.494157,146.573921,147,09:45
Tuesday,1,600,left,44.002054,42.997664,19.498285,27.996652,57.990999,70.994696,146,10:00
Tuesday,1,600,right,101.434610,102.487603,57.995277,82.987305,125.487752,137.499212,146,10:00
Tuesday,1,615,left,46.124105,45.993817,15.598821,30.496629,59.992449,74.387695,147,10:15
Tuesday,1,615,right,100.675987,103.983726,57.990341,81.492824,125.508325,139.785049,147,10:15
Tuesday,1,630,left,44.742645,44.992549,15.998309,27.997999,58.492681,73.729822,147,10:30
Tuesday,1,630,right,99.144340,97.995080,53.594694,77.995390,124.984261,140.984062,147,10:30
Tuesday,1,645,left,47.374698,44.992165,19.598362,28.497361,65.989145,77.989555,147,10:45
Tuesday,1,645,right,102.109018,103.982976,56.973593,79.987451,126.488770,149.932114,147,10:45
Tuesday,1,660,left,45.675626,46.993788,19.999423,28.996508,59.998817,72.987684,147,11:00
Tuesday,1,660,right,101.705033,104.997275,54.991054,80.488581,125.986116,148.791884,147,11:00
Tuesday,1,675,left,47.865676,46.997743,18.998893,31.496577,64.981410,75.792982,147,11:15
Tuesday,1,675,right,98.839757,100.982922,54.794318,82.487980,118.482263,143.188281,147,11:15
Tuesday,1,690,left,49.014002,46.992764,16.598143,28.996603,64.488904,83.997404,147,11:30
Tuesday,1,690,right,97.110918,101.981746,49.994388,79.986156,118.478877,136.983111,147,11:30
Tuesday,1,705,left,49.435914,47.991739,21.196579,30.995992,67.489321,80.994183,147,11:45
Tuesday,1,705,right,91.056000,91.993099,49.994602,74.490741,112.475004,129.782711,147,11:45
Tuesday,1,720,left,49.626398,47.991304,18.997618,31.496767,66.494733,80.989924,147,12:00
Tuesday,1,720,right,89.281473,88.984835,49.193751,69.491780,109.987092,130.170043,147,12:00
Tuesday,1,735,left,51.510539,53.990994,18.597065,30.996991,68.485040,84.987618,147,12:15
Tuesday,1,735,right,89.458665,91.983472,57.592888,69.987703,106.485240,124.381805,147,12:15
Tuesday,1,750,left,51.694043,50.991465,16.998367,31.495679,70.987962,85.979904,147,12:30
Tuesday,1,750,right,85.030313,83.998194,54.192576,72.488899,99.987814,115.986421,147,12:30
Tuesday,1,765,left,52.027426,48.994775,17.998869,30.996576,72.992717,86.993061,146,12:45
Tuesday,1,765,right,81.701812,80.985957,54.990720,67.244657,96.739888,113.481104,146,12:45
Tuesday,1,780,left,52.476737,48.991937,21.196586,30.497184,71.487980,86.388418,147,13:00
Tuesday,1,780,right,81.534160,79.997115,58.592553,69.489148,94.495439,111.991730,147,13:00
Tuesday,1,795,left,53.394783,51.996722,18.998015,34.995925,71.990471,88.189401,147,13:15
Tuesday,1,795,right,82.050955,82.984891,59.990783,70.489140,94.490679,106.782343,147,13:15
Tuesday,1,810,left,53.986631,52.998480,18.999674,34.494191,70.996738,85.393002,147,13:30
Tuesday,1,810,right,83.146322,82.999086,59.997659,71.491216,96.485532,108.987451,147,13:30
Tuesday,1,825,left,57.666005,51.998228,20.997930,35.993694,77.489883,99.998038,147,13:45
Tuesday,1,825,right,80.371028,80.995307,60.989809,69.496593,93.986514,103.381941,147,13:45
Tuesday,1,840,left,55.829968,55.998117,21.597150,34.994399,72.487456,93.388401,147,14:00
Tuesday,1,840,right,81.112439,80.999215,58.995595,68.998199,92.497952,105.993540,147,14:00
Tuesday,1,855,left,54.393203,51.995127,18.597677,31.997575,75.987387,93.393094,147,14:15
Tuesday,1,855,right,83.014797,80.998253,62.989622,68.998276,95.490851,105.385775,147,14:15
Tuesday,1,870,left,58.217425,55.995657,22.596145,37.494531,81.986000,99.786175,147,14:30
Tuesday,1,870,right,84.016593,85.991379,58.993472,70.992757,96.995979,114.989113,147,14:30
Tuesday,1,885,left,58.339667,57.000075,21.198697,34.494544,82.993953,97.382789,147,14:45
Tuesday,1,885,right,82.983067,83.000109,58.587551,71.990722,95.993128,113.581983,147,14:45
Tuesday,1,900,left,56.795632,55.993273,18.197769,34.497394,75.987272,96.224980,147,15:00
Tuesday,1,900,right,79.091838,78.998931,58.592854,66.993577,92.983994,101.982801,147,15:00
Tuesday,1,915,left,52.429518,51.996245,19.596816,28.998224,72.502687,92.191025,147,15:15
Tuesday,1,915,right,79.664145,80.987006,57.194268,68.996551,91.996135,111.403151,147,15:15
Tuesday,1,930,left,51.251512,49.993282,16.997275,27.998394,69.990078,90.392616,147,15:30
Tuesday,1,930,right,85.009600,83.984818,62.605827,72.999307,97.511590,113.786473,147,15:30
Tuesday,1,945,left,52.068163,48.998522,18.998666,31.497736,67.989493,92.983484,147,15:45
Tuesday,1,945,right,84.166181,83.997302,59.592353,70.990105,96.487860,114.979916,147,15:45
Tuesday,1,960,left,49.375757,48.994124,19.598052,30.995035,61.991970,79.786276,147,16:00
Tuesday,1,960,right,84.086215,87.989447,53.396196,74.986676,100.982857,110.987565,147,16:00
Tuesday,1,975,left,51.678561,49.991284,23.496091,35.244069,65.745465,84.986901,146,16:15
Tuesday,1,975,right,86.982714,88.488714,56.994459,77.986472,101.734152,118.485412,146,16:15
Tuesday,1,990,left,52.810440,53.990335,23.998225,33.995920,67.494224,82.392923,147,16:30
Tuesday,1,990,right,82.841159,84.998527,40.593541,70.991368,102.984516,117.387519,147,16:30
Tuesday,1,1005,left,52.455846,52.999479,18.999364,31.995735,68.489201,89.987981,147,16:45
Tuesday,1,1005,right,76.731639,75.986684,41.596365,54.491871,101.484695,113.384322,147,16:45
Tuesday,1,1020,left,50.217956,46.987805,22.195741,29.986930,67.987849,85.195397,147,17:00
Tuesday,1,1020,right,74.466775,78.993812,35.593881,51.994148,96.487020,110.986710,147,17:00
Tuesday,1,1035,left,45.212511,42.000518,18.597668,25.996870,60.998523,84.398023,147,17:15
Tuesday,1,1035,right,69.141827,70.987662,27.595269,46.497704,93.486896,107.419926,147,17:15
Tuesday,1,1050,left,43.850776,37.995250,13.997599,24.996258,60.478124,83.985538,147,17:30
Tuesday,1,1050,right,71.180303,68.000219,30.994547,46.991892,94.990698,119.784063,147,17:30
Tuesday,1,1065,left,45.899085,39.993035,14.998176,23.999162,61.992492,91.389425,147,17:45
Tuesday,1,1065,right,65.577150,60.988724,26.598275,47.992340,93.487435,108.986966,147,17:45
Tuesday,1,1080,left,43.485989,36.995035,13.597642,22.995800,62.989833,81.386628,147,18:00
Tuesday,1,1080,right,69.544436,66.989527,34.594020,49.496043,96.985952,110.992455,147,18:00
Tuesday,1,1095,left,46.912273,37.996771,13.597681,23.498946,66.489041,91.184334,147,18:15
Tuesday,1,1095,right,67.393080,62.989518,30.997663,43.492478,90.477523,110.980368,147,18:15
Tuesday,1,1110,left,43.443209,34.994614,11.598009,21.497402,61.987811,91.996846,147,18:30
Tuesday,1,1110,right,66.664804,63.996460,29.576963,45.994836,88.492499,112.980584,147,18:30
Tuesday,1,1125,left,42.246255,30.997695,10.998241,19.997475,60.989596,92.195911,147,18:45
Tuesday,1,1125,right,62.965181,60.989936,25.597328,41.509728,80.488612,100.991469,147,18:45
Tuesday,1,1140,left,40.519686,27.996897,11.198089,18.997653,50.997542,84.389942,147,19:00
Tuesday,1,1140,right,58.599574,56.989996,26.596754,41.999660,69.997442,90.791775,147,19:00
Tuesday,1,1155,left,34.070765,26.995902,12.998283,17.991269,47.494048,67.992497,147,19:15
Tuesday,1,1155,right,51.551635,50.994425,27.997230,38.996693,63.490634,75.987985,147,19:15
Tuesday,1,1170,left,28.990561,22.996188,8.599069,14.999398,38.994104,59.997166,147,19:30
Tuesday,1,1170,right,46.512461,48.995261,20.198126,34.994306,58.997372,69.995381,147,19:30
Tuesday,1,1185,left,24.371548,18.999473,7.998619,12.998092,34.495436,48.396457,147,19:45
Tuesday,1,1185,right,43.219821,42.996686,18.997935,30.496965,55.490421,69.992940,147,19:45
Tuesday,1,1200,left,20.922529,16.997990,6.599692,10.998155,25.995517,40.991659,147,20:00
Tuesday,1,1200,right,39.865887,40.995962,17.997862,26.994696,54.989910,61.395505,147,20:00
Tuesday,1,1215,left,20.024689,12.999296,3.999814,7.999581,19.999631,27.997311,147,20:15
Tuesday,1,1215,right,37.995636,34.993807,8.999620,23.998175,47.496126,61.995024,147,20:15
Tuesday,1,1230,left,15.664001,12.997706,4.999728,7.998988,17.998419,26.992882,147,20:30
Tuesday,1,1230,right,34.213330,32.998108,10.999050,22.998023,42.996901,58.393323,147,20:30
Tuesday,1,1245,left,17.018708,11.997998,2.999848,6.999558,18.497524,24.999831,147,20:45
Tuesday,1,1245,right,31.751454,27.998495,11.999748,18.999447,40.997699,51.398137,147,20:45
Tuesday,1,1260,left,18.351475,11.997957,2.999735,6.999516,16.999763,25.997887,147,21:00
Tuesday,1,1260,right,29.745016,25.998929,9.599516,17.997621,34.996749,44.996010,147,21:00
Tuesday,1,1275,left,17.433456,10.999466,2.999821,5.999046,16.498171,34.597972,147,21:15
Tuesday,1,1275,right,31.492766,26.998191,11.598428,18.498795,36.994648,50.393903,147,21:15
Tuesday,1,1290,left,18.086921,9.998855,2.600091,5.999724,13.999587,23.996653,147,21:30
Tuesday,1,1290,right,32.602743,28.996808,12.999123,19.998177,34.999247,44.997204,147,21:30
Tuesday,1,1305,left,18.814902,8.999352,3.599641,5.999750,13.997607,30.215497,147,21:45
Tuesday,1,1305,right,32.943087,25.999547,9.999882,18.998774,34.997955,52.398704,147,21:45
Tuesday,1,1320,left,17.365973,11.998901,3.999899,7.499213,16.498579,23.997940,147,22:00
Tuesday,1,1320,right,26.596315,23.000075,9.599731,15.999447,30.994751,40.796701,147,22:00
Tuesday,1,1335,left,12.454713,9.999315,3.999318,5.999359,14.497773,22.998343,147,22:15
Tuesday,1,1335,right,24.297228,22.997951,9.199086,16.498838,29.993361,37.999071,147,22:15
Tuesday,1,1350,left,18.005589,9.999168,3.999655,6.999380,14.998847,27.597952,147,22:30
Tuesday,1,1350,right,27.351949,21.998095,9.199704,14.000024,29.996184,39.196559,147,22:30
Tuesday,1,1365,left,16.115124,9.999122,2.500080,5.999102,14.998793,21.498412,146,22:45
Tuesday,1,1365,right,24.011692,20.998129,7.998693,13.998694,27.997359,41.995921,146,22:45
Tuesday,1,1380,left,18.128746,8.998898,1.999845,4.249487,14.998091,35.998791,146,23:00
Tuesday,1,1380,right,23.299439,16.999146,4.999843,10.999442,23.748188,43.494748,146,23:00
Tuesday,1,1395,left,16.985166,10.998344,2.999739,5.999610,18.998789,30.993113,147,23:15
Tuesday,1,1395,right,18.413655,14.997967,3.999842,8.999479,19.998984,32.397834,147,23:15
Tuesday,1,1410,left,18.787070,9.999373,1.999837,5.999508,18.497801,39.195826,147,23:30
Tuesday,1,1410,right,20.779815,13.999173,3.999656,7.999394,21.003216,36.797975,147,23:30
Tuesday,1,1425,left,14.909871,7.498824,1.499865,3.999918,13.749175,26.498461,146,23:45
Tuesday,1,1425,right,17.587658,11.999786,3.999745,7.999375,17.998652,28.997313,146,23:45
Wednesday,2,0,left,20.263446,8.995353,0.999828,3.999525,14.998927,30.597578,147,00:00
Wednesday,2,0,right,19.923336,9.999366,1.999873,5.999354,15.998133,30.398534,147,00:00
Wednesday,2,15,left,15.780694,8.998963,1.999677,4.999769,13.499003,30.394801,147,00:15
Wednesday,2,15,right,15.331892,9.998720,2.999508,5.999537,14.997840,25.196090,147,00:15
Wednesday,2,30,left,16.950530,7.998530,0.999889,2.999883,13.998308,23.000815,147,00:30
Wednesday,2,30,right,15.372571,9.998228,1.599764,4.999769,15.998913,25.003462,147,00:30
Wednesday,2,45,left,16.092899,6.998771,0.999839,3.999288,14.498705,29.996464,147,00:45
Wednesday,2,45,right,13.760094,7.998661,1.999725,4.499123,12.999754,22.998457,147,00:45
Wednesday,2,60,left,17.119926,6.996829,0.000000,2.999918,13.498367,45.192817,147,01:00
Wednesday,2,60,right,15.746292,6.999845,1.599453,3.999941,11.998774,33.593028,147,01:00
Wednesday,2,75,left,12.195838,5.999497,0.599892,2.999337,11.997744,18.397727,147,01:15
Wednesday,2,75,right,12.318329,6.999393,0.999990,3.999320,11.002044,17.798391,147,01:15
Wednesday,2,90,left,10.196113,5.999006,0.999820,1.999839,8.999859,16.797867,147,01:30
Wednesday,2,90,right,11.236912,6.999797,2.599587,3.999944,12.997634,20.398531,147,01:30
Wednesday,2,105,left,11.338659,5.996770,0.000000,1.999694,10.998603,18.396463,147,01:45
Wednesday,2,105,right,14.290661,8.998376,1.999678,4.999212,12.999380,19.397270,147,01:45
Wednesday,2,120,left,9.767398,5.999938,0.000000,1.999870,9.998603,16.397580,147,02:00
Wednesday,2,120,right,11.277488,7.999448,1.999782,3.999635,11.999291,17.999155,147,02:00
Wednesday,2,135,left,5.604736,3.999818,0.000000,1.999708,7.998604,11.998286,147,02:15
Wednesday,2,135,right,10.447577,9.998209,0.999910,4.999147,13.998346,18.998388,147,02:15
Wednesday,2,150,left,8.828757,5.999004,0.000000,1.999732,9.499031,14.999505,147,02:30
Wednesday,2,150,right,12.318158,8.998768,3.599468,5.999535,13.997923,21.995991,147,02:30
Wednesday,2,165,left,7.073890,3.999416,0.000000,1.000005,6.999590,12.999166,147,02:45
Wednesday,2,165,right,13.780473,10.999819,1.999669,6.499108,15.498445,24.395886,147,02:45
Wednesday,2,180,left,8.842283,5.998985,0.000000,1.999770,9.998410,15.397983,147,03:00
Wednesday,2,180,right,13.079862,10.998081,1.999897,5.497777,15.997574,21.396932,147,03:00
Wednesday,2,195,left,9.836387,6.998825,0.000000,2.499672,10.498978,16.997058,147,03:15
Wednesday,2,195,right,15.155301,12.997868,4.599214,7.999232,16.997068,24.390726,147,03:15
Wednesday,2,210,left,8.163473,5.998942,0.000000,1.999668,9.999053,16.997229,146,03:30
Wednesday,2,210,right,18.388119,15.997354,6.998846,10.997558,23.995834,28.995051,146,03:30
Wednesday,2,225,left,7.488777,4.999422,0.000000,1.999922,8.998493,15.198313,147,03:45
Wednesday,2,225,right,20.010836,17.997008,7.998920,12.997788,25.996218,34.394286,147,03:45
Wednesday,2,240,left,8.828592,6.998735,0.999808,2.999617,10.498996,14.997652,147,04:00
Wednesday,2,240,right,22.833604,21.999240,5.999480,14.498519,26.996921,35.996571,147,04:00
Wednesday,2,255,left,7.495714,5.999175,0.999878,2.999450,9.998513,14.997341,147,04:15
Wednesday,2,255,right,28.227970,28.995870,9.999651,18.998191,36.997583,43.394683,147,04:15
Wednesday,2,270,left,9.468299,7.998481,0.999843,3.999311,10.999617,14.997451,147,04:30
Wednesday,2,270,right,40.824638,40.995257,21.596834,30.995980,50.491201,58.394993,147,04:30
Wednesday,2,285,left,16.888291,9.998347,1.999983,4.999312,14.996831,20.999010,146,04:45
Wednesday,2,285,right,53.459147,52.494679,26.995480,39.247250,63.740674,81.489450,146,04:45
Wednesday,2,300,left,12.161664,9.998277,1.999928,5.999037,14.498564,21.997725,147,05:00
Wednesday,2,300,right,55.258380,55.990196,24.997172,45.001899,69.492852,84.985647,147,05:00
Wednesday,2,315,left,13.889351,9.999125,1.999798,6.497745,14.997460,24.798171,147,05:15
Wednesday,2,315,right,72.670377,75.990220,35.795752,59.498837,91.987588,104.985703,147,05:15
Wednesday,2,330,left,14.474200,9.998762,1.999676,5.999115,17.498127,26.995798,147,05:30
Wednesday,2,330,right,80.669636,84.985296,35.594852,66.994108,101.485763,111.989476,147,05:30
Wednesday,2,345,left,14.420077,12.997697,2.999468,6.999089,19.996592,23.998726,147,05:45
Wednesday,2,345,right,84.112918,83.986948,46.192372,70.488327,101.488326,116.578943,147,05:45
Wednesday,2,360,left,16.984369,13.999288,3.599389,8.499055,20.996476,29.976408,147,06:00
Wednesday,2,360,right,84.187653,86.984202,46.996087,70.492854,100.983093,113.795164,147,06:00
Wednesday,2,375,left,20.371827,17.999056,4.999374,11.997940,24.999225,31.996266,147,06:15
Wednesday,2,375,right,85.323636,84.989364,54.995019,69.487571,102.485948,119.791628,147,06:15
Wednesday,2,390,left,19.100199,16.995819,5.999013,9.998283,24.999298,36.997031,146,06:30
Wednesday,2,390,right,90.330523,87.985545,50.991601,70.994849,106.982795,141.982045,146,06:30
Wednesday,2,405,left,19.970122,15.999731,5.999041,8.998934,28.994989,42.393985,147,06:45
Wednesday,2,405,right,100.449429,97.982486,49.199355,74.491128,128.486732,154.374100,147,06:45
Wednesday,2,420,left,24.942420,18.998099,6.599145,12.998628,35.996680,49.403996,147,07:00
Wednesday,2,420,right,103.646821,102.992020,49.994625,77.992296,135.486563,156.976519,147,07:00
Wednesday,2,435,left,28.798792,24.999275,6.599014,14.497902,41.487982,57.392231,147,07:15
Wednesday,2,435,right,100.381270,102.985424,43.992739,72.489569,125.485899,153.387988,147,07:15
Wednesday,2,450,left,33.397209,30.995116,7.999290,14.997427,47.491989,64.994327,147,07:30
Wednesday,2,450,right,87.478808,85.993380,46.592936,63.494366,108.481145,131.977173,147,07:30
Wednesday,2,465,left,38.858976,35.994713,10.198381,18.997892,51.997975,74.368345,147,07:45
Wednesday,2,465,right,94.941054,89.984965,50.800413,69.994182,121.962241,147.186989,147,07:45
Wednesday,2,480,left,40.294803,36.998776,10.997688,19.499213,57.993084,71.386006,147,08:00
Wednesday,2,480,right,99.913055,96.983314,48.590352,73.487608,123.977881,157.773330,147,08:00
Wednesday,2,495,left,41.749826,40.998111,8.999695,21.997291,59.489992,74.194191,147,08:15
Wednesday,2,495,right,104.587035,105.998539,58.191107,78.964975,133.489492,153.777999,147,08:15
Wednesday,2,510,left,41.647956,36.996364,15.600294,23.996992,58.989723,72.392324,147,08:30
Wednesday,2,510,right,102.550392,103.990825,62.795429,84.990323,127.242624,147.380618,147,08:30
Wednesday,2,525,left,43.792369,42.992559,13.998482,24.997062,61.993728,74.990771,147,08:45
Wednesday,2,525,right,105.474307,107.992212,60.193306,84.998972,130.992973,143.393786,147,08:45
Wednesday,2,540,left,42.805692,41.992942,11.599659,27.494193,57.993274,69.989621,147,09:00
Wednesday,2,540,right,103.617084,105.969635,62.992822,76.992976,129.989265,145.977182,147,09:00
Wednesday,2,555,left,41.969695,40.997746,13.998035,23.997561,56.492588,71.018898,147,09:15
Wednesday,2,555,right,108.536504,113.988839,60.995116,88.488942,129.493847,152.791966,147,09:15
Wednesday,2,570,left,44.430578,39.993327,11.599397,25.996067,62.995731,78.392880,147,09:30
Wednesday,2,570,right,99.934887,103.983340,48.796076,79.493883,125.995641,146.192730,147,09:30
Wednesday,2,585,left,43.266753,42.034986,10.004576,24.498354,58.995856,74.991391,147,09:45
Wednesday,2,585,right,95.791624,99.980342,43.594828,74.487479,121.982023,143.375448,147,09:45
Wednesday,2,600,left,40.533646,39.996515,13.598622,26.998076,54.495853,66.389283,147,10:00
Wednesday,2,600,right,96.850535,103.985335,45.595733,77.987661,122.987736,137.390690,147,10:00
Wednesday,2,615,left,42.642013,41.998944,15.598533,27.997500,54.992035,67.390860,147,10:15
Wednesday,2,615,right,91.698178,96.984054,33.595195,67.990981,122.962135,139.799814,147,10:15
Wednesday,2,630,left,44.022901,43.994795,16.597493,26.995413,56.994526,78.801365,147,10:30
Wednesday,2,630,right,97.881672,103.995218,41.394379,72.996189,129.487465,145.390328,147,10:30
Wednesday,2,645,left,44.423882,43.992873,14.599044,27.996611,59.506812,76.183389,147,10:45
Wednesday,2,645,right,101.552904,106.981209,50.198875,82.490038,129.995622,146.390853,147,10:45
Wednesday,2,660,left,45.103658,43.997903,15.002869,27.498432,59.990344,74.987113,147,11:00
Wednesday,2,660,right,104.600708,109.982139,56.984292,83.987940,128.989769,150.375045,147,11:00
Wednesday,2,675,left,47.096748,45.992781,16.598867,26.500234,63.489559,78.987878,147,11:15
Wednesday,2,675,right,96.751410,101.999201,44.996456,70.493723,122.485707,145.786860,147,11:15
Wednesday,2,690,left,47.967657,43.997895,15.596029,30.996731,65.999824,84.788283,147,11:30
Wednesday,2,690,right,94.846578,96.983440,54.196070,71.990482,121.962338,136.390178,147,11:30
Wednesday,2,705,left,50.248350,47.993155,15.999017,29.995057,65.992776,89.986466,146,11:45
Wednesday,2,705,right,95.852872,98.989697,54.495658,73.491035,116.497426,135.980177,146,11:45
Wednesday,2,720,left,52.865904,50.995288,21.996392,33.497603,71.988935,89.390236,147,12:00
Wednesday,2,720,right,92.188621,92.985727,62.191132,73.993290,109.489988,132.386624,147,12:00
Wednesday,2,735,left,53.145437,51.990861,16.998134,29.998112,76.993497,89.985109,145,12:15
Wednesday,2,735,right,91.243769,89.985104,58.189876,70.995634,112.988834,130.978414,145,12:15
Wednesday,2,750,left,53.661012,48.995735,15.597885,28.997501,76.987226,92.385644,147,12:30
Wednesday,2,750,right,88.678650,88.992245,57.991078,69.991150,104.490318,120.950346,147,12:30
Wednesday,2,765,left,54.115914,53.997033,20.997234,29.997566,74.987256,94.391141,147,12:45
Wednesday,2,765,right,89.506269,86.995602,55.596352,71.491912,101.982747,122.349524,147,12:45
Wednesday,2,780,left,54.272003,50.991580,18.998342,31.495641,75.991918,90.792600,147,13:00
Wednesday,2,780,right,86.539878,83.985830,59.593037,69.988643,96.991844,114.389788,147,13:00
Wednesday,2,795,left,52.284115,47.991934,19.597389,27.495389,75.986663,90.385189,147,13:15
Wednesday,2,795,right,81.831334,80.987288,56.790351,72.987286,94.489145,107.981659,147,13:15
Wednesday,2,810,left,57.979530,57.989744,21.597172,34.010551,79.985629,93.389780,147,13:30
Wednesday,2,810,right,84.724861,82.986150,59.995613,72.486947,96.489999,108.381204,147,13:30
Wednesday,2,825,left,56.325978,54.990565,21.598039,31.494535,80.489011,93.392456,147,13:45
Wednesday,2,825,right,86.192566,85.985040,62.191304,73.990896,98.491275,112.781263,147,13:45
Wednesday,2,840,left,62.945543,58.979264,21.596462,35.995867,88.481354,104.981194,147,14:00
Wednesday,2,840,right,81.398550,81.985325,58.995548,70.996322,92.995244,102.190402,147,14:00
Wednesday,2,855,left,59.374229,56.991751,20.597591,33.494544,82.492457,102.981866,147,14:15
Wednesday,2,855,right,87.167244,83.985376,60.592308,70.987699,97.990038,122.599542,147,14:15
Wednesday,2,870,left,58.550039,54.990531,23.998736,34.496583,81.488957,96.166660,147,14:30
Wednesday,2,870,right,84.255269,81.992715,57.993110,68.996060,95.987508,115.379707,147,14:30
Wednesday,2,885,left,58.889278,54.992290,26.597130,36.994058,78.494465,97.983154,147,14:45
Wednesday,2,885,right,83.274071,81.989915,59.994609,70.488090,96.983032,110.984848,147,14:45
Wednesday,2,900,left,55.666436,54.991578,20.996912,35.993866,76.486909,88.385614,147,15:00
Wednesday,2,900,right,80.595316,80.985657,54.992296,69.490373,95.991873,109.781957,147,15:00
Wednesday,2,915,left,52.579182,49.991934,21.991674,31.996209,67.497352,89.992825,147,15:15
Wednesday,2,915,right,84.466494,83.928974,54.990570,72.990377,93.490432,112.981703,147,15:15
Wednesday,2,930,left,52.531342,49.995652,18.597141,32.491938,70.995469,85.788302,147,15:30
Wednesday,2,930,right,85.527677,85.989043,57.592560,71.996469,98.983553,115.397026,147,15:30
Wednesday,2,945,left,53.095697,49.990744,24.995601,33.995134,69.987574,88.387526,147,15:45
Wednesday,2,945,right,85.472400,86.984765,54.190540,69.492272,101.982240,115.385805,147,15:45
Wednesday,2,960,left,53.634411,48.995638,24.599897,33.494068,71.487845,90.384486,147,16:00
Wednesday,2,960,right,84.882800,85.994928,51.199186,69.494897,105.490514,116.980793,147,16:00
Wednesday,2,975,left,53.069270,48.991150,25.596817,34.496476,71.992812,89.389743,147,16:15
Wednesday,2,975,right,84.310340,82.997428,50.194166,67.489175,99.483134,118.387563,147,16:15
Wednesday,2,990,left,54.447312,53.998360,23.593442,35.995145,67.997195,83.392463,147,16:30
Wednesday,2,990,right,83.597796,80.994513,45.991896,60.996859,101.983009,125.979900,147,16:30
Wednesday,2,1005,left,55.355542,53.995736,26.495655,38.243741,69.988658,85.992952,146,16:45
Wednesday,2,1005,right,79.427587,80.988782,48.991996,62.244602,100.735243,113.985348,146,16:45
Wednesday,2,1020,left,48.742419,44.987435,22.593922,32.504380,62.992382,81.986412,147,17:00
Wednesday,2,1020,right,74.542172,72.987814,41.999068,55.993409,93.984396,112.980474,147,17:00
Wednesday,2,1035,left,45.464230,38.980316,17.996956,26.995953,64.491481,76.395067,147,17:15
Wednesday,2,1035,right,72.903104,73.991137,37.997278,51.994744,94.992337,107.386397,147,17:15
Wednesday,2,1050,left,46.253512,40.994734,17.996916,23.995751,63.990325,86.391033,147,17:30
Wednesday,2,1050,right,69.400153,68.984788,33.995258,49.992454,93.991836,107.387203,147,17:30
Wednesday,2,1065,left,46.287779,36.990811,13.999832,22.497513,67.992148,89.393249,147,17:45
Wednesday,2,1065,right,70.129264,67.989225,37.996286,52.994231,88.491628,108.391541,147,17:45
Wednesday,2,1080,left,46.164896,41.997547,16.997657,24.999157,62.993998,83.488226,146,18:00
Wednesday,2,1080,right,70.758348,68.993478,32.994591,49.248786,91.731012,110.985558,146,18:00
Wednesday,2,1095,left,46.320192,35.998197,13.599166,22.997534,71.492407,90.593280,147,18:15
Wednesday,2,1095,right,67.562552,65.991999,34.597709,48.495591,86.996141,103.388789,147,18:15
Wednesday,2,1110,left,46.687814,36.996496,15.999496,23.999234,61.995901,88.390089,147,18:30
Wednesday,2,1110,right,70.752855,68.988539,33.596495,49.994152,91.992231,107.389242,147,18:30
Wednesday,2,1125,left,42.606229,33.994056,14.598430,20.998536,58.495628,86.791285,147,18:45
Wednesday,2,1125,right,63.337348,61.996279,28.598896,48.985055,79.975958,97.989388,147,18:45
Wednesday,2,1140,left,37.607042,30.994964,10.997667,17.998323,52.492570,73.989314,147,19:00
Wednesday,2,1140,right,58.603912,56.990301,32.198807,43.992700,70.490019,87.984577,147,19:00
Wednesday,2,1155,left,32.846629,25.997616,7.999589,14.998202,46.495838,64.394043,147,19:15
Wednesday,2,1155,right,55.190642,53.999291,30.595512,43.993782,68.003189,77.989053,147,19:15
Wednesday,2,1170,left,28.621589,20.999247,9.598837,13.999279,39.995764,60.791962,147,19:30
Wednesday,2,1170,right,48.864283,49.996173,24.597310,37.993763,60.496724,71.391338,147,19:30
Wednesday,2,1185,left,24.718438,18.996781,6.999633,10.999569,31.996028,51.391460,147,19:45
Wednesday,2,1185,right,41.138646,39.993132,20.997809,29.505283,52.997263,63.796511,147,19:45
Wednesday,2,1200,left,19.834752,15.999551,5.999096,10.999413,23.499495,37.997056,147,20:00
Wednesday,2,1200,right,39.771377,37.996331,18.198878,25.997343,54.996024,61.991852,147,20:00
Wednesday,2,1215,left,16.141392,12.997487,3.999655,8.998561,18.999523,27.811172,147,20:15
Wednesday,2,1215,right,37.104579,36.992483,16.598496,25.998686,46.521266,58.995774,147,20:15
Wednesday,2,1230,left,20.538992,13.999102,5.999589,9.999106,19.001263,27.497841,146,20:30
Wednesday,2,1230,right,39.522921,34.995952,17.498354,25.999719,45.995244,59.995872,146,20:30
Wednesday,2,1245,left,14.733265,12.998337,4.599341,8.998428,18.996899,23.997625,147,20:45
Wednesday,2,1245,right,30.711301,30.000142,13.592846,21.497980,40.994619,47.993984,147,20:45
Wednesday,2,1260,left,15.093649,12.998809,3.999727,7.999405,18.996693,24.996061,147,21:00
Wednesday,2,1260,right,29.826992,27.995699,10.599116,19.997390,37.497179,47.993020,147,21:00
Wednesday,2,1275,left,16.127873,10.998097,3.999887,6.998833,15.999152,24.994280,147,21:15
Wednesday,2,1275,right,34.227780,31.997207,13.599251,22.998826,38.998091,47.392937,147,21:15
Wednesday,2,1290,left,17.904046,9.999629,2.999799,5.999549,15.998618,25.197424,147,21:30
Wednesday,2,1290,right,34.481844,28.994678,12.598326,18.998366,39.486655,50.396924,147,21:30
Wednesday,2,1305,left,16.705672,8.999669,3.999638,5.998982,13.998369,18.998013,147,21:45
Wednesday,2,1305,right,32.098674,26.998129,11.998810,20.996264,35.495726,46.397711,147,21:45
Wednesday,2,1320,left,21.032859,10.999893,3.999529,5.999787,17.997566,36.396952,147,22:00
Wednesday,2,1320,right,31.882402,26.998034,11.999319,17.999248,35.497355,49.996591,147,22:00
Wednesday,2,1335,left,16.695280,9.999246,4.999144,6.999303,14.998345,24.199671,145,22:15
Wednesday,2,1335,right,29.659748,24.997906,8.999201,16.999429,34.993788,44.992962,145,22:15
Wednesday,2,1350,left,16.923087,9.998259,3.999923,6.998789,14.748304,25.997488,146,22:30
Wednesday,2,1350,right,26.723630,23.497839,8.999212,14.998786,31.747952,43.496292,146,22:30
Wednesday,2,1365,left,18.454264,10.999105,3.999423,6.998937,14.998897,39.194598,147,22:45
Wednesday,2,1365,right,26.623823,21.998642,8.598787,13.997824,30.998140,41.996634,147,22:45
Wednesday,2,1380,left,13.311907,6.999871,1.999826,3.999839,12.999362,23.398293,147,23:00
Wednesday,2,1380,right,19.352312,16.999143,5.999803,10.999342,24.497009,30.399725,147,23:00
Wednesday,2,1395,left,20.032435,10.998949,3.999726,6.499196,18.998643,34.398468,147,23:15
Wednesday,2,1395,right,21.494801,15.998661,5.599653,10.998544,24.995596,32.796801,147,23:15
Wednesday,2,1410,left,21.385720,10.999162,0.999928,3.999935,18.998226,34.797748,147,23:30
Wednesday,2,1410,right,19.331761,12.998953,2.599853,8.498698,19.998435,34.197188,147,23:30
Wednesday,2,1425,left,13.741420,7.999285,1.599856,3.999679,15.498483,24.996442,147,23:45
Wednesday,2,1425,right,17.659171,13.999633,3.597832,7.999022,19.498782,35.397879,147,23:45
Thursday,3,0,left,18.120912,8.998528,1.998877,3.999482,16.998877,42.599382,147,00:00
Thursday,3,0,right,18.107422,11.001248,2.999987,6.998696,17.999272,37.395867,147,00:00
Thursday,3,15,left,16.059786,9.000005,1.999901,4.999457,14.998116,32.598691,147,00:15
Thursday,3,15,right,16.433892,10.999642,2.999699,5.999793,15.999005,37.997877,147,00:15
Thursday,3,30,left,14.005205,6.999818,1.999725,3.999723,12.998519,24.996988,147,00:30
Thursday,3,30,right,13.726371,7.999346,2.999617,4.999616,12.494680,24.197111,147,00:30
Thursday,3,45,left,14.556136,7.998687,2.597903,3.999531,13.002709,24.799117,147,00:45
Thursday,3,45,right,14.678320,8.999185,3.599466,5.999628,14.997440,22.396162,147,00:45
Thursday,3,60,left,14.957518,6.999561,0.999913,2.999561,14.498695,34.994710,147,01:00
Thursday,3,60,right,14.678630,7.999275,1.999936,3.999919,12.998618,29.402058,147,01:00
Thursday,3,75,left,12.665337,6.999421,0.999880,2.999797,12.997734,18.997072,147,01:15
Thursday,3,75,right,12.515743,6.999470,1.599781,3.999744,13.999676,22.400952,147,01:15
Thursday,3,90,left,17.004526,6.999686,0.999926,2.999482,10.999347,29.394878,147,01:30
Thursday,3,90,right,16.644116,7.999247,1.999664,4.999110,12.999345,30.592556,147,01:30
Thursday,3,105,left,14.555323,4.999934,0.999840,2.999486,9.998390,19.798241,147,01:45
Thursday,3,105,right,18.031192,9.998328,3.599266,4.999536,16.996261,26.396563,147,01:45
Thursday,3,120,left,11.916954,6.998282,0.999830,1.999942,10.998055,18.997970,147,02:00
Thursday,3,120,right,13.590063,8.999179,2.999481,3.999929,14.998615,22.996204,147,02:00
Thursday,3,135,left,9.706336,4.999940,0.999838,2.999520,8.999236,13.999838,147,02:15
Thursday,3,135,right,10.699353,6.999047,1.599785,3.999756,11.998697,19.397674,147,02:15
Thursday,3,150,left,8.760694,5.999072,0.999854,2.999495,10.998086,14.997116,147,02:30
Thursday,3,150,right,10.916940,8.997645,1.999840,5.001533,13.998704,18.997158,147,02:30
Thursday,3,165,left,8.536204,4.999534,0.000000,2.999439,9.998317,16.397225,147,02:45
Thursday,3,165,right,16.385656,11.998124,2.999770,6.998933,17.997028,26.395258,147,02:45
Thursday,3,180,left,9.250494,5.998977,0.000000,2.000004,10.498948,15.398927,147,03:00
Thursday,3,180,right,14.018521,10.998926,2.999478,6.499382,16.997043,22.995987,147,03:00
Thursday,3,195,left,10.712936,4.999081,0.000000,1.999650,9.999871,16.997028,147,03:15
Thursday,3,195,right,15.916291,12.997822,1.599778,6.999121,17.998865,26.394697,147,03:15
Thursday,3,210,left,12.304503,6.997365,0.000000,2.999442,11.997875,16.797313,147,03:30
Thursday,3,210,right,19.201631,14.998391,3.599386,10.998513,20.996308,30.994946,147,03:30
Thursday,3,225,left,9.243836,5.999859,0.000000,1.999981,11.997903,19.396913,147,03:45
Thursday,3,225,right,20.820725,19.996557,5.599042,12.997733,27.995627,34.395455,147,03:45
Thursday,3,240,left,6.509336,4.999130,0.000000,1.999666,8.999445,14.997389,147,04:00
Thursday,3,240,right,21.242209,21.995899,5.999164,13.998806,27.996171,37.993941,147,04:00
Thursday,3,255,left,12.386048,6.999684,0.000000,2.499615,11.997973,20.997026,147,04:15
Thursday,3,255,right,32.287875,28.994715,5.999449,17.997759,37.495310,48.991759,147,04:15
Thursday,3,270,left,7.808526,5.998984,0.000000,2.999670,11.997936,16.399495,147,04:30
Thursday,3,270,right,37.437435,38.999689,8.999501,27.995121,49.492378,55.394924,147,04:30
Thursday,3,285,left,12.311315,8.998366,0.599901,3.999284,13.997588,18.998234,147,04:45
Thursday,3,285,right,48.197607,50.991242,11.998874,34.497026,61.989357,74.387757,147,04:45
Thursday,3,300,left,11.073359,9.998210,0.999866,3.999679,14.997606,18.397492,147,05:00
Thursday,3,300,right,51.047791,53.984066,13.198070,36.495478,68.990330,80.386825,147,05:00
Thursday,3,315,left,12.447380,8.999251,0.599895,3.999806,15.500526,25.396109,147,05:15
Thursday,3,315,right,65.590852,72.991297,7.598784,52.991476,86.984428,97.389272,147,05:15
Thursday,3,330,left,15.705220,9.999453,0.999827,5.998983,16.998705,25.994612,147,05:30
Thursday,3,330,right,74.656964,81.990948,10.598751,59.490405,95.959304,106.791115,147,05:30
Thursday,3,345,left,12.664986,9.999866,1.999795,4.999510,15.998215,22.996207,147,05:45
Thursday,3,345,right,75.731749,82.993111,19.797184,59.981442,95.484476,107.985988,147,05:45
Thursday,3,360,left,15.881805,12.997845,2.999493,6.998800,19.996473,31.396827,147,06:00
Thursday,3,360,right,80.640525,85.985286,18.996726,64.988596,99.414361,127.181388,147,06:00
Thursday,3,375,left,20.255899,16.999524,2.999364,9.998261,23.497265,32.396739,147,06:15
Thursday,3,375,right,82.356793,82.992307,20.596385,58.991305,103.490476,143.396899,147,06:15
Thursday,3,390,left,19.609626,13.999380,1.999671,7.998674,26.995864,44.992538,147,06:30
Thursday,3,390,right,86.104368,89.984940,19.596598,58.990087,111.980679,141.962154,147,06:30
Thursday,3,405,left,18.786986,14.997942,1.999883,7.998609,26.995304,37.999237,147,06:45
Thursday,3,405,right,89.398266,90.983852,12.997961,58.990255,125.980082,149.788874,147,06:45
Thursday,3,420,left,24.078227,21.996246,3.599580,10.998224,31.502508,49.991941,147,07:00
Thursday,3,420,right,93.511690,100.982458,12.599439,61.494047,129.489274,159.403508,147,07:00
Thursday,3,435,left,29.077141,25.996936,6.599527,14.997679,38.994104,52.794038,147,07:15
Thursday,3,435,right,87.347645,91.996932,25.996577,56.991466,120.979856,136.788853,147,07:15
Thursday,3,450,left,28.058014,24.998379,6.999661,12.999925,41.992557,55.822933,147,07:30
Thursday,3,450,right,85.766642,82.987820,26.595782,51.991560,124.992570,149.995681,147,07:30
Thursday,3,465,left,32.051427,26.995328,10.598224,17.998143,45.499276,60.795158,147,07:45
Thursday,3,465,right,91.188192,90.993138,31.594761,58.548409,124.480341,141.391408,147,07:45
Thursday,3,480,left,35.995542,29.999753,11.997974,18.996929,50.992234,70.793819,147,08:00
Thursday,3,480,right,98.164940,96.985447,31.795840,59.489884,132.478498,157.784720,147,08:00
Thursday,3,495,left,40.539357,38.996733,13.197804,22.999308,52.993628,71.988708,147,08:15
Thursday,3,495,right,105.926433,111.980846,36.994729,78.986621,136.484321,157.986443,147,08:15
Thursday,3,510,left,38.290117,37.996273,14.998842,22.247705,50.998210,67.491348,146,08:30
Thursday,3,510,right,105.639047,108.982043,47.493947,78.489964,133.987420,158.995659,146,08:30
Thursday,3,525,left,42.348533,38.996640,14.798298,23.995897,55.499607,75.998143,147,08:45
Thursday,3,525,right,109.423228,112.986014,40.795096,90.489777,139.983548,158.381981,147,08:45
Thursday,3,540,left,40.547760,38.999074,14.597388,25.006626,54.993688,69.396019,147,09:00
Thursday,3,540,right,108.324495,113.986880,41.594393,83.495043,133.489972,156.381745,147,09:00
Thursday,3,555,left,40.853546,37.000072,12.598260,23.499249,56.991973,72.993179,147,09:15
Thursday,3,555,right,105.030788,106.981389,51.797682,88.993228,129.988672,147.983874,147,09:15
Thursday,3,570,left,41.731148,39.998367,10.598600,25.997834,58.990782,71.795394,147,09:30
Thursday,3,570,right,104.052115,106.992781,54.593566,85.495957,126.479129,149.994831,147,09:30
Thursday,3,585,left,40.044025,39.994020,12.599355,24.998931,52.996623,66.996784,147,09:45
Thursday,3,585,right,105.908846,110.978539,59.596018,90.995268,127.486419,148.983988,147,09:45
Thursday,3,600,left,42.791146,42.992390,12.598341,25.497433,58.994363,71.394712,147,10:00
Thursday,3,600,right,100.696352,102.985247,53.992870,78.983868,122.984540,139.384991,147,10:00
Thursday,3,615,left,42.559424,39.996023,12.999120,26.495796,60.988623,72.392706,147,10:15
Thursday,3,615,right,102.212562,108.982723,50.596649,82.992313,125.481916,149.374082,147,10:15
Thursday,3,630,left,42.913050,42.000056,11.998745,25.499251,60.957685,70.986561,147,10:30
Thursday,3,630,right,97.151686,99.996112,49.597815,73.995988,124.490413,137.393898,147,10:30
Thursday,3,645,left,45.422828,46.993094,12.597795,26.996724,62.990824,78.393292,147,10:45
Thursday,3,645,right,94.777492,99.942831,45.594537,71.493273,120.980257,136.786480,147,10:45
Thursday,3,660,left,46.694830,44.992517,16.599077,26.997231,64.988871,79.385756,147,11:00
Thursday,3,660,right,100.177946,104.988586,43.997064,68.492934,130.993230,151.381342,147,11:00
Thursday,3,675,left,46.076801,43.992806,13.998910,27.998307,61.488985,77.389534,147,11:15
Thursday,3,675,right,100.390539,102.990938,43.596248,75.996826,127.989316,148.786399,147,11:15
Thursday,3,690,left,46.981352,43.995966,16.597999,24.997556,65.488858,85.990426,147,11:30
Thursday,3,690,right,99.621991,97.983115,45.997461,77.988903,127.484910,150.389742,147,11:30
Thursday,3,705,left,48.830868,44.993915,14.599062,30.994425,63.997194,91.391548,147,11:45
Thursday,3,705,right,94.315440,97.999776,38.795666,74.985952,119.991806,135.783901,147,11:45
Thursday,3,720,left,51.300043,47.993678,19.597519,31.496006,69.984886,86.187044,147,12:00
Thursday,3,720,right,93.465368,93.997456,44.594472,72.998758,116.980926,137.384254,147,12:00
Thursday,3,735,left,52.504054,48.991214,15.999395,29.994921,76.988430,87.389016,147,12:15
Thursday,3,735,right,89.499800,87.985154,46.795494,68.495774,110.486258,133.782606,147,12:15
Thursday,3,750,left,51.376269,46.993975,18.596932,26.995329,72.488927,86.392472,147,12:30
Thursday,3,750,right,88.243571,87.997206,53.192682,67.989858,104.046297,126.389157,147,12:30
Thursday,3,765,left,51.852168,49.996724,21.596214,26.999073,73.988098,93.384548,147,12:45
Thursday,3,765,right,88.808606,87.984749,52.597301,71.987268,105.986555,129.979248,147,12:45
Thursday,3,780,left,51.504498,51.992585,18.599113,29.994729,71.493052,84.192884,147,13:00
Thursday,3,780,right,84.942958,82.992330,57.792454,69.481808,97.489930,118.379854,147,13:00
Thursday,3,795,left,50.973228,48.996573,19.998328,30.996110,65.993798,85.967676,147,13:15
Thursday,3,795,right,86.240804,83.985378,62.980896,71.987520,98.483757,116.785968,147,13:15
Thursday,3,810,left,52.918153,46.992411,20.596561,30.995664,75.991050,88.983853,147,13:30
Thursday,3,810,right,87.581229,83.991589,64.993926,72.990707,99.488023,113.987425,147,13:30
Thursday,3,825,left,55.978611,52.992161,23.596041,33.995740,74.487702,92.161800,147,13:45
Thursday,3,825,right,86.654664,85.954042,64.598415,72.988342,93.998718,117.384538,147,13:45
Thursday,3,840,left,56.205681,50.993503,22.196330,33.997134,75.487805,98.587839,147,14:00
Thursday,3,840,right,84.392581,82.986771,59.597376,69.994923,97.992014,111.781140,147,14:00
Thursday,3,855,left,55.047474,47.991961,22.598352,33.997949,73.989950,97.982966,147,14:15
Thursday,3,855,right,85.003008,82.985890,59.991296,70.009006,97.988286,110.783302,147,14:15
Thursday,3,870,left,54.715643,47.989284,21.998518,31.497814,74.990243,95.390378,147,14:30
Thursday,3,870,right,86.617977,84.985549,61.591749,70.987235,98.491356,115.389105,147,14:30
Thursday,3,885,left,53.965820,47.996001,21.996384,30.503751,76.987210,90.394673,147,14:45
Thursday,3,885,right,85.751177,83.985989,58.590036,69.988823,96.992624,112.393014,147,14:45
Thursday,3,900,left,48.810653,47.991441,19.197657,27.497159,65.997210,83.986565,147,15:00
Thursday,3,900,right,83.024287,80.986191,60.996294,68.991604,95.488428,112.789027,147,15:00
Thursday,3,915,left,47.722330,43.999938,19.599690,27.997402,63.997046,84.385409,147,15:15
Thursday,3,915,right,84.344240,82.996863,59.995261,71.494992,99.484782,111.395621,147,15:15
Thursday,3,930,left,48.272655,44.998226,19.996433,26.998937,66.990096,82.986173,147,15:30
Thursday,3,930,right,88.940848,87.986050,56.994794,70.995215,107.482300,127.792184,147,15:30
Thursday,3,945,left,48.648211,46.991694,17.009023,28.497324,61.988969,89.384650,147,15:45
Thursday,3,945,right,86.807699,88.990220,53.595206,73.988762,100.986570,111.779804,147,15:45
Thursday,3,960,left,47.696540,44.998610,20.598341,30.998370,61.489908,77.793702,147,16:00
Thursday,3,960,right,82.584173,85.005949,47.998737,66.990859,98.487788,110.785432,147,16:00
Thursday,3,975,left,50.401639,43.992471,24.595641,33.497221,64.995010,85.385033,147,16:15
Thursday,3,975,right,88.572606,85.999815,57.996074,69.994801,106.981597,119.379824,147,16:15
Thursday,3,990,left,50.501826,48.991634,21.997309,31.248074,64.741311,87.988037,146,16:30
Thursday,3,990,right,84.526196,83.996313,55.994804,69.988039,99.737331,117.979237,146,16:30
Thursday,3,1005,left,50.755498,47.991428,22.997185,32.997190,66.991729,85.395379,147,16:45
Thursday,3,1005,right,84.777655,84.973982,45.594568,68.497226,100.991626,121.392111,147,16:45
Thursday,3,1020,left,47.429758,44.998336,18.597627,29.997051,60.994422,81.390951,147,17:00
Thursday,3,1020,right,80.568962,82.989353,44.794123,65.494175,100.488720,111.993409,147,17:00
Thursday,3,1035,left,44.423400,36.997837,14.998563,26.497404,65.988716,80.388191,147,17:15
Thursday,3,1035,right,72.201920,73.989932,32.597510,52.992443,91.481684,110.788417,147,17:15
Thursday,3,1050,left,44.402122,38.993212,15.999531,25.503388,61.455870,77.962344,147,17:30
Thursday,3,1050,right,69.773221,67.988558,36.194372,47.993365,91.486583,110.981801,147,17:30
Thursday,3,1065,left,46.135037,43.992299,16.599152,26.995989,63.493369,78.832259,147,17:45
Thursday,3,1065,right,70.023730,69.995741,35.997652,47.993126,90.484347,103.920013,147,17:45
Thursday,3,1080,left,45.747470,38.996307,9.996157,21.248666,67.488940,89.492602,146,18:00
Thursday,3,1080,right,71.710202,69.992385,30.490248,49.996561,94.989010,111.985167,146,18:00
Thursday,3,1095,left,45.810425,39.993531,11.999299,22.996281,66.996656,90.388784,147,18:15
Thursday,3,1095,right,69.726068,69.997420,31.997436,47.494041,91.490415,106.188225,147,18:15
Thursday,3,1110,left,46.723086,39.996046,10.998366,22.996226,72.492874,90.390803,147,18:30
Thursday,3,1110,right,71.999987,69.987863,25.596557,49.993960,93.004987,113.987122,147,18:30
Thursday,3,1125,left,40.954685,32.997051,10.999246,21.996848,55.994730,84.790984,147,18:45
Thursday,3,1125,right,71.216762,66.990893,37.995855,49.498787,92.992238,117.579824,147,18:45
Thursday,3,1140,left,38.573507,30.998865,12.597723,17.996986,53.991804,74.376229,147,19:00
Thursday,3,1140,right,67.706230,62.999145,32.594513,48.490407,89.992333,105.382188,147,19:00
Thursday,3,1155,left,33.853685,28.995698,11.598067,15.998702,48.995465,61.392816,147,19:15
Thursday,3,1155,right,57.054954,56.991876,31.993529,44.492473,71.493778,82.986406,147,19:15
Thursday,3,1170,left,30.357182,23.997311,8.999470,13.999002,40.494939,59.795191,147,19:30
Thursday,3,1170,right,49.763297,51.996734,24.995830,38.493594,62.992328,69.992139,147,19:30
Thursday,3,1185,left,23.888469,17.999558,5.999212,10.999260,32.995884,45.398016,147,19:45
Thursday,3,1185,right,44.988564,44.995592,16.798633,29.995254,57.993861,70.189915,147,19:45
Thursday,3,1200,left,21.282931,16.997083,5.999678,10.998862,25.498128,40.998337,147,20:00
Thursday,3,1200,right,42.974553,41.992532,19.197845,27.997673,53.994453,64.989118,147,20:00
Thursday,3,1215,left,21.237626,15.997777,5.999597,9.999325,20.997505,37.994618,146,20:15
Thursday,3,1215,right,42.064190,38.496546,18.496969,27.995687,51.994732,61.992240,146,20:15
Thursday,3,1230,left,19.247865,16.498164,5.299485,9.999879,23.005296,30.698485,144,20:30
Thursday,3,1230,right,40.586356,39.495286,15.998661,28.745265,49.993699,65.995065,144,20:30
Thursday,3,1245,left,19.074067,13.997880,5.999747,8.999621,20.997861,26.997221,145,20:45
Thursday,3,1245,right,34.831086,33.995015,11.398556,21.999074,40.994498,56.191865,145,20:45
Thursday,3,1260,left,19.950078,14.995568,4.999869,8.999587,19.998121,28.999586,147,21:00
Thursday,3,1260,right,32.928136,29.997403,7.999835,19.998136,39.502782,53.792741,147,21:00
Thursday,3,1275,left,15.529278,10.999763,4.999706,6.999702,16.999080,24.397519,147,21:15
Thursday,3,1275,right,33.208011,30.997239,13.001656,23.996727,39.996490,46.398880,147,21:15
Thursday,3,1290,left,20.318363,11.999335,5.999620,7.999500,17.999421,32.798526,147,21:30
Thursday,3,1290,right,38.445975,31.997841,13.998358,24.996842,41.993265,59.197106,147,21:30
Thursday,3,1305,left,15.352449,10.999581,4.999781,7.999583,15.499046,23.998247,147,21:45
Thursday,3,1305,right,31.806910,29.994813,12.998771,21.998172,38.997217,49.194313,147,21:45
Thursday,3,1320,left,19.692504,10.996715,3.999770,6.999441,15.997325,33.597019,147,22:00
Thursday,3,1320,right,33.194988,29.998309,11.599054,19.998304,38.997936,53.796191,147,22:00
Thursday,3,1335,left,17.737953,9.999853,4.999665,7.249763,14.998689,21.997838,146,22:15
Thursday,3,1335,right,33.325893,26.998561,11.999144,17.998633,34.744382,51.995703,146,22:15
Thursday,3,1350,left,15.718795,10.998376,3.999814,6.998879,14.998711,23.999189,147,22:30
Thursday,3,1350,right,28.948935,23.999242,9.999464,15.498631,32.998708,49.394019,147,22:30
Thursday,3,1365,left,14.869612,11.998838,3.999945,6.999757,16.998824,23.399185,147,22:45
Thursday,3,1365,right,25.351939,21.998457,9.999184,15.499146,32.997901,42.398675,147,22:45
Thursday,3,1380,left,23.405465,9.999040,2.999793,5.999485,15.999509,40.938461,147,23:00
Thursday,3,1380,right,30.309939,20.996335,8.599061,13.999234,26.997595,48.795523,147,23:00
Thursday,3,1395,left,21.474461,10.999672,4.999565,6.999700,19.998894,36.795800,147,23:15
Thursday,3,1395,right,26.263457,19.000363,5.999691,11.999286,25.999047,43.198492,147,23:15
Thursday,3,1410,left,22.521927,12.998826,2.999747,5.999590,20.498014,35.397461,147,23:30
Thursday,3,1410,right,22.351874,13.998768,6.599321,9.999381,23.996264,33.397582,147,23:30
Thursday,3,1425,left,20.807684,10.999283,2.599688,4.999599,19.999397,41.797397,147,23:45
Thursday,3,1425,right,21.719278,14.999384,5.999738,10.999742,20.998404,38.795712,147,23:45
Friday,4,0,left,16.367127,8.999298,0.999917,3.999781,15.999389,32.998780,141,00:00
Friday,4,0,right,18.941296,11.999179,3.999997,8.000010,18.998353,39.999318,141,00:00
Friday,4,15,left,19.217118,8.999993,2.999480,5.998967,15.998961,34.998731,141,00:15
Friday,4,15,right,19.763266,10.999822,4.999692,7.998878,18.997779,36.993916,141,00:15
Friday,4,30,left,13.289387,8.999510,1.999933,4.999549,15.997150,23.997574,141,00:30
Friday,4,30,right,12.346217,9.999422,3.000002,5.999974,13.998969,20.999966,141,00:30
Friday,4,45,left,20.146178,10.998273,3.000299,5.999471,17.998200,33.981598,141,00:45
Friday,4,45,right,17.706793,9.999005,2.999908,6.998763,16.998281,30.994579,141,00:45
Friday,4,60,left,15.133872,8.998882,1.999676,4.999299,14.998908,21.996305,140,01:00
Friday,4,60,right,13.169854,7.999787,1.999844,4.999169,12.998035,20.099196,140,01:00
Friday,4,75,left,16.106255,5.999822,1.699652,2.999559,13.748065,24.198170,138,01:15
Friday,4,75,right,16.055505,8.999723,2.999726,4.999725,14.998937,27.998151,138,01:15
Friday,4,90,left,11.183202,6.998815,1.000136,3.999326,10.998195,17.996981,141,01:30
Friday,4,90,right,12.225466,7.999143,2.999465,4.999676,12.998007,19.998911,141,01:30
Friday,4,105,left,10.736084,4.999859,0.999849,2.999485,9.998829,19.989661,141,01:45
Friday,4,105,right,14.693236,9.998542,2.999615,6.998773,15.997300,22.996048,141,01:45
Friday,4,120,left,10.126517,6.000006,0.999837,2.999497,9.999829,13.997712,141,02:00
Friday,4,120,right,11.346397,8.998392,2.999483,4.999190,11.999896,18.997223,141,02:00
Friday,4,135,left,7.370543,4.999183,0.999833,2.749584,8.999003,12.199357,140,02:15
Friday,4,135,right,10.670230,7.998578,2.899520,4.999127,11.998195,19.998345,140,02:15
Friday,4,150,left,8.551846,5.999065,1.999666,2.999522,9.998769,14.998781,141,02:30
Friday,4,150,right,12.374087,10.994877,3.999305,5.999048,14.999573,22.997421,141,02:30
Friday,4,165,left,12.140514,4.999176,0.999824,1.999757,7.999927,17.996968,141,02:45
Friday,4,165,right,16.338528,10.998118,3.999364,6.999256,14.997599,19.999093,141,02:45
Friday,4,180,left,7.381955,4.999477,0.999845,2.999484,8.999238,12.997666,141,03:00
Friday,4,180,right,13.196718,10.998034,2.999483,6.998799,16.997219,21.996441,141,03:00
Friday,4,195,left,13.062314,5.999487,0.999859,2.999722,10.998015,17.996845,141,03:15
Friday,4,195,right,18.373702,12.997695,4.999207,8.998391,18.996716,23.995942,141,03:15
Friday,4,210,left,13.437876,5.999893,0.999947,2.999752,10.998118,13.999343,141,03:30
Friday,4,210,right,20.925925,15.997231,6.998771,9.998360,23.998874,34.992017,141,03:30
Friday,4,225,left,7.750893,5.999875,0.999921,3.999298,9.999273,13.999468,141,03:45
Friday,4,225,right,21.486951,20.996384,10.998117,15.998640,27.997188,32.994261,141,03:45
Friday,4,240,left,8.722378,6.998787,1.999518,2.999908,9.999032,15.997348,141,04:00
Friday,4,240,right,22.217451,18.996664,8.998942,13.997602,26.995583,36.997885,141,04:00
Friday,4,255,left,7.516697,5.999444,0.999963,2.999522,10.998142,14.997545,141,04:15
Friday,4,255,right,28.293985,26.995579,11.998051,19.996639,33.996850,43.992802,141,04:15
Friday,4,270,left,11.140434,8.998570,1.000015,4.999151,12.997934,19.996658,141,04:30
Friday,4,270,right,40.583491,39.996096,20.996416,30.994863,48.993293,57.993367,141,04:30
Friday,4,285,left,14.033263,9.998223,2.000192,4.999706,15.997291,23.996461,141,04:45
Friday,4,285,right,50.254939,49.991308,26.999102,37.013573,58.990072,72.990430,141,04:45
Friday,4,300,left,12.764370,9.999065,3.999504,6.999448,14.997385,20.999655,141,05:00
Friday,4,300,right,51.362218,49.990474,23.995938,40.992869,61.989146,74.987224,141,05:00
Friday,4,315,left,15.699601,10.998247,3.999327,6.998770,16.000039,24.999811,141,05:15
Friday,4,315,right,73.670959,74.996135,32.997507,59.989605,92.983476,104.984003,141,05:15
Friday,4,330,left,13.927126,9.998792,2.999493,5.999028,15.997185,22.997307,141,05:30
Friday,4,330,right,83.003537,83.989028,47.991845,67.999061,98.983499,113.978612,141,05:30
Friday,4,345,left,15.806087,12.997634,4.999140,7.996179,19.996674,26.996687,141,05:45
Friday,4,345,right,87.349510,90.992293,47.993145,72.988073,103.983904,117.990572,141,05:45
Friday,4,360,left,17.225407,14.994536,4.999384,8.998536,19.998458,29.994772,141,06:00
Friday,4,360,right,86.812239,86.986553,46.998661,67.988821,103.972416,128.995021,141,06:00
Friday,4,375,left,19.826768,15.997345,5.998973,10.998500,22.996531,34.994155,141,06:15
Friday,4,375,right,91.177694,83.987036,51.991130,68.968805,104.982035,142.975692,141,06:15
Friday,4,390,left,21.635658,18.997162,7.998756,11.999940,26.995472,37.993413,141,06:30
Friday,4,390,right,91.613072,83.986783,52.992870,68.988290,111.993825,140.995418,141,06:30
Friday,4,405,left,22.529189,17.997200,7.998597,11.999159,31.994378,40.992533,141,06:45
Friday,4,405,right,97.541619,91.984971,47.994256,65.988310,126.977669,150.925574,141,06:45
Friday,4,420,left,27.589406,23.996383,6.999270,13.747899,39.993801,50.996620,140,07:00
Friday,4,420,right,101.829050,96.484047,49.894887,71.737504,131.976650,163.080554,140,07:00
Friday,4,435,left,33.541973,29.999505,10.999235,18.996867,47.993092,61.989410,141,07:15
Friday,4,435,right,101.922365,103.999852,59.000295,70.987342,125.978945,141.976359,141,07:15
Friday,4,450,left,33.103585,29.994895,11.998110,18.996532,43.000101,61.990053,141,07:30
Friday,4,450,right,96.721753,91.978674,56.989630,73.987275,119.997640,139.983953,141,07:30
Friday,4,465,left,38.037546,35.993658,13.997786,23.998805,47.999450,65.985527,141,07:45
Friday,4,465,right,104.985727,101.984464,61.990195,75.986701,124.003397,155.971265,141,07:45
Friday,4,480,left,41.030038,39.997527,17.797006,24.995773,53.247064,69.097854,140,08:00
Friday,4,480,right,104.614313,108.481664,61.798413,72.999202,129.976497,149.194270,140,08:00
Friday,4,495,left,42.498207,40.992275,16.999138,28.994913,56.989843,66.996716,141,08:15
Friday,4,495,right,104.164500,102.993163,62.996780,80.985791,125.995849,151.975281,141,08:15
Friday,4,510,left,46.298454,43.992687,19.996718,30.994290,57.990485,73.993460,141,08:30
Friday,4,510,right,105.572707,105.994595,60.998214,86.985317,125.979050,144.974741,141,08:30
Friday,4,525,left,44.825663,44.994257,17.998451,31.994675,53.997849,67.995595,141,08:45
Friday,4,525,right,110.118047,110.989785,72.993264,91.984690,129.991579,149.978026,141,08:45
Friday,4,540,left,46.172368,45.992771,14.998701,33.999192,59.997649,72.997750,141,09:00
Friday,4,540,right,112.038259,108.993542,72.986766,89.999789,133.990346,155.990485,141,09:00
Friday,4,555,left,46.505666,47.993254,18.999685,31.999083,59.989370,68.995641,141,09:15
Friday,4,555,right,105.712567,98.998321,69.998513,81.985162,122.978352,140.976371,141,09:15
Friday,4,570,left,47.171727,46.996675,18.997750,30.999445,59.987860,72.988104,141,09:30
Friday,4,570,right,103.002413,100.981769,65.997627,80.993605,122.978598,139.989577,141,09:30
Friday,4,585,left,44.853714,41.993524,19.998696,28.999316,57.989860,70.996353,141,09:45
Friday,4,585,right,100.649588,97.998855,67.988732,78.995287,117.984147,140.988206,141,09:45
Friday,4,600,left,45.860465,45.999835,17.996855,31.999636,60.990560,70.987832,141,10:00
Friday,4,600,right,98.337225,99.983118,60.996203,76.986513,113.002207,134.989746,141,10:00
Friday,4,615,left,50.319747,47.995664,21.998541,32.996850,65.994257,79.984871,141,10:15
Friday,4,615,right,97.093505,95.984792,62.995127,78.987374,113.980339,133.978012,141,10:15
Friday,4,630,left,50.057981,48.998528,20.999422,31.997011,63.988752,79.986976,141,10:30
Friday,4,630,right,93.734918,93.992158,54.001028,72.988144,115.981157,129.991711,141,10:30
Friday,4,645,left,47.874220,47.992739,22.996471,30.999793,60.995538,72.994175,141,10:45
Friday,4,645,right,94.287017,94.986252,56.990882,73.990701,113.994188,127.988080,141,10:45
Friday,4,660,left,50.908878,46.999598,23.998912,33.998781,63.989433,79.999076,141,11:00
Friday,4,660,right,95.457476,92.984645,65.991378,79.985921,114.979240,125.977410,141,11:00
Friday,4,675,left,48.412035,47.995573,21.014726,28.995411,62.991222,76.986204,141,11:15
Friday,4,675,right,96.386709,92.997870,62.991544,77.993468,112.979449,129.001116,141,11:15
Friday,4,690,left,50.475411,46.993719,23.996531,31.497148,66.490579,79.992308,139,11:30
Friday,4,690,right,98.260926,95.989297,59.792368,79.992563,116.487094,142.206415,139,11:30
Friday,4,705,left,50.881150,49.991559,21.998426,32.998876,64.999580,80.985612,141,11:45
Friday,4,705,right,93.026132,92.992785,59.997956,77.987252,107.998025,125.978319,141,11:45
Friday,4,720,left,52.957937,49.992669,23.995864,34.997557,65.989054,84.995096,141,12:00
Friday,4,720,right,95.938363,92.992751,65.989346,78.990811,106.984312,129.978475,141,12:00
Friday,4,735,left,54.063739,52.996888,21.999552,35.993389,67.995351,86.985505,141,12:15
Friday,4,735,right,92.299664,92.983929,57.045954,73.990590,109.984465,128.987817,141,12:15
Friday,4,750,left,53.737823,49.995171,26.995182,33.994213,70.967510,86.989254,141,12:30
Friday,4,750,right,91.576557,89.992126,60.994109,74.985321,102.990324,131.978021,141,12:30
Friday,4,765,left,54.142519,53.990770,24.995685,34.993789,69.988403,83.996933,141,12:45
Friday,4,765,right,90.500883,88.995540,56.975132,74.989500,104.991678,124.979222,141,12:45
Friday,4,780,left,57.085762,56.990338,26.995294,34.995637,74.990683,92.990825,141,13:00
Friday,4,780,right,90.571757,89.993321,58.990901,72.988384,103.997223,122.998813,141,13:00
Friday,4,795,left,56.784412,56.991327,22.997753,38.008004,71.991755,85.995986,141,13:15
Friday,4,795,right,90.467693,87.991252,63.989832,76.987176,100.985610,120.017231,141,13:15
Friday,4,810,left,60.048729,57.990790,23.999065,36.993515,79.986539,94.988225,141,13:30
Friday,4,810,right,87.152005,86.986839,58.994210,71.988016,101.013355,112.982056,141,13:30
Friday,4,825,left,58.134646,56.991110,28.998839,38.994396,71.987195,86.998833,141,13:45
Friday,4,825,right,84.562860,84.984686,57.990061,69.992104,96.999245,111.985119,141,13:45
Friday,4,840,left,56.936329,55.990577,25.797971,37.996329,73.496519,86.396301,139,14:00
Friday,4,840,right,88.163807,88.985033,61.994664,73.991506,99.988054,116.194016,139,14:00
Friday,4,855,left,57.155848,54.991157,27.873447,39.995574,71.987708,85.985614,140,14:15
Friday,4,855,right,89.629713,87.997100,56.894496,71.990226,102.235420,119.260903,140,14:15
Friday,4,870,left,56.277199,53.992731,27.995608,35.993772,72.987810,90.995098,141,14:30
Friday,4,870,right,89.118056,86.992037,47.992150,68.998625,106.990052,131.988682,141,14:30
Friday,4,885,left,53.475451,50.991187,20.999450,33.994198,72.997748,88.989205,141,14:45
Friday,4,885,right,91.569828,90.997364,51.997907,71.996609,110.981032,129.998605,141,14:45
Friday,4,900,left,53.993485,48.994790,22.995454,34.994194,71.987994,91.994691,141,15:00
Friday,4,900,right,88.960981,86.994943,57.996177,70.998153,105.989254,125.977526,141,15:00
Friday,4,915,left,51.142878,47.996656,24.030668,32.996962,64.992904,81.986671,141,15:15
Friday,4,915,right,86.784391,86.991172,54.990667,72.986926,104.982092,117.991778,141,15:15
Friday,4,930,left,47.788615,45.989847,22.995758,31.996360,60.992558,75.996875,141,15:30
Friday,4,930,right,87.670095,88.012918,56.991985,72.981323,101.981942,124.977388,141,15:30
Friday,4,945,left,47.672383,47.493947,19.996448,31.995400,61.990748,74.090407,140,15:45
Friday,4,945,right,89.310117,87.991566,58.790193,72.997005,104.986216,124.989098,140,15:45
Friday,4,960,left,47.533475,44.996468,26.995857,33.994270,58.996051,71.986968,141,16:00
Friday,4,960,right,87.606650,86.990622,53.001725,70.999009,105.989585,122.979214,141,16:00
Friday,4,975,left,50.064867,48.992880,21.998348,35.993774,61.989659,78.985704,141,16:15
Friday,4,975,right,88.718781,83.990267,57.998719,72.001503,106.997090,119.983544,141,16:15
Friday,4,990,left,50.001323,47.991791,26.995654,36.995317,62.997710,78.986512,141,16:30
Friday,4,990,right,89.706275,88.987048,56.993241,71.995115,104.985690,129.978694,141,16:30
Friday,4,1005,left,52.457926,52.496978,21.006257,33.748141,68.992273,82.186959,140,16:45
Friday,4,1005,right,90.747230,87.986313,52.793715,68.997255,106.992294,131.976750,140,16:45
Friday,4,1020,left,49.554232,45.998490,22.998553,31.995192,64.999650,81.998373,141,17:00
Friday,4,1020,right,82.047883,81.985881,40.992722,59.990677,100.982720,122.977784,141,17:00
Friday,4,1035,left,45.902174,41.992654,15.998902,26.997784,58.994968,82.998473,141,17:15
Friday,4,1035,right,74.905710,74.995210,40.993168,49.995826,97.997553,113.981020,141,17:15
Friday,4,1050,left,45.136697,38.995365,18.997758,25.999648,56.997513,82.998790,141,17:30
Friday,4,1050,right,74.013573,69.987605,35.993651,50.997319,97.986150,118.990083,141,17:30
Friday,4,1065,left,45.371029,36.999503,15.998301,24.996408,58.991337,92.994749,141,17:45
Friday,4,1065,right,74.410315,72.986693,37.994024,53.999590,94.994612,117.979672,141,17:45
Friday,4,1080,left,44.035638,37.997442,11.999192,18.999759,64.992254,81.993712,141,18:00
Friday,4,1080,right,78.655171,73.998272,38.999395,57.991070,97.997524,124.018142,141,18:00
Friday,4,1095,left,43.603987,31.994644,11.998190,19.999745,60.989601,93.998289,141,18:15
Friday,4,1095,right,74.586675,68.991603,34.993890,51.996343,102.996375,120.979346,141,18:15
Friday,4,1110,left,40.682770,27.996329,10.999579,17.998651,53.990602,85.984997,141,18:30
Friday,4,1110,right,75.792653,71.988349,33.998731,50.995159,96.994159,128.977179,141,18:30
Friday,4,1125,left,35.987217,26.995548,12.997813,16.998570,44.996919,77.078907,141,18:45
Friday,4,1125,right,74.395007,70.988265,38.993489,52.991121,91.987336,115.986366,141,18:45
Friday,4,1140,left,32.641672,23.997040,9.998342,13.998724,44.992210,69.998914,141,19:00
Friday,4,1140,right,69.807719,66.989067,32.998291,50.992404,83.985406,104.985453,141,19:00
Friday,4,1155,left,31.469165,22.498930,8.799945,14.997491,38.997300,72.187970,140,19:15
Friday,4,1155,right,66.473115,64.494130,28.997973,48.743410,80.239501,103.084119,140,19:15
Friday,4,1170,left,25.734515,18.998608,6.999448,12.998941,31.994706,50.990690,141,19:30
Friday,4,1170,right,57.397989,58.994899,27.998145,41.996539,71.987736,85.985269,141,19:30
Friday,4,1185,left,21.146749,14.999376,6.999358,9.999413,23.998195,50.993754,141,19:45
Friday,4,1185,right,53.782352,55.990608,21.999652,38.996621,66.998148,76.999220,141,19:45
Friday,4,1200,left,20.395257,14.999288,6.999395,9.999172,24.998564,32.997965,141,20:00
Friday,4,1200,right,48.654809,47.995608,17.998732,31.997131,63.991044,77.983609,141,20:00
Friday,4,1215,left,19.027048,14.997541,5.999166,8.999183,21.996446,33.997954,141,20:15
Friday,4,1215,right,48.861714,45.992756,18.999326,30.996929,62.998845,81.994033,141,20:15
Friday,4,1230,left,17.756964,14.997637,5.999692,9.996463,21.997921,29.999506,141,20:30
Friday,4,1230,right,43.308010,40.981325,22.006722,29.999573,55.995172,69.992537,141,20:30
Friday,4,1245,left,18.104799,13.997593,3.999371,8.999186,19.999976,27.999448,141,20:45
Friday,4,1245,right,39.358433,36.996427,14.998643,26.995132,47.996832,64.994239,141,20:45
Friday,4,1260,left,15.743307,11.998090,3.999668,6.999882,16.999587,25.998612,141,21:00
Friday,4,1260,right,34.932962,33.999307,13.997966,20.998213,42.997036,54.995113,141,21:00
Friday,4,1275,left,19.707527,10.003153,4.999125,7.998680,16.997188,26.997417,141,21:15
Friday,4,1275,right,37.607070,31.997023,13.998006,21.996370,46.996015,53.999273,141,21:15
Friday,4,1290,left,16.374392,12.999162,5.999176,7.999949,16.998674,23.996051,141,21:30
Friday,4,1290,right,36.060568,34.000024,11.999375,23.999710,43.997221,54.994625,141,21:30
Friday,4,1305,left,15.635793,9.999743,3.999664,5.999588,15.998579,24.999598,141,21:45
Friday,4,1305,right,35.755397,33.999823,12.997810,24.998912,43.995457,54.999596,141,21:45
Friday,4,1320,left,17.515579,9.999960,3.999320,6.998873,15.998801,24.997739,141,22:00
Friday,4,1320,right,36.143403,31.997832,10.999049,25.998383,40.000159,53.999047,141,22:00
Friday,4,1335,left,21.298139,10.999149,3.898798,6.999640,16.992456,37.396484,140,22:15
Friday,4,1335,right,39.746981,32.996279,11.999605,25.746350,42.997491,62.098584,140,22:15
Friday,4,1350,left,19.573010,10.999126,4.999314,7.998550,16.010289,27.999986,141,22:30
Friday,4,1350,right,35.316516,30.997541,9.999400,21.998138,42.992357,54.983435,141,22:30
Friday,4,1365,left,14.523058,10.999417,3.999656,6.999889,15.998050,20.998611,141,22:45
Friday,4,1365,right,29.818732,27.998541,11.999246,16.999086,39.996236,45.998521,141,22:45
Friday,4,1380,left,14.156061,8.999680,2.999788,5.999529,14.248559,23.098612,140,23:00
Friday,4,1380,right,26.840570,24.997831,8.899084,14.998827,32.998416,44.096877,140,23:00
Friday,4,1395,left,16.228871,8.998432,3.799425,4.999940,12.999061,23.998438,139,23:15
Friday,4,1395,right,27.458167,22.998109,6.799765,13.998505,33.997247,43.196686,139,23:15
Friday,4,1410,left,14.252239,8.998557,2.999619,4.999725,13.997562,20.299138,138,23:30
Friday,4,1410,right,22.744276,17.998827,4.999735,11.997953,28.996397,37.994957,138,23:30
Friday,4,1425,left,14.259937,7.999940,2.999670,5.998810,13.006433,21.298538,138,23:45
Friday,4,1425,right,24.012856,20.502311,7.692646,13.999202,26.999597,40.594342,138,23:45
Saturday,5,0,left,13.452728,6.999441,2.999492,3.999767,10.999792,23.999477,141,00:00
Saturday,5,0,right,21.019544,15.998804,5.999584,10.999314,22.998217,30.998301,141,00:00
Saturday,5,15,left,14.176173,6.999270,1.999921,3.999674,9.999609,17.999267,141,00:15
Saturday,5,15,right,20.246346,14.999717,3.999344,8.998366,21.989851,29.999640,141,00:15
Saturday,5,30,left,13.729194,6.999616,1.999887,4.001259,10.999500,16.999606,141,00:30
Saturday,5,30,right,16.104912,11.999455,2.999477,6.999512,17.998458,22.998262,141,00:30
Saturday,5,45,left,15.558959,7.998581,1.999711,3.999341,11.998606,21.999710,141,00:45
Saturday,5,45,right,19.579900,12.998910,2.999947,7.999324,18.997068,31.997088,141,00:45
Saturday,5,60,left,17.529814,6.999064,0.999836,2.999830,12.999574,21.998628,141,01:00
Saturday,5,60,right,18.473065,10.008787,2.999464,6.998984,14.998635,27.995045,141,01:00
Saturday,5,75,left,13.820554,6.998588,0.999829,2.999753,11.997985,20.000018,141,01:15
Saturday,5,75,right,15.798831,9.999032,0.999831,5.998981,15.000022,23.993785,141,01:15
Saturday,5,90,left,11.140279,5.999933,1.999818,4.995782,10.998055,13.999385,141,01:30
Saturday,5,90,right,12.998202,9.990177,2.999497,5.999230,13.999870,20.996456,141,01:30
Saturday,5,105,left,14.792512,6.998751,0.999892,2.999508,10.998045,26.999592,141,01:45
Saturday,5,105,right,15.657619,8.999407,2.999330,4.999085,15.997365,23.996039,141,01:45
Saturday,5,120,left,10.941742,3.999909,0.999837,2.999487,9.999080,13.997719,141,02:00
Saturday,5,120,right,13.693134,8.999856,1.999913,5.999020,12.997824,20.996468,141,02:00
Saturday,5,135,left,8.126911,4.999203,0.999872,2.999490,8.998488,11.998255,141,02:15
Saturday,5,135,right,12.168791,8.998449,0.999910,3.999683,14.999071,23.998620,141,02:15
Saturday,5,150,left,8.871410,4.999555,0.999839,2.999475,9.998323,13.999835,141,02:30
Saturday,5,150,right,13.920430,9.000150,1.999822,4.999121,15.998808,23.995799,141,02:30
Saturday,5,165,left,8.133702,5.998975,0.999829,2.999491,8.998476,11.999792,141,02:45
Saturday,5,165,right,12.239634,9.999178,2.999979,6.998803,14.997882,18.998894,141,02:45
Saturday,5,180,left,9.835378,5.998955,0.999827,1.999834,8.999842,13.998483,141,03:00
Saturday,5,180,right,12.813830,9.998274,1.999867,4.999111,14.997578,22.997962,141,03:00
Saturday,5,195,left,9.506144,4.999179,0.000000,1.999789,8.998668,12.998001,140,03:15
Saturday,5,195,right,14.826941,9.998338,2.999519,5.999682,15.997454,25.095859,140,03:15
Saturday,5,210,left,7.786401,4.999163,0.999846,2.999488,7.998611,14.998644,141,03:30
Saturday,5,210,right,13.168553,10.998242,2.996972,5.999084,15.999678,21.997241,141,03:30
Saturday,5,225,left,6.850396,4.999010,0.000000,1.999672,9.998324,13.997769,141,03:45
Saturday,5,225,right,12.842182,10.999687,2.999529,6.999885,15.998540,20.996380,141,03:45
Saturday,5,240,left,8.190706,3.999925,0.000000,0.999989,7.999938,13.998785,141,04:00
Saturday,5,240,right,14.367092,11.998253,4.999131,6.999073,16.997005,20.999729,141,04:00
Saturday,5,255,left,9.814368,4.999135,0.000000,2.999032,7.999944,12.999454,141,04:15
Saturday,5,255,right,17.019179,12.997899,2.999486,7.998605,19.996562,25.998252,141,04:15
Saturday,5,270,left,9.720637,4.999146,0.899808,1.999651,8.998417,13.998505,140,04:30
Saturday,5,270,right,20.897574,17.498296,7.898642,12.997785,23.996924,32.993972,140,04:30
Saturday,5,285,left,13.068893,6.998805,0.999854,2.999631,9.998410,17.996902,141,04:45
Saturday,5,285,right,23.131613,18.999263,8.998937,12.997739,26.995706,36.993480,141,04:45
Saturday,5,300,left,11.722224,5.999709,0.999846,2.999923,10.998013,17.996802,141,05:00
Saturday,5,300,right,23.132364,19.999258,7.998736,12.999485,27.994633,37.999640,141,05:00
Saturday,5,315,left,10.814245,6.999726,0.999857,3.999327,11.999764,17.997907,141,05:15
Saturday,5,315,right,26.734316,24.998809,7.998667,17.998284,34.997435,42.992271,141,05:15
Saturday,5,330,left,16.806791,5.999279,0.999873,2.999471,10.000021,18.997166,141,05:30
Saturday,5,330,right,37.882312,30.994617,14.998428,22.990461,39.996082,51.998991,141,05:30
Saturday,5,345,left,10.516736,6.999809,0.999992,3.999340,10.998294,15.997975,141,05:45
Saturday,5,345,right,35.365054,33.998502,12.998063,23.996278,43.994619,54.997422,141,05:45
Saturday,5,360,left,11.360227,5.998981,0.999851,2.999514,10.998133,16.998259,141,06:00
Saturday,5,360,right,34.882234,31.998811,12.997300,21.999027,40.997546,58.989986,141,06:00
Saturday,5,375,left,10.360665,7.998748,0.999922,3.997118,14.000090,19.996603,141,06:15
Saturday,5,375,right,39.236722,38.993645,19.998292,28.998874,47.999690,57.998458,141,06:15
Saturday,5,390,left,13.707456,10.997177,2.000160,4.999277,18.997983,24.999382,141,06:30
Saturday,5,390,right,49.276321,49.996237,20.998284,35.996178,64.989191,72.987570,141,06:30
Saturday,5,405,left,14.409731,11.998274,0.999825,4.999158,20.998168,28.996491,141,06:45
Saturday,5,405,right,53.929232,54.990265,24.011475,44.996122,65.991866,81.990078,141,06:45
Saturday,5,420,left,19.316456,15.997355,2.999256,7.998698,25.997033,38.999141,141,07:00
Saturday,5,420,right,52.326030,53.990850,24.995237,43.992866,63.996040,74.994387,141,07:00
Saturday,5,435,left,24.379933,21.999062,2.999453,10.998632,32.998103,47.991632,141,07:15
Saturday,5,435,right,57.687935,57.995651,35.991454,47.979339,68.986381,80.987668,141,07:15
Saturday,5,450,left,23.202941,18.999890,3.999990,8.999884,33.997303,47.994167,141,07:30
Saturday,5,450,right,63.822469,61.995675,33.993994,50.991409,74.987097,90.991068,141,07:30
Saturday,5,465,left,28.762504,27.995188,4.999152,15.999698,39.997092,49.995975,141,07:45
Saturday,5,465,right,65.453159,64.988909,41.995211,54.990922,73.986813,88.984724,141,07:45
Saturday,5,480,left,27.251654,25.998278,3.000805,13.999829,37.995301,53.985276,141,08:00
Saturday,5,480,right,66.381975,66.988694,42.992766,54.989629,77.986885,96.995134,141,08:00
Saturday,5,495,left,35.201452,32.994254,12.997798,20.997299,45.999609,60.989049,141,08:15
Saturday,5,495,right,71.233256,67.999422,48.002009,58.989599,82.992514,93.994589,141,08:15
Saturday,5,510,left,35.839342,35.994794,13.008257,22.748120,46.997145,58.989917,140,08:30
Saturday,5,510,right,82.506682,81.499174,55.995315,67.012806,96.234379,108.983988,140,08:30
Saturday,5,525,left,39.858351,36.994779,16.998908,24.998905,54.990741,66.988085,141,08:45
Saturday,5,525,right,89.528422,85.995038,56.967924,70.998045,103.996133,113.997942,141,08:45
Saturday,5,540,left,37.103710,34.497859,13.897842,22.000814,50.243892,64.993519,140,09:00
Saturday,5,540,right,87.692576,83.965717,56.995140,69.995119,97.986322,120.197633,140,09:00
Saturday,5,555,left,38.016955,36.999398,16.998103,27.994969,47.991776,62.989663,141,09:15
Saturday,5,555,right,91.912003,89.988717,62.997775,74.993485,100.986250,121.979420,141,09:15
Saturday,5,570,left,39.597222,39.996038,15.998638,23.998049,50.996453,63.994692,141,09:30
Saturday,5,570,right,96.489737,96.986658,63.998788,82.993834,107.990462,120.982730,141,09:30
Saturday,5,585,left,42.492804,40.965743,17.998444,25.997850,57.997482,73.988123,141,09:45
Saturday,5,585,right,97.558952,101.917963,60.995822,82.998899,119.992163,129.991811,141,09:45
Saturday,5,600,left,40.866656,38.498295,15.001458,23.997030,52.995384,70.996971,138,10:00
Saturday,5,600,right,95.637785,95.993849,54.392892,78.246188,111.739639,131.982696,138,10:00
Saturday,5,615,left,42.294541,38.999237,14.999845,26.998579,51.998126,75.993398,141,10:15
Saturday,5,615,right,103.218368,101.986346,71.988112,84.997738,115.992058,132.999958,141,10:15
Saturday,5,630,left,42.790433,40.997967,17.997186,27.999392,53.998802,68.998703,141,10:30
Saturday,5,630,right,110.456691,107.993787,65.995862,91.000096,128.987337,149.975928,141,10:30
Saturday,5,645,left,44.151437,44.995997,16.997152,26.998862,57.949577,70.995724,141,10:45
Saturday,5,645,right,102.768238,105.982292,60.993663,83.997322,122.991366,145.989642,141,10:45
Saturday,5,660,left,43.670500,42.995025,16.996938,30.994757,55.997223,68.994825,141,11:00
Saturday,5,660,right,102.474051,102.989945,66.988304,80.993233,120.992514,140.991896,141,11:00
Saturday,5,675,left,44.691892,41.999767,18.996813,30.997929,54.995159,73.993315,141,11:15
Saturday,5,675,right,105.155432,104.992479,71.987922,86.997744,121.999797,136.978357,141,11:15
Saturday,5,690,left,44.924798,42.996355,15.997338,29.998120,59.024061,72.995019,141,11:30
Saturday,5,690,right,102.973095,101.987503,64.995725,87.985274,120.980919,132.997025,141,11:30
Saturday,5,705,left,45.500176,41.996635,18.996612,31.001853,58.991008,72.994747,141,11:45
Saturday,5,705,right,103.374445,99.997137,64.994344,84.993133,119.004394,141.988442,141,11:45
Saturday,5,720,left,44.677621,43.996756,17.998528,30.997509,57.995920,72.995872,141,12:00
Saturday,5,720,right,100.827466,99.997625,63.994893,82.992385,117.980614,136.990116,141,12:00
Saturday,5,735,left,46.009774,46.991821,18.997929,28.998847,60.994099,74.990354,141,12:15
Saturday,5,735,right,108.577946,103.991669,67.998072,84.998116,129.988996,149.985549,141,12:15
Saturday,5,750,left,47.458383,46.004370,16.999272,29.994291,65.989327,75.995343,141,12:30
Saturday,5,750,right,103.830663,102.042967,63.959356,87.993629,119.994860,138.976501,141,12:30
Saturday,5,765,left,49.520862,48.996160,21.999071,31.995769,64.989267,75.994824,141,12:45
Saturday,5,765,right,108.813704,106.993283,71.998335,86.999503,124.967511,151.996952,141,12:45
Saturday,5,780,left,48.449710,44.992747,22.996024,31.996118,60.996512,79.992991,141,13:00
Saturday,5,780,right,99.926777,99.993152,58.995860,76.992377,115.994672,136.996335,141,13:00
Saturday,5,795,left,48.442787,47.995872,21.994911,30.898731,64.997803,76.997622,141,13:15
Saturday,5,795,right,98.161518,97.989066,52.995710,73.993219,117.992879,138.974927,141,13:15
Saturday,5,810,left,50.739694,49.991042,21.996516,33.994157,65.997070,79.992341,141,13:30
Saturday,5,810,right,100.309305,94.982633,58.994585,75.996290,120.979137,136.986837,141,13:30
Saturday,5,825,left,46.802433,46.501268,18.998322,26.731763,61.241062,76.987635,140,13:45
Saturday,5,825,right,95.675589,93.489932,52.996290,71.992996,111.243129,139.979689,140,13:45
Saturday,5,840,left,49.443955,47.494943,19.996628,29.246054,66.990500,81.292557,138,14:00
Saturday,5,840,right,96.503528,95.492366,56.096636,75.990364,114.991016,134.879792,138,14:00
Saturday,5,855,left,50.400170,50.988866,15.999504,29.995480,66.987664,82.989438,141,14:15
Saturday,5,855,right,95.467172,91.992506,65.988466,75.997195,110.999186,133.989185,141,14:15
Saturday,5,870,left,50.505952,50.992864,18.997470,32.998665,66.994291,74.993498,141,14:30
Saturday,5,870,right,94.792015,94.983161,57.994939,71.997410,109.991930,130.968345,141,14:30
Saturday,5,885,left,48.796383,48.995065,19.996444,31.995968,65.994323,75.995120,141,14:45
Saturday,5,885,right,95.224269,92.994885,59.996206,76.923752,110.981070,125.986757,141,14:45
Saturday,5,900,left,47.293763,44.996592,17.998093,29.995134,63.989506,77.996516,141,15:00
Saturday,5,900,right,97.182596,90.983218,60.996219,75.993790,114.990738,133.977320,141,15:00
Saturday,5,915,left,46.456547,42.999040,15.997416,30.994507,61.998407,74.990980,141,15:15
Saturday,5,915,right,96.188518,90.985251,62.998381,75.987094,109.989656,136.015725,141,15:15
Saturday,5,930,left,45.789013,40.999268,18.996609,29.999386,59.989908,76.002075,141,15:30
Saturday,5,930,right,95.136736,93.998878,56.001529,73.987553,107.980783,131.997300,141,15:30
Saturday,5,945,left,46.101677,45.996797,19.996384,28.997511,58.994165,71.989828,141,15:45
Saturday,5,945,right,94.755984,91.984133,56.989895,75.987790,111.980275,128.978996,141,15:45
Saturday,5,960,left,45.675391,44.992034,16.997025,29.995147,60.994358,71.999459,141,16:00
Saturday,5,960,right,96.364465,92.986588,63.994335,78.969209,109.991600,130.987100,141,16:00
Saturday,5,975,left,46.690105,47.991724,19.996669,30.994721,61.991935,70.996352,141,16:15
Saturday,5,975,right,92.813965,91.982577,56.946038,73.996936,110.998615,127.984554,141,16:15
Saturday,5,990,left,46.782881,46.991669,19.996502,32.994158,60.996314,71.996894,141,16:30
Saturday,5,990,right,90.303286,88.962104,56.989469,74.988124,104.981739,123.990816,141,16:30
Saturday,5,1005,left,48.861402,49.991121,20.997616,33.993875,61.998789,77.000005,141,16:45
Saturday,5,1005,right,93.154713,95.985711,50.996844,75.994452,109.999664,124.991582,141,16:45
Saturday,5,1020,left,44.235529,41.992542,16.998736,26.998014,59.998839,70.988433,141,17:00
Saturday,5,1020,right,88.910853,91.991650,50.994000,67.989368,108.984070,123.982169,141,17:00
Saturday,5,1035,left,40.094980,35.993647,11.998665,19.999890,56.996490,74.995912,141,17:15
Saturday,5,1035,right,81.580182,83.998762,40.999686,55.990482,107.990252,119.993076,141,17:15
Saturday,5,1050,left,38.457686,32.994412,12.998165,19.002542,53.995178,73.995998,141,17:30
Saturday,5,1050,right,79.468175,77.987631,39.996204,58.990780,99.986342,121.979324,141,17:30
Saturday,5,1065,left,38.520805,30.997419,11.998022,16.998624,57.991087,78.994089,141,17:45
Saturday,5,1065,right,81.835956,80.999187,43.999219,57.990181,101.995844,122.995496,141,17:45
Saturday,5,1080,left,38.639691,32.994179,8.999241,15.997286,59.991961,72.998264,141,18:00
Saturday,5,1080,right,77.385538,70.992922,38.999436,52.999526,103.991492,125.979278,141,18:00
Saturday,5,1095,left,37.967115,29.997579,10.998710,15.998427,53.996055,82.949948,141,18:15
Saturday,5,1095,right,73.694349,69.999489,36.999518,55.990618,92.984575,119.985296,141,18:15
Saturday,5,1110,left,36.139134,24.999422,8.999981,14.998801,55.997157,79.999316,141,18:30
Saturday,5,1110,right,68.611468,63.998139,35.998822,47.991736,89.988400,110.980776,141,18:30
Saturday,5,1125,left,32.500174,21.996475,7.999751,11.999412,45.996334,73.992036,141,18:45
Saturday,5,1125,right,68.148840,63.984123,30.994585,51.991070,86.997035,110.986068,141,18:45
Saturday,5,1140,left,29.663504,20.998191,7.998794,12.998696,42.999910,64.988798,141,19:00
Saturday,5,1140,right,70.694883,66.994229,37.006511,50.995303,87.987330,109.985838,141,19:00
Saturday,5,1155,left,25.884106,16.997499,5.999727,10.999312,36.995369,58.997312,141,19:15
Saturday,5,1155,right,70.539670,63.998473,31.993256,51.991333,83.992452,121.978964,141,19:15
Saturday,5,1170,left,23.690093,16.989088,4.999722,9.999704,35.996228,48.097975,140,19:30
Saturday,5,1170,right,64.192515,61.997619,32.895764,47.996446,79.221213,98.194887,140,19:30
Saturday,5,1185,left,20.990656,14.999035,4.999881,10.998063,24.995765,51.995695,141,19:45
Saturday,5,1185,right,59.866678,61.995868,32.997095,45.992486,74.998896,82.986301,141,19:45
Saturday,5,1200,left,14.899246,11.999168,4.999634,8.998766,17.996938,23.996199,141,20:00
Saturday,5,1200,right,53.661778,55.999754,24.996110,36.994289,67.994846,79.993170,141,20:00
Saturday,5,1215,left,16.855399,12.997784,5.899024,7.999376,19.997754,28.098175,140,20:15
Saturday,5,1215,right,54.915714,53.993989,20.999582,35.996323,66.239448,88.093791,140,20:15
Saturday,5,1230,left,14.360577,11.999682,4.999116,7.999185,16.997079,26.995323,141,20:30
Saturday,5,1230,right,48.890248,46.992403,24.995704,36.990856,62.000844,77.987660,141,20:30
Saturday,5,1245,left,17.119221,10.999138,3.999685,6.998987,15.998555,24.998010,141,20:45
Saturday,5,1245,right,46.620153,44.998864,21.999356,31.999557,55.998441,71.988803,141,20:45
Saturday,5,1260,left,11.686702,10.998463,3.999307,7.998580,14.999110,19.998725,141,21:00
Saturday,5,1260,right,41.576962,41.995506,17.999025,32.995298,52.996618,63.994944,141,21:00
Saturday,5,1275,left,16.792961,10.998371,4.999166,6.999372,13.999633,21.996277,141,21:15
Saturday,5,1275,right,46.400575,41.997935,21.999530,29.998838,55.995349,66.994502,141,21:15
Saturday,5,1290,left,14.466525,9.999491,4.999002,6.999555,13.998944,18.999063,141,21:30
Saturday,5,1290,right,45.031543,43.999009,21.998065,29.998932,56.996357,65.994314,141,21:30
Saturday,5,1305,left,13.119377,10.000083,4.999594,6.999487,13.998481,17.990760,141,21:45
Saturday,5,1305,right,42.839495,41.998323,20.997949,28.997690,53.997591,67.994413,141,21:45
Saturday,5,1320,left,18.700572,10.998755,4.999549,6.999818,14.999926,27.999480,141,22:00
Saturday,5,1320,right,40.521880,35.997278,17.999091,27.995803,49.996434,57.997106,141,22:00
Saturday,5,1335,left,19.452375,11.002535,4.997806,7.999397,16.998635,26.999643,141,22:15
Saturday,5,1335,right,42.975444,38.999757,19.998703,28.997541,50.991486,64.996301,141,22:15
Saturday,5,1350,left,18.500547,9.999244,3.999725,5.999759,14.998552,25.995416,140,22:30
Saturday,5,1350,right,42.284858,38.994597,17.898797,27.998674,46.996606,59.094565,140,22:30
Saturday,5,1365,left,16.495271,9.999352,4.000028,6.998685,14.999398,22.999575,141,22:45
Saturday,5,1365,right,38.380034,33.994154,17.999031,24.998674,43.998058,61.996681,141,22:45
Saturday,5,1380,left,14.381854,8.999622,3.999727,5.999903,13.998831,18.999960,141,23:00
Saturday,5,1380,right,31.635926,29.998708,13.999130,19.997726,36.996643,43.998676,141,23:00
Saturday,5,1395,left,15.374258,9.999410,2.999958,5.999943,14.998580,21.999843,141,23:15
Saturday,5,1395,right,31.713018,28.997833,13.999092,20.003385,36.999106,45.998584,141,23:15
Saturday,5,1410,left,12.913881,8.999029,1.999973,4.999730,12.999861,17.999704,141,23:30
Saturday,5,1410,right,26.551073,23.995769,10.999163,16.998744,32.997649,44.992280,141,23:30
Saturday,5,1425,left,12.530671,8.998510,2.999772,5.999487,12.997810,16.998954,141,23:45
Saturday,5,1425,right,24.742502,20.998022,8.999577,14.999860,27.995385,40.998109,141,23:45
Sunday,6,0,left,12.211381,7.999325,2.000521,4.996238,11.999376,16.998872,141,00:00
Sunday,6,0,right,22.933892,18.998739,5.999526,11.998999,28.998752,41.992945,141,00:00
Sunday,6,15,left,16.248049,7.998618,1.999772,3.999771,11.998988,24.995721,140,00:15
Sunday,6,15,right,23.575978,17.997341,5.899075,13.996914,25.997113,37.198222,140,00:15
Sunday,6,30,left,12.331900,5.999848,1.999825,3.999613,9.999082,14.999317,141,00:30
Sunday,6,30,right,18.636238,14.998971,4.999240,10.999171,20.998784,25.997614,141,00:30
Sunday,6,45,left,9.318306,5.998995,0.999835,2.999513,10.998240,17.999379,141,00:45
Sunday,6,45,right,15.473638,12.989697,2.999524,7.998660,18.999800,25.996285,141,00:45
Sunday,6,60,left,13.019695,5.999783,0.999927,2.999740,9.999547,16.697634,144,01:00
Sunday,6,60,right,17.679200,11.998435,4.299700,7.998862,16.998831,27.696363,144,01:00
Sunday,6,75,left,13.123785,4.999155,0.999934,1.999829,7.999127,17.698134,144,01:15
Sunday,6,75,right,17.602517,11.997976,4.999238,7.997962,17.997536,26.696160,144,01:15
Sunday,6,90,left,16.741145,4.999785,1.999664,2.999884,9.998903,36.796240,144,01:30
Sunday,6,90,right,18.178535,9.999619,2.299895,6.998806,15.998803,30.497204,144,01:30
Sunday,6,105,left,13.838692,4.999532,0.999846,2.749659,8.998807,25.098115,144,01:45
Sunday,6,105,right,16.359309,9.999254,3.999340,5.999986,14.998441,24.998371,144,01:45
Sunday,6,120,left,7.432835,3.999365,0.999828,1.999746,7.998663,11.498077,136,02:00
Sunday,6,120,right,11.822086,8.999898,1.999701,5.999244,12.999227,20.997477,136,02:00
Sunday,6,135,left,8.991700,3.999361,0.999830,1.999724,7.748925,11.998936,138,02:15
Sunday,6,135,right,12.614249,8.999653,2.999520,5.999016,13.997441,16.999458,138,02:15
Sunday,6,150,left,8.035540,4.999349,0.999832,1.999828,7.999804,11.998148,138,02:30
Sunday,6,150,right,11.622032,7.999665,2.999689,4.999566,12.997676,17.299282,138,02:30
Sunday,6,165,left,5.535470,3.999284,0.999826,1.999682,5.999565,9.998716,138,02:45
Sunday,6,165,right,9.505885,8.494732,2.699630,4.999190,11.998718,15.997171,138,02:45
Sunday,6,180,left,5.765248,2.999969,0.000000,0.999964,5.999723,10.998123,141,03:00
Sunday,6,180,right,9.885278,7.998696,1.999648,3.999975,11.997918,15.997308,141,03:00
Sunday,6,195,left,5.304425,2.999517,0.000000,0.999832,6.997032,10.998075,141,03:15
Sunday,6,195,right,10.296671,7.998818,2.999394,5.998911,10.999851,15.998936,141,03:15
Sunday,6,210,left,9.459509,1.999975,0.000000,0.999839,5.998996,10.998627,141,03:30
Sunday,6,210,right,12.934348,7.999473,1.999673,5.998933,12.997884,20.996339,141,03:30
Sunday,6,225,left,4.651808,1.999887,0.000000,0.999822,3.999900,6.999871,141,03:45
Sunday,6,225,right,10.580173,9.998272,3.999327,5.998963,12.997697,15.999003,141,03:45
Sunday,6,240,left,4.368196,2.000411,0.000000,0.999840,4.999213,7.999478,141,04:00
Sunday,6,240,right,10.097962,8.998479,1.999657,4.999213,12.999335,16.997598,141,04:00
Sunday,6,255,left,4.864464,1.999706,0.000000,0.999830,4.999828,8.998389,141,04:15
Sunday,6,255,right,11.941568,9.999956,3.000110,5.999841,14.997505,19.999653,141,04:15
Sunday,6,270,left,6.615944,2.999480,0.000000,0.999826,5.999616,10.998165,141,04:30
Sunday,6,270,right,14.735540,10.998132,4.999167,6.999911,15.997663,21.999076,141,04:30
Sunday,6,285,left,6.970606,2.999217,0.000000,0.999893,4.999165,9.998275,141,04:45
Sunday,6,285,right,16.217551,12.999705,4.999677,8.998762,17.997010,27.002789,141,04:45
Sunday,6,300,left,9.913077,2.999811,0.000000,0.999965,6.249383,10.998034,140,05:00
Sunday,6,300,right,16.190972,11.998045,4.999150,7.748875,17.998098,26.995509,140,05:00
Sunday,6,315,left,9.764677,3.997418,0.000000,0.999885,6.999077,13.997780,141,05:15
Sunday,6,315,right,20.550428,14.999768,6.999241,11.998007,20.999086,28.994900,141,05:15
Sunday,6,330,left,13.537399,3.999299,0.000000,1.999654,7.998557,11.999636,141,05:30
Sunday,6,330,right,24.734622,18.997562,7.999347,12.997892,26.995549,34.994148,141,05:30
Sunday,6,345,left,7.786175,3.999316,0.000000,0.999977,7.998568,11.999534,141,05:45
Sunday,6,345,right,24.330447,21.996379,9.999603,15.992282,30.994914,42.994512,141,05:45
Sunday,6,360,left,9.183317,4.999127,0.999828,1.999713,7.997112,13.997642,141,06:00
Sunday,6,360,right,23.784118,20.997084,6.999118,12.997764,28.998519,42.998042,141,06:00
Sunday,6,375,left,8.772051,5.999010,0.999906,2.999483,9.998140,13.997535,141,06:15
Sunday,6,375,right,31.045823,27.995481,13.993009,18.996947,41.998325,50.994019,141,06:15
Sunday,6,390,left,9.544911,7.998651,1.999645,3.999309,12.991893,18.999698,141,06:30
Sunday,6,390,right,39.257550,39.013374,13.997573,23.995740,52.999158,64.993495,141,06:30
Sunday,6,405,left,11.175903,7.998645,0.999985,3.999311,14.998081,25.995407,141,06:45
Sunday,6,405,right,44.136481,46.991919,17.996965,31.994401,57.990046,65.988863,141,06:45
Sunday,6,420,left,13.622511,10.999381,1.999667,4.999150,18.996811,28.994511,141,07:00
Sunday,6,420,right,41.335707,42.993338,20.996470,34.995355,49.996443,55.999047,141,07:00
Sunday,6,435,left,16.579683,14.998942,2.999490,6.998849,23.998933,32.994666,141,07:15
Sunday,6,435,right,43.994703,44.992258,27.995247,35.993912,50.997020,58.990260,141,07:15
Sunday,6,450,left,18.366307,14.998567,2.999629,7.998548,26.995204,34.999557,141,07:30
Sunday,6,450,right,46.064763,47.994465,24.995789,37.999636,53.992420,63.996612,141,07:30
Sunday,6,465,left,21.344764,19.999098,2.999928,8.000217,32.994459,41.992854,141,07:45
Sunday,6,465,right,49.022206,49.998845,36.997936,42.997772,55.990767,64.995047,141,07:45
Sunday,6,480,left,21.862449,19.998645,4.999604,10.998613,28.995270,41.995375,141,08:00
Sunday,6,480,right,48.412460,47.993770,33.994512,40.997565,56.990361,65.998963,141,08:00
Sunday,6,495,left,27.968278,28.998298,7.999805,14.998806,38.998107,44.993347,141,08:15
Sunday,6,495,right,55.362657,56.990697,37.999836,46.998215,63.996952,71.987481,141,08:15
Sunday,6,510,left,30.195193,28.995164,6.999841,15.000001,42.992618,55.990723,141,08:30
Sunday,6,510,right,63.042952,62.989875,45.995735,54.995636,69.999305,81.985991,141,08:30
Sunday,6,525,left,30.403622,29.497083,8.898436,18.998395,42.996376,52.099328,140,08:45
Sunday,6,525,right,69.371873,67.492065,46.998010,56.990069,79.244194,92.986412,140,08:45
Sunday,6,540,left,28.975788,28.993421,7.999407,15.999431,39.993025,49.989830,141,09:00
Sunday,6,540,right,67.171241,67.988521,44.996319,55.995415,78.995496,88.995497,141,09:00
Sunday,6,555,left,33.039044,32.998324,10.999484,20.998812,44.996107,54.996666,141,09:15
Sunday,6,555,right,72.715459,72.987202,49.999045,58.995396,84.985824,95.988680,141,09:15
Sunday,6,570,left,35.458380,34.997060,8.999770,21.998062,48.000519,59.997592,141,09:30
Sunday,6,570,right,84.326503,83.987374,61.995996,69.997887,97.999994,110.979735,141,09:30
Sunday,6,585,left,38.620540,38.996707,11.996846,21.998442,52.995008,65.988733,141,09:45
Sunday,6,585,right,95.793137,91.997565,62.995539,77.993186,106.991065,127.979087,141,09:45
Sunday,6,600,left,36.188209,36.998158,9.998490,21.998891,50.991288,59.998064,141,10:00
Sunday,6,600,right,88.417905,86.985150,62.998141,73.983843,102.982747,117.998620,141,10:00
Sunday,6,615,left,37.904974,37.994428,14.000374,24.998663,51.995717,61.998660,141,10:15
Sunday,6,615,right,92.488897,87.993311,61.998508,77.987590,103.995232,117.998232,141,10:15
Sunday,6,630,left,40.208955,38.998637,12.997754,22.999395,54.998616,69.998422,141,10:30
Sunday,6,630,right,100.146733,94.992023,69.993292,83.985640,110.981659,136.992208,141,10:30
Sunday,6,645,left,41.655650,42.999438,11.999245,27.998198,54.995616,70.987736,141,10:45
Sunday,6,645,right,107.245075,102.997731,74.999089,88.989235,119.991180,142.999734,141,10:45
Sunday,6,660,left,41.089762,40.999503,13.998854,29.487923,55.003303,66.995680,140,11:00
Sunday,6,660,right,102.798604,102.993302,68.399939,85.994349,118.988197,138.095960,140,11:00
Sunday,6,675,left,40.931871,42.992546,16.997167,27.995506,51.990530,66.998643,141,11:15
Sunday,6,675,right,101.173594,97.993784,67.989040,81.995751,116.981546,135.977458,141,11:15
Sunday,6,690,left,40.350813,40.992735,14.998706,27.995057,52.996076,65.998656,141,11:30
Sunday,6,690,right,98.039244,98.990060,50.991036,75.994676,119.990065,132.989425,141,11:30
Sunday,6,705,left,39.795455,39.996124,15.999547,26.999758,52.996328,61.997568,141,11:45
Sunday,6,705,right,98.760505,97.995974,55.995018,77.996263,111.966517,137.994285,141,11:45
Sunday,6,720,left,40.861645,40.995587,14.997530,28.997624,51.995204,61.989879,141,12:00
Sunday,6,720,right,95.721812,94.983574,51.995402,74.023052,112.985901,128.983342,141,12:00
Sunday,6,735,left,40.712453,40.995972,11.997871,24.999225,54.997643,66.994741,141,12:15
Sunday,6,735,right,94.140371,90.984049,55.991680,73.996409,114.979630,132.979969,141,12:15
Sunday,6,750,left,42.045720,40.999362,15.003239,23.997981,57.990324,72.992822,141,12:30
Sunday,6,750,right,92.473069,88.998861,51.995449,69.994351,110.979519,136.994324,141,12:30
Sunday,6,765,left,41.746126,43.494866,14.897576,23.999456,54.994437,70.988747,140,12:45
Sunday,6,765,right,91.676346,91.984923,45.997051,71.987891,108.990672,130.983531,140,12:45
Sunday,6,780,left,43.569244,42.996994,18.000417,27.995132,56.996891,70.996335,141,13:00
Sunday,6,780,right,91.627619,92.998693,55.991887,70.993458,106.996217,129.980141,141,13:00
Sunday,6,795,left,42.345508,39.998540,15.897228,24.997706,57.994414,70.989873,140,13:15
Sunday,6,795,right,91.375902,88.993587,51.795543,67.742345,109.982794,133.176834,140,13:15
Sunday,6,810,left,43.223504,43.992805,10.998807,25.998224,57.989585,73.986210,141,13:30
Sunday,6,810,right,90.665891,87.992477,53.990878,71.994596,104.991723,125.950271,141,13:30
Sunday,6,825,left,42.223850,41.995954,16.998125,26.998466,55.990790,70.991793,140,13:45
Sunday,6,825,right,88.911221,84.995910,53.595982,67.988610,103.243749,122.086087,140,13:45
Sunday,6,840,left,42.917860,39.994203,14.997304,26.995436,58.991128,73.998244,141,14:00
Sunday,6,840,right,83.636073,82.985449,44.996747,64.991434,98.982207,119.979717,141,14:00
Sunday,6,855,left,43.698322,41.998464,14.999989,27.995084,58.995842,72.987929,141,14:15
Sunday,6,855,right,83.339757,85.992342,44.998993,67.993926,97.989995,111.999667,141,14:15
Sunday,6,870,left,42.335448,42.996208,13.998753,26.998854,53.995134,71.988002,141,14:30
Sunday,6,870,right,80.621243,78.992200,39.997857,60.989831,97.982553,117.996647,141,14:30
Sunday,6,885,left,43.222302,40.997502,17.999222,27.998350,55.998688,73.987590,141,14:45
Sunday,6,885,right,85.898376,84.995174,39.994496,68.940747,103.981091,122.960861,141,14:45
Sunday,6,900,left,42.201676,40.999443,13.999250,27.993259,55.994617,72.992547,141,15:00
Sunday,6,900,right,84.601692,83.992274,43.996197,65.989465,105.981729,127.984774,141,15:00
Sunday,6,915,left,41.316236,37.998251,14.998911,26.995762,54.994625,71.099154,141,15:15
Sunday,6,915,right,76.320387,75.994403,33.996037,57.079602,94.985037,117.988469,141,15:15
Sunday,6,930,left,41.571047,40.993099,17.997058,24.997349,56.046611,70.991813,141,15:30
Sunday,6,930,right,75.944317,75.986707,38.999605,57.997901,97.991846,113.994178,141,15:30
Sunday,6,945,left,43.189500,39.495974,14.999691,27.998507,58.245003,76.594227,140,15:45
Sunday,6,945,right,81.593892,78.990095,43.996403,62.991375,102.240474,120.980507,140,15:45
Sunday,6,960,left,42.267481,41.497901,16.798022,28.997608,53.245089,68.388333,140,16:00
Sunday,6,960,right,81.670955,79.995968,40.795346,61.995921,98.983777,120.090860,140,16:00
Sunday,6,975,left,42.145199,41.992641,17.996919,26.999495,51.991657,68.994112,141,16:15
Sunday,6,975,right,74.815568,74.998146,34.993580,55.997892,90.975579,116.981026,141,16:15
Sunday,6,990,left,41.569499,41.993636,16.999406,29.999122,51.995372,67.995017,141,16:30
Sunday,6,990,right,75.245609,73.994321,40.996946,59.995861,94.950935,109.993315,141,16:30
Sunday,6,1005,left,41.796786,40.997038,15.997641,26.997893,54.990260,66.989312,141,16:45
Sunday,6,1005,right,75.679665,74.999774,46.991599,59.989919,93.992750,106.999165,141,16:45
Sunday,6,1020,left,39.818651,38.996686,15.998964,23.995946,52.995834,64.999400,141,17:00
Sunday,6,1020,right,78.892852,78.998735,41.997277,57.990661,96.997767,115.980117,141,17:00
Sunday,6,1035,left,36.662870,34.996454,10.998155,16.998752,51.994269,71.993346,141,17:15
Sunday,6,1035,right,68.340351,70.995859,29.999180,48.996403,85.995610,102.982426,141,17:15
Sunday,6,1050,left,34.216770,28.995359,7.998629,13.999357,52.991575,69.989801,141,17:30
Sunday,6,1050,right,67.795342,69.991089,34.998666,50.996954,87.985105,99.997280,141,17:30
Sunday,6,1065,left,34.351053,23.995889,6.999348,12.998645,55.995224,73.010753,141,17:45
Sunday,6,1065,right,66.262719,65.989574,33.000127,49.997235,82.986233,98.983887,141,17:45
Sunday,6,1080,left,32.911946,28.998095,5.999540,12.997745,50.999527,70.988282,141,18:00
Sunday,6,1080,right,66.902071,65.994772,32.997263,46.000548,81.997510,103.999300,141,18:00
Sunday,6,1095,left,33.407862,27.997282,4.999195,12.998879,52.990652,70.996352,141,18:15
Sunday,6,1095,right,62.624801,63.989288,26.998207,49.995824,75.989530,96.990584,141,18:15
Sunday,6,1110,left,33.429129,26.995393,4.999883,11.998781,48.999366,72.994788,141,18:30
Sunday,6,1110,right,65.369038,65.988959,21.994489,47.992017,85.003470,98.987881,141,18:30
Sunday,6,1125,left,28.174070,19.999366,3.999945,10.998319,42.998191,66.957296,141,18:45
Sunday,6,1125,right,62.218924,63.036973,26.999437,45.995657,81.997458,93.995972,141,18:45
Sunday,6,1140,left,26.011520,20.999052,4.999179,9.999623,37.997150,58.996194,141,19:00
Sunday,6,1140,right,58.433872,59.998837,18.999348,45.996550,72.005212,87.992738,141,19:00
Sunday,6,1155,left,22.430343,15.998564,4.999215,7.999396,32.999233,49.991681,141,19:15
Sunday,6,1155,right,53.675342,53.995830,20.998243,38.996605,68.998474,86.985269,141,19:15
Sunday,6,1170,left,21.317112,14.998671,3.999400,7.999955,28.997895,47.996420,141,19:30
Sunday,6,1170,right,54.760164,57.990546,21.997075,39.997291,71.994213,81.984877,141,19:30
Sunday,6,1185,left,19.182263,13.998104,3.999860,7.999290,22.999154,47.991795,141,19:45
Sunday,6,1185,right,51.916566,55.996575,19.998369,37.994449,66.996907,76.986864,141,19:45
Sunday,6,1200,left,19.870136,11.999390,3.999340,6.999484,19.996425,47.996435,141,20:00
Sunday,6,1200,right,53.277592,51.991268,20.998424,37.993106,68.988240,84.996215,141,20:00
Sunday,6,1215,left,18.374101,10.999367,3.999303,6.999681,18.996871,29.999106,141,20:15
Sunday,6,1215,right,52.385072,47.995878,24.999079,36.999099,62.996770,83.998204,141,20:15
Sunday,6,1230,left,11.665493,9.998218,2.999925,4.999775,15.997296,22.999741,141,20:30
Sunday,6,1230,right,42.967424,43.017341,13.999135,29.998589,57.990462,69.000547,141,20:30
Sunday,6,1245,left,18.776765,8.999397,1.000054,4.999597,15.997242,25.997897,141,20:45
Sunday,6,1245,right,44.462339,41.997560,11.997917,24.997801,56.990980,76.995763,141,20:45
Sunday,6,1260,left,13.558957,8.999481,1.999811,5.999231,14.998699,19.998668,141,21:00
Sunday,6,1260,right,37.620675,35.993736,9.999433,22.996193,47.998896,63.993239,141,21:00
Sunday,6,1275,left,17.657941,8.998516,2.999745,4.999723,12.999040,21.998541,141,21:15
Sunday,6,1275,right,43.981701,36.997268,11.999757,24.998002,51.995403,71.999685,141,21:15
Sunday,6,1290,left,13.891861,8.999323,2.999790,5.999551,14.997773,19.999116,141,21:30
Sunday,6,1290,right,39.102000,35.997318,16.997269,26.998086,51.996250,60.994530,141,21:30
Sunday,6,1305,left,12.601631,7.999327,2.996898,3.999958,11.999091,19.999102,141,21:45
Sunday,6,1305,right,36.152886,33.996821,11.999856,24.997647,45.996877,54.990466,141,21:45
Sunday,6,1320,left,16.119271,8.001886,2.999664,4.999549,13.992207,24.995684,141,22:00
Sunday,6,1320,right,34.316410,30.994731,8.999644,22.995573,40.996913,51.994862,141,22:00
Sunday,6,1335,left,19.005138,9.001883,2.999855,5.999512,14.999621,22.998707,141,22:15
Sunday,6,1335,right,36.641874,30.998174,11.999419,20.999171,39.996980,55.992281,141,22:15
Sunday,6,1350,left,11.637439,6.999722,2.999735,3.999885,11.998939,17.997836,141,22:30
Sunday,6,1350,right,27.629316,26.997385,11.002068,18.997043,31.998383,39.996405,141,22:30
Sunday,6,1365,left,12.878271,7.999297,2.999718,4.999525,12.999652,19.998673,141,22:45
Sunday,6,1365,right,28.351816,23.998785,9.998259,16.998498,34.997298,44.996742,141,22:45
Sunday,6,1380,left,13.560033,6.999476,0.999967,3.999299,10.999117,23.999862,141,23:00
Sunday,6,1380,right,24.381780,20.998935,7.999334,13.998730,26.999371,39.998938,141,23:00
Sunday,6,1395,left,17.807282,9.999328,1.999991,5.000024,18.998278,35.999335,141,23:15
Sunday,6,1395,right,24.069338,18.999136,6.999440,11.998655,26.998264,39.996526,141,23:15
Sunday,6,1410,left,15.395813,7.999335,1.999862,4.999497,14.998980,24.998719,141,23:30
Sunday,6,1410,right,21.296242,15.999463,5.999025,11.998564,23.997935,33.997060,141,23:30
Sunday,6,1425,left,12.921177,5.999951,1.999674,2.999791,12.999280,25.997476,141,23:45
Sunday,6,1425,right,17.637085,14.998910,4.999615,8.999502,20.990468,26.999751,141,23:45
